id,source_type,source,field_or_context,arabic_text,english_translation,treatment,translation_note
SMART-I18N-0534,frontend_admin_static,frontend/src/admin/pages/Dashboard.tsx:66,jsx,عرض الكل,View All,i18n-admin-ui,Proposed English copy for bilingual implementation; review brand/proper-name spelling before production.
SMART-I18N-0535,frontend_admin_static,frontend/src/admin/pages/Dashboard.tsx:174,jsx,فشل تحميل لوحة التحكم,Failed to Load Dashboard,i18n-admin-ui,Proposed English copy for bilingual implementation; review brand/proper-name spelling before production.
SMART-I18N-0536,frontend_admin_static,frontend/src/admin/pages/Dashboard.tsx:175,single,حدث خطأ أثناء تحميل البيانات,An error occurred while loading data,i18n-admin-ui,Proposed English copy for bilingual implementation; review brand/proper-name spelling before production.
SMART-I18N-0537,frontend_admin_static,frontend/src/admin/pages/Dashboard.tsx:175,jsx,{(error as Error)?.message || 'حدث خطأ أثناء تحميل البيانات'},{(error as Error)?.message || 'An error occurred while loading data'},i18n-admin-ui,Proposed English copy for bilingual implementation; review brand/proper-name spelling before production.
SMART-I18N-0538,frontend_admin_static,frontend/src/admin/pages/Dashboard.tsx:190 | frontend/src/admin/components/shared/DataTable.tsx:41,jsx | double,لا توجد بيانات,No Data Available,i18n-admin-ui,Proposed English copy for bilingual implementation; review brand/proper-name spelling before production.
SMART-I18N-0539,frontend_admin_static,frontend/src/admin/pages/Dashboard.tsx:191,jsx,لم يتم العثور على بيانات لوحة التحكم,No dashboard data was found,i18n-admin-ui,Proposed English copy for bilingual implementation; review brand/proper-name spelling before production.
SMART-I18N-0540,frontend_admin_static,frontend/src/admin/pages/Dashboard.tsx:199,single,خدمة غير نشطة,Inactive Service,i18n-admin-ui,Proposed English copy for bilingual implementation; review brand/proper-name spelling before production.
SMART-I18N-0541,frontend_admin_static,frontend/src/admin/pages/Dashboard.tsx:200,single,مشروع غير منشور,Unpublished Project,i18n-admin-ui,Proposed English copy for bilingual implementation; review brand/proper-name spelling before production.
SMART-I18N-0542,frontend_admin_static,frontend/src/admin/pages/Dashboard.tsx:201,single,مقالة مسودة,Draft Article,i18n-admin-ui,Proposed English copy for bilingual implementation; review brand/proper-name spelling before production.
SMART-I18N-0543,frontend_admin_static,frontend/src/admin/pages/Dashboard.tsx:202,single,مشروع بدون صورة غلاف,Project Without a Cover Image,i18n-admin-ui,Proposed English copy for bilingual implementation; review brand/proper-name spelling before production.
SMART-I18N-0544,frontend_admin_static,frontend/src/admin/pages/Dashboard.tsx:209 | frontend/src/admin/pages/Login.tsx:56 | frontend/src/admin/components/layout/Breadcrumb.tsx:5 | frontend/src/admin/components/layout/Sidebar.tsx:32 | frontend/src/admin/components/layout/Sidebar.tsx:82,jsx | double,لوحة التحكم,Dashboard,i18n-admin-ui,Proposed English copy for bilingual implementation; review brand/proper-name spelling before production.
SMART-I18N-0545,frontend_admin_static,frontend/src/admin/pages/Dashboard.tsx:210,jsx,مرحباً بك في لوحة تحكم Smart Agency,Welcome to the Smart Agency dashboard,i18n-admin-ui,Proposed English copy for bilingual implementation; review brand/proper-name spelling before production.
SMART-I18N-0546,frontend_admin_static,frontend/src/admin/pages/Dashboard.tsx:220 | frontend/src/admin/pages/projects/ProjectsList.tsx:219 | frontend/src/admin/components/layout/Breadcrumb.tsx:6 | frontend/src/admin/components/layout/Sidebar.tsx:33,double,المشاريع,Projects,i18n-admin-ui,Proposed English copy for bilingual implementation; review brand/proper-name spelling before production.
SMART-I18N-0547,frontend_admin_static,frontend/src/admin/pages/Dashboard.tsx:227 | frontend/src/admin/pages/services/ServicesList.tsx:57 | frontend/src/admin/components/layout/Sidebar.tsx:46,double,الخدمات,Services,i18n-admin-ui,Proposed English copy for bilingual implementation; review brand/proper-name spelling before production.
SMART-I18N-0548,frontend_admin_static,frontend/src/admin/pages/Dashboard.tsx:234 | frontend/src/admin/pages/leads/LeadsList.tsx:372 | frontend/src/admin/components/layout/Breadcrumb.tsx:8 | frontend/src/admin/components/layout/Sidebar.tsx:36,double,العملاء المحتملين,Leads,i18n-admin-ui,Proposed English copy for bilingual implementation; review brand/proper-name spelling before production.
SMART-I18N-0549,frontend_admin_static,frontend/src/admin/pages/Dashboard.tsx:241,double,المقالات,Articles,i18n-admin-ui,Proposed English copy for bilingual implementation; review brand/proper-name spelling before production.
SMART-I18N-0550,frontend_admin_static,frontend/src/admin/pages/Dashboard.tsx:274,jsx,لا يوجد عملاء محتملين حتى الآن,No leads yet,i18n-admin-ui,Proposed English copy for bilingual implementation; review brand/proper-name spelling before production.
SMART-I18N-0551,frontend_admin_static,frontend/src/admin/pages/Dashboard.tsx:302,jsx,كل شيء على ما يرام!,Everything looks good!,i18n-admin-ui,Proposed English copy for bilingual implementation; review brand/proper-name spelling before production.
SMART-I18N-0552,frontend_admin_static,frontend/src/admin/pages/Dashboard.tsx:310,jsx,إجراءات سريعة,Quick Actions,i18n-admin-ui,Proposed English copy for bilingual implementation; review brand/proper-name spelling before production.
SMART-I18N-0553,frontend_admin_static,frontend/src/admin/pages/Dashboard.tsx:320 | frontend/src/admin/pages/projects/ProjectForm.tsx:296,jsx | double,إضافة مشروع جديد,Add New Project,i18n-admin-ui,Proposed English copy for bilingual implementation; review brand/proper-name spelling before production.
SMART-I18N-0554,frontend_admin_static,frontend/src/admin/pages/Dashboard.tsx:331 | frontend/src/admin/pages/blog/BlogForm.tsx:215,jsx | double,كتابة مقال جديد,Write New Article,i18n-admin-ui,Proposed English copy for bilingual implementation; review brand/proper-name spelling before production.
SMART-I18N-0555,frontend_admin_static,frontend/src/admin/pages/Dashboard.tsx:342,jsx,إدارة الخدمات,Manage Services,i18n-admin-ui,Proposed English copy for bilingual implementation; review brand/proper-name spelling before production.
SMART-I18N-0556,frontend_admin_static,frontend/src/admin/pages/Dashboard.tsx:354,jsx,عرض الموقع,View Website,i18n-admin-ui,Proposed English copy for bilingual implementation; review brand/proper-name spelling before production.
SMART-I18N-0557,frontend_admin_static,frontend/src/admin/pages/Login.tsx:15 | frontend/src/admin/pages/team/TeamForm.tsx:35,single | double,البريد الإلكتروني غير صالح,Invalid email address,i18n-admin-ui,Proposed English copy for bilingual implementation; review brand/proper-name spelling before production.
SMART-I18N-0558,frontend_admin_static,frontend/src/admin/pages/Login.tsx:16,single,كلمة المرور يجب أن تكون 6 أحرف على الأقل,Password must be at least 6 characters,i18n-admin-ui,Proposed English copy for bilingual implementation; review brand/proper-name spelling before production.
SMART-I18N-0559,frontend_admin_static,frontend/src/admin/pages/Login.tsx:37,single,تم تسجيل الدخول بنجاح,Logged in successfully,i18n-admin-ui,Proposed English copy for bilingual implementation; review brand/proper-name spelling before production.
SMART-I18N-0560,frontend_admin_static,frontend/src/admin/pages/Login.tsx:40,single,البريد الإلكتروني أو كلمة المرور غير صحيحة,Incorrect email or password,i18n-admin-ui,Proposed English copy for bilingual implementation; review brand/proper-name spelling before production.
SMART-I18N-0561,frontend_admin_static,frontend/src/admin/pages/Login.tsx:65 | frontend/src/admin/pages/team/TeamForm.tsx:246 | frontend/src/admin/pages/leads/LeadsList.tsx:483,jsx,البريد الإلكتروني,Email Address,i18n-admin-ui,Proposed English copy for bilingual implementation; review brand/proper-name spelling before production.
SMART-I18N-0562,frontend_admin_static,frontend/src/admin/pages/Login.tsx:83,jsx,كلمة المرور,Password,i18n-admin-ui,Proposed English copy for bilingual implementation; review brand/proper-name spelling before production.
SMART-I18N-0563,frontend_admin_static,frontend/src/admin/pages/Login.tsx:118,single,تسجيل الدخول,Log In,i18n-admin-ui,Proposed English copy for bilingual implementation; review brand/proper-name spelling before production.
SMART-I18N-0564,frontend_admin_static,frontend/src/admin/pages/hosting/HostingForm.tsx:21 | frontend/src/admin/pages/team/TeamForm.tsx:27 | frontend/src/admin/pages/technologies/TechnologyForm.tsx:26,single | double,الاسم مطلوب,Name is required,i18n-admin-ui,Proposed English copy for bilingual implementation; review brand/proper-name spelling before production.
SMART-I18N-0565,frontend_admin_static,frontend/src/admin/pages/hosting/HostingForm.tsx:69,single,تم تحديث الباقة,Package updated successfully,i18n-admin-ui,Proposed English copy for bilingual implementation; review brand/proper-name spelling before production.
SMART-I18N-0566,frontend_admin_static,frontend/src/admin/pages/hosting/HostingForm.tsx:69,single,تم إضافة الباقة,Package added successfully,i18n-admin-ui,Proposed English copy for bilingual implementation; review brand/proper-name spelling before production.
SMART-I18N-0567,frontend_admin_static,frontend/src/admin/pages/hosting/HostingForm.tsx:72 | frontend/src/admin/pages/about/AboutForm.tsx:241 | frontend/src/admin/pages/technologies/TechnologyForm.tsx:105 | frontend/src/admin/pages/company-info/CompanyInfoForm.tsx:115 | frontend/src/admin/pages/project-categories/ProjectCategoryForm.tsx:83 | frontend/src/admin/pages/services/ServiceForm.tsx:95 | frontend/src/admin/pages/faqs/FAQForm.tsx:57,single | double,فشل التحديث,Update failed,i18n-admin-ui,Proposed English copy for bilingual implementation; review brand/proper-name spelling before production.
SMART-I18N-0568,frontend_admin_static,frontend/src/admin/pages/hosting/HostingForm.tsx:72 | frontend/src/admin/pages/technologies/TechnologyForm.tsx:105 | frontend/src/admin/pages/project-categories/ProjectCategoryForm.tsx:83 | frontend/src/admin/pages/services/ServiceForm.tsx:95 | frontend/src/admin/pages/faqs/FAQForm.tsx:57,single | double,فشل الإضافة,Add failed,i18n-admin-ui,Proposed English copy for bilingual implementation; review brand/proper-name spelling before production.
SMART-I18N-0569,frontend_admin_static,frontend/src/admin/pages/hosting/HostingForm.tsx:79,single,تعديل الباقة,Edit Package,i18n-admin-ui,Proposed English copy for bilingual implementation; review brand/proper-name spelling before production.
SMART-I18N-0570,frontend_admin_static,frontend/src/admin/pages/hosting/HostingForm.tsx:79,single,إضافة باقة جديدة,Add New Package,i18n-admin-ui,Proposed English copy for bilingual implementation; review brand/proper-name spelling before production.
SMART-I18N-0571,frontend_admin_static,frontend/src/admin/pages/hosting/HostingForm.tsx:84,jsx,معلومات الباقة,Package Information,i18n-admin-ui,Proposed English copy for bilingual implementation; review brand/proper-name spelling before production.
SMART-I18N-0572,frontend_admin_static,frontend/src/admin/pages/hosting/HostingForm.tsx:88,jsx,الاسم *,Name *,i18n-admin-ui,Proposed English copy for bilingual implementation; review brand/proper-name spelling before production.
SMART-I18N-0573,frontend_admin_static,frontend/src/admin/pages/hosting/HostingForm.tsx:93 | frontend/src/admin/pages/blog/BlogList.tsx:72 | frontend/src/admin/pages/blog/BlogList.tsx:168 | frontend/src/admin/pages/projects/ProjectsList.tsx:106 | frontend/src/admin/pages/faqs/FAQForm.tsx:76,jsx | double | single,التصنيف,Category,i18n-admin-ui,Proposed English copy for bilingual implementation; review brand/proper-name spelling before production.
SMART-I18N-0574,frontend_admin_static,frontend/src/admin/pages/hosting/HostingForm.tsx:105 | frontend/src/admin/pages/about/AboutForm.tsx:345 | frontend/src/admin/pages/about/AboutForm.tsx:509 | frontend/src/admin/pages/about/AboutForm.tsx:629 | frontend/src/admin/pages/project-categories/ProjectCategoryForm.tsx:140,jsx,الوصف,Description,i18n-admin-ui,Proposed English copy for bilingual implementation; review brand/proper-name spelling before production.
SMART-I18N-0575,frontend_admin_static,frontend/src/admin/pages/hosting/HostingForm.tsx:110,jsx,السعر *,Price *,i18n-admin-ui,Proposed English copy for bilingual implementation; review brand/proper-name spelling before production.
SMART-I18N-0576,frontend_admin_static,frontend/src/admin/pages/hosting/HostingForm.tsx:114,jsx,العملة,Currency,i18n-admin-ui,Proposed English copy for bilingual implementation; review brand/proper-name spelling before production.
SMART-I18N-0577,frontend_admin_static,frontend/src/admin/pages/hosting/HostingForm.tsx:118,jsx,دورة الفوترة,Billing Cycle,i18n-admin-ui,Proposed English copy for bilingual implementation; review brand/proper-name spelling before production.
SMART-I18N-0578,frontend_admin_static,frontend/src/admin/pages/hosting/HostingForm.tsx:132,jsx,المواصفات التقنية,Technical Specifications,i18n-admin-ui,Proposed English copy for bilingual implementation; review brand/proper-name spelling before production.
SMART-I18N-0579,frontend_admin_static,frontend/src/admin/pages/hosting/HostingForm.tsx:134,double,>المساحة</Label><Input {...register('storage')} className=,>Storage</Label><Input {...register('storage')} className=,i18n-admin-ui,Proposed English copy for bilingual implementation; review brand/proper-name spelling before production.
SMART-I18N-0580,frontend_admin_static,frontend/src/admin/pages/hosting/HostingForm.tsx:134,jsx,المساحة,Storage,i18n-admin-ui,Proposed English copy for bilingual implementation; review brand/proper-name spelling before production.
SMART-I18N-0581,frontend_admin_static,frontend/src/admin/pages/hosting/HostingForm.tsx:135,double,>الباندويث</Label><Input {...register('bandwidth')} className=,>Bandwidth</Label><Input {...register('bandwidth')} className=,i18n-admin-ui,Proposed English copy for bilingual implementation; review brand/proper-name spelling before production.
SMART-I18N-0582,frontend_admin_static,frontend/src/admin/pages/hosting/HostingForm.tsx:135,jsx,الباندويث,Bandwidth,i18n-admin-ui,Proposed English copy for bilingual implementation; review brand/proper-name spelling before production.
SMART-I18N-0583,frontend_admin_static,frontend/src/admin/pages/hosting/HostingForm.tsx:138,double,>النطاقات</Label><Input {...register('domains')} className=,>Domains</Label><Input {...register('domains')} className=,i18n-admin-ui,Proposed English copy for bilingual implementation; review brand/proper-name spelling before production.
SMART-I18N-0584,frontend_admin_static,frontend/src/admin/pages/hosting/HostingForm.tsx:138,jsx,النطاقات,Domains,i18n-admin-ui,Proposed English copy for bilingual implementation; review brand/proper-name spelling before production.
SMART-I18N-0585,frontend_admin_static,frontend/src/admin/pages/hosting/HostingForm.tsx:143,jsx,الميزات,Features,i18n-admin-ui,Proposed English copy for bilingual implementation; review brand/proper-name spelling before production.
SMART-I18N-0586,frontend_admin_static,frontend/src/admin/pages/hosting/HostingForm.tsx:144 | frontend/src/admin/pages/hosting/HostingForm.tsx:171 | frontend/src/admin/pages/technologies/TechnologyForm.tsx:269 | frontend/src/admin/pages/project-categories/ProjectCategoryForm.tsx:205 | frontend/src/admin/pages/services/ServiceForm.tsx:282 | frontend/src/admin/pages/faqs/FAQForm.tsx:95,jsx | single | double,إضافة,Add,i18n-admin-ui,Proposed English copy for bilingual implementation; review brand/proper-name spelling before production.
SMART-I18N-0587,frontend_admin_static,frontend/src/admin/pages/hosting/HostingForm.tsx:149,double,ميزة...,Feature...,i18n-admin-ui,Proposed English copy for bilingual implementation; review brand/proper-name spelling before production.
SMART-I18N-0588,frontend_admin_static,frontend/src/admin/pages/hosting/HostingForm.tsx:158 | frontend/src/admin/pages/testimonials/TestimonialForm.tsx:142 | frontend/src/admin/pages/team/TeamForm.tsx:400,jsx,الإعدادات,Settings,i18n-admin-ui,Proposed English copy for bilingual implementation; review brand/proper-name spelling before production.
SMART-I18N-0589,frontend_admin_static,frontend/src/admin/pages/hosting/HostingForm.tsx:160 | frontend/src/admin/pages/hosting/HostingList.tsx:78 | frontend/src/admin/pages/testimonials/TestimonialForm.tsx:166 | frontend/src/admin/pages/testimonials/TestimonialsList.tsx:95 | frontend/src/admin/pages/team/TeamForm.tsx:408 | frontend/src/admin/pages/project-categories/ProjectCategoriesList.tsx:107 | frontend/src/admin/pages/project-categories/ProjectCategoryForm.tsx:177 | frontend/src/admin/pages/services/ServiceForm.tsx:254 | frontend/src/admin/pages/services/ServicesList.tsx:111 | frontend/src/admin/pages/services/ServicesList.tsx:137 | frontend/src/admin/pages/faqs/FAQForm.tsx:89,jsx | single,نشط,Active,i18n-admin-ui,Proposed English copy for bilingual implementation; review brand/proper-name spelling before production.
SMART-I18N-0590,frontend_admin_static,frontend/src/admin/pages/hosting/HostingForm.tsx:161 | frontend/src/admin/pages/hosting/HostingList.tsx:46,jsx,شائعة,Popular,i18n-admin-ui,Proposed English copy for bilingual implementation; review brand/proper-name spelling before production.
SMART-I18N-0591,frontend_admin_static,frontend/src/admin/pages/hosting/HostingForm.tsx:162 | frontend/src/admin/pages/hosting/HostingList.tsx:47,jsx,أفضل قيمة,Best Value,i18n-admin-ui,Proposed English copy for bilingual implementation; review brand/proper-name spelling before production.
SMART-I18N-0592,frontend_admin_static,frontend/src/admin/pages/hosting/HostingForm.tsx:163,double,>ترتيب العرض</Label><Input type=,>Display Order</Label><Input type=,i18n-admin-ui,Proposed English copy for bilingual implementation; review brand/proper-name spelling before production.
SMART-I18N-0593,frontend_admin_static,frontend/src/admin/pages/hosting/HostingForm.tsx:163 | frontend/src/admin/pages/testimonials/TestimonialForm.tsx:169 | frontend/src/admin/pages/team/TeamForm.tsx:450 | frontend/src/admin/pages/project-categories/ProjectCategoryForm.tsx:151 | frontend/src/admin/pages/services/ServiceForm.tsx:159 | frontend/src/admin/pages/faqs/FAQForm.tsx:80,jsx,ترتيب العرض,Display Order,i18n-admin-ui,Proposed English copy for bilingual implementation; review brand/proper-name spelling before production.
SMART-I18N-0594,frontend_admin_static,frontend/src/admin/pages/hosting/HostingForm.tsx:169 | frontend/src/admin/pages/testimonials/TestimonialForm.tsx:177 | frontend/src/admin/pages/faqs/FAQForm.tsx:93 | frontend/src/admin/components/shared/ConfirmDialog.tsx:30,jsx | single,إلغاء,Cancel,i18n-admin-ui,Proposed English copy for bilingual implementation; review brand/proper-name spelling before production.
SMART-I18N-0595,frontend_admin_static,frontend/src/admin/pages/hosting/HostingForm.tsx:171 | frontend/src/admin/pages/technologies/TechnologyForm.tsx:267 | frontend/src/admin/pages/project-categories/ProjectCategoryForm.tsx:203 | frontend/src/admin/pages/services/ServiceForm.tsx:280 | frontend/src/admin/pages/faqs/FAQForm.tsx:95,single | double,تحديث,Update,i18n-admin-ui,Proposed English copy for bilingual implementation; review brand/proper-name spelling before production.
SMART-I18N-0596,frontend_admin_static,frontend/src/admin/pages/hosting/HostingForm.tsx:171 | frontend/src/admin/pages/testimonials/TestimonialForm.tsx:179 | frontend/src/admin/pages/faqs/FAQForm.tsx:95,jsx,جاري الحفظ...,Saving...,i18n-admin-ui,Proposed English copy for bilingual implementation; review brand/proper-name spelling before production.
SMART-I18N-0597,frontend_admin_static,frontend/src/admin/pages/hosting/HostingList.tsx:28,single,تم حذف الباقة بنجاح,Package deleted successfully,i18n-admin-ui,Proposed English copy for bilingual implementation; review brand/proper-name spelling before production.
SMART-I18N-0598,frontend_admin_static,frontend/src/admin/pages/hosting/HostingList.tsx:31,single,فشل حذف الباقة,Failed to delete package,i18n-admin-ui,Proposed English copy for bilingual implementation; review brand/proper-name spelling before production.
SMART-I18N-0599,frontend_admin_static,frontend/src/admin/pages/hosting/HostingList.tsx:37,single,الباقة,Package,i18n-admin-ui,Proposed English copy for bilingual implementation; review brand/proper-name spelling before production.
SMART-I18N-0600,frontend_admin_static,frontend/src/admin/pages/hosting/HostingList.tsx:56,single,السعر,Price,i18n-admin-ui,Proposed English copy for bilingual implementation; review brand/proper-name spelling before production.
SMART-I18N-0601,frontend_admin_static,frontend/src/admin/pages/hosting/HostingList.tsx:66,single,المواصفات,Specifications,i18n-admin-ui,Proposed English copy for bilingual implementation; review brand/proper-name spelling before production.
SMART-I18N-0602,frontend_admin_static,frontend/src/admin/pages/hosting/HostingList.tsx:76 | frontend/src/admin/pages/blog/BlogList.tsx:84 | frontend/src/admin/pages/testimonials/TestimonialsList.tsx:91 | frontend/src/admin/pages/team/TeamList.tsx:89 | frontend/src/admin/pages/leads/LeadsList.tsx:308 | frontend/src/admin/pages/projects/ProjectsList.tsx:139,single | double,الحالة,Status,i18n-admin-ui,Proposed English copy for bilingual implementation; review brand/proper-name spelling before production.
SMART-I18N-0603,frontend_admin_static,frontend/src/admin/pages/hosting/HostingList.tsx:78,double,>نشط</Badge> : <Badge variant=,>Active</Badge> : <Badge variant=,i18n-admin-ui,Proposed English copy for bilingual implementation; review brand/proper-name spelling before production.
SMART-I18N-0604,frontend_admin_static,frontend/src/admin/pages/hosting/HostingList.tsx:78 | frontend/src/admin/pages/testimonials/TestimonialsList.tsx:97 | frontend/src/admin/pages/project-categories/ProjectCategoriesList.tsx:107 | frontend/src/admin/pages/services/ServicesList.tsx:111 | frontend/src/admin/pages/services/ServicesList.tsx:137 | frontend/src/admin/pages/faqs/FAQsList.tsx:74,jsx | single,غير نشط,Inactive,i18n-admin-ui,Proposed English copy for bilingual implementation; review brand/proper-name spelling before production.
SMART-I18N-0605,frontend_admin_static,frontend/src/admin/pages/hosting/HostingList.tsx:83 | frontend/src/admin/pages/blog/BlogList.tsx:133 | frontend/src/admin/pages/testimonials/TestimonialsList.tsx:105 | frontend/src/admin/pages/team/TeamList.tsx:124 | frontend/src/admin/pages/leads/LeadsList.tsx:339 | frontend/src/admin/pages/projects/ProjectsList.tsx:168,single | double,الإجراءات,Actions,i18n-admin-ui,Proposed English copy for bilingual implementation; review brand/proper-name spelling before production.
SMART-I18N-0606,frontend_admin_static,frontend/src/admin/pages/hosting/HostingList.tsx:95,double,فشل تحميل باقات الاستضافة,Failed to load hosting packages,i18n-admin-ui,Proposed English copy for bilingual implementation; review brand/proper-name spelling before production.
SMART-I18N-0607,frontend_admin_static,frontend/src/admin/pages/hosting/HostingList.tsx:99 | frontend/src/admin/components/layout/Breadcrumb.tsx:12 | frontend/src/admin/components/layout/Sidebar.tsx:44,double,باقات الاستضافة,Hosting Packages,i18n-admin-ui,Proposed English copy for bilingual implementation; review brand/proper-name spelling before production.
SMART-I18N-0608,frontend_admin_static,frontend/src/admin/pages/hosting/HostingList.tsx:99,double,إدارة باقات وخطط الاستضافة,Manage hosting packages and plans,i18n-admin-ui,Proposed English copy for bilingual implementation; review brand/proper-name spelling before production.
SMART-I18N-0609,frontend_admin_static,frontend/src/admin/pages/hosting/HostingList.tsx:99,double,إضافة باقة,Add Package,i18n-admin-ui,Proposed English copy for bilingual implementation; review brand/proper-name spelling before production.
SMART-I18N-0610,frontend_admin_static,frontend/src/admin/pages/hosting/HostingList.tsx:100,double,لا توجد باقات,No packages found,i18n-admin-ui,Proposed English copy for bilingual implementation; review brand/proper-name spelling before production.
SMART-I18N-0611,frontend_admin_static,frontend/src/admin/pages/hosting/HostingList.tsx:101,double,حذف الباقة,Delete Package,i18n-admin-ui,Proposed English copy for bilingual implementation; review brand/proper-name spelling before production.
SMART-I18N-0612,frontend_admin_static,frontend/src/admin/pages/hosting/HostingList.tsx:101,double,هل أنت متأكد من حذف هذه الباقة؟,Are you sure you want to delete this package?,i18n-admin-ui,Proposed English copy for bilingual implementation; review brand/proper-name spelling before production.
SMART-I18N-0613,frontend_admin_static,frontend/src/admin/pages/hosting/HostingList.tsx:101 | frontend/src/admin/pages/blog/BlogList.tsx:191 | frontend/src/admin/pages/testimonials/TestimonialsList.tsx:127 | frontend/src/admin/pages/team/TeamList.tsx:194 | frontend/src/admin/pages/leads/LeadsList.tsx:727 | frontend/src/admin/pages/technologies/TechnologiesList.tsx:145 | frontend/src/admin/pages/projects/ProjectsList.tsx:204 | frontend/src/admin/pages/projects/ProjectsList.tsx:304 | frontend/src/admin/pages/project-categories/ProjectCategoriesList.tsx:151 | frontend/src/admin/pages/services/ServicesList.tsx:200 | frontend/src/admin/pages/faqs/FAQsList.tsx:100,double,حذف,Delete,i18n-admin-ui,Proposed English copy for bilingual implementation; review brand/proper-name spelling before production.
SMART-I18N-0614,frontend_admin_static,frontend/src/admin/pages/blog/BlogForm.tsx:37 | frontend/src/admin/pages/about/AboutForm.tsx:42 | frontend/src/admin/pages/about/AboutForm.tsx:50 | frontend/src/admin/pages/about/AboutForm.tsx:59 | frontend/src/admin/pages/projects/ProjectForm.tsx:32 | frontend/src/admin/pages/company-info/CompanyInfoForm.tsx:16 | frontend/src/admin/pages/services/ServiceForm.tsx:20,double,العنوان مطلوب,Title is required,i18n-admin-ui,Proposed English copy for bilingual implementation; review brand/proper-name spelling before production.
SMART-I18N-0615,frontend_admin_static,frontend/src/admin/pages/blog/BlogForm.tsx:38 | frontend/src/admin/pages/projects/ProjectForm.tsx:33,double,الرابط مطلوب,Slug is required,i18n-admin-ui,Proposed English copy for bilingual implementation; review brand/proper-name spelling before production.
SMART-I18N-0616,frontend_admin_static,frontend/src/admin/pages/blog/BlogForm.tsx:39 | frontend/src/admin/pages/testimonials/TestimonialForm.tsx:26,double | single,المحتوى مطلوب,Content is required,i18n-admin-ui,Proposed English copy for bilingual implementation; review brand/proper-name spelling before production.
SMART-I18N-0617,frontend_admin_static,frontend/src/admin/pages/blog/BlogForm.tsx:187,double,تم تحديث المقال بنجاح,Article updated successfully,i18n-admin-ui,Proposed English copy for bilingual implementation; review brand/proper-name spelling before production.
SMART-I18N-0618,frontend_admin_static,frontend/src/admin/pages/blog/BlogForm.tsx:187,double,تم إنشاء المقال بنجاح,Article created successfully,i18n-admin-ui,Proposed English copy for bilingual implementation; review brand/proper-name spelling before production.
SMART-I18N-0619,frontend_admin_static,frontend/src/admin/pages/blog/BlogForm.tsx:190,double,فشل تحديث المقال,Failed to update article,i18n-admin-ui,Proposed English copy for bilingual implementation; review brand/proper-name spelling before production.
SMART-I18N-0620,frontend_admin_static,frontend/src/admin/pages/blog/BlogForm.tsx:190,double,فشل إنشاء المقال,Failed to create article,i18n-admin-ui,Proposed English copy for bilingual implementation; review brand/proper-name spelling before production.
SMART-I18N-0621,frontend_admin_static,frontend/src/admin/pages/blog/BlogForm.tsx:215,double,تعديل المقال,Edit Article,i18n-admin-ui,Proposed English copy for bilingual implementation; review brand/proper-name spelling before production.
SMART-I18N-0622,frontend_admin_static,frontend/src/admin/pages/blog/BlogForm.tsx:220 | frontend/src/admin/pages/testimonials/TestimonialsList.tsx:57 | frontend/src/admin/pages/leads/LeadsList.tsx:562,jsx | single,المحتوى,Content,i18n-admin-ui,Proposed English copy for bilingual implementation; review brand/proper-name spelling before production.
SMART-I18N-0623,frontend_admin_static,frontend/src/admin/pages/blog/BlogForm.tsx:221 | frontend/src/admin/pages/blog/BlogForm.tsx:255,jsx,التصنيف والوسوم,Category and Tags,i18n-admin-ui,Proposed English copy for bilingual implementation; review brand/proper-name spelling before production.
SMART-I18N-0624,frontend_admin_static,frontend/src/admin/pages/blog/BlogForm.tsx:222 | frontend/src/admin/pages/blog/BlogForm.tsx:276,jsx,الغلاف والكاتب,Cover and Author,i18n-admin-ui,Proposed English copy for bilingual implementation; review brand/proper-name spelling before production.
SMART-I18N-0625,frontend_admin_static,frontend/src/admin/pages/blog/BlogForm.tsx:224,jsx,CTA والمعاينة,CTA and Preview,i18n-admin-ui,Proposed English copy for bilingual implementation; review brand/proper-name spelling before production.
SMART-I18N-0626,frontend_admin_static,frontend/src/admin/pages/blog/BlogForm.tsx:225,jsx,النشر,Publishing,i18n-admin-ui,Proposed English copy for bilingual implementation; review brand/proper-name spelling before production.
SMART-I18N-0627,frontend_admin_static,frontend/src/admin/pages/blog/BlogForm.tsx:230,jsx,معلومات المقال,Article Information,i18n-admin-ui,Proposed English copy for bilingual implementation; review brand/proper-name spelling before production.
SMART-I18N-0628,frontend_admin_static,frontend/src/admin/pages/blog/BlogForm.tsx:233 | frontend/src/admin/pages/about/AboutForm.tsx:401 | frontend/src/admin/pages/about/AboutForm.tsx:447 | frontend/src/admin/pages/about/AboutForm.tsx:555 | frontend/src/admin/pages/about/AboutForm.tsx:601 | frontend/src/admin/pages/about/AboutForm.tsx:665 | frontend/src/admin/pages/company-info/CompanyInfoForm.tsx:139 | frontend/src/admin/pages/services/ServiceForm.tsx:138,double | jsx,العنوان *,Title *,i18n-admin-ui,Proposed English copy for bilingual implementation; review brand/proper-name spelling before production.
SMART-I18N-0629,frontend_admin_static,frontend/src/admin/pages/blog/BlogForm.tsx:236,template,المقتطف (${excerpt.length}/160),Excerpt (${excerpt.length}/160),i18n-admin-ui,Proposed English copy for bilingual implementation; review brand/proper-name spelling before production.
SMART-I18N-0630,frontend_admin_static,frontend/src/admin/pages/blog/BlogForm.tsx:238,jsx,يفضل ألا يتجاوز المقتطف 160 حرفاً.,It is recommended to keep the excerpt under 160 characters.,i18n-admin-ui,Proposed English copy for bilingual implementation; review brand/proper-name spelling before production.
SMART-I18N-0631,frontend_admin_static,frontend/src/admin/pages/blog/BlogForm.tsx:240,double,نقاط الملخص,Summary Points,i18n-admin-ui,Proposed English copy for bilingual implementation; review brand/proper-name spelling before production.
SMART-I18N-0632,frontend_admin_static,frontend/src/admin/pages/blog/BlogForm.tsx:240,double,أضف نقطة واضغط Enter,Add a point and press Enter,i18n-admin-ui,Proposed English copy for bilingual implementation; review brand/proper-name spelling before production.
SMART-I18N-0633,frontend_admin_static,frontend/src/admin/pages/blog/BlogForm.tsx:245,jsx,محتوى المقال *,Article Content *,i18n-admin-ui,Proposed English copy for bilingual implementation; review brand/proper-name spelling before production.
SMART-I18N-0634,frontend_admin_static,frontend/src/admin/pages/blog/BlogForm.tsx:247,double,ابدأ كتابة المقال...,Start writing the article...,i18n-admin-ui,Proposed English copy for bilingual implementation; review brand/proper-name spelling before production.
SMART-I18N-0635,frontend_admin_static,frontend/src/admin/pages/blog/BlogForm.tsx:259,double,نوع المحتوى,Content Type,i18n-admin-ui,Proposed English copy for bilingual implementation; review brand/proper-name spelling before production.
SMART-I18N-0636,frontend_admin_static,frontend/src/admin/pages/blog/BlogForm.tsx:261 | frontend/src/admin/pages/blog/BlogList.tsx:171,jsx,مقال,Article,i18n-admin-ui,Proposed English copy for bilingual implementation; review brand/proper-name spelling before production.
SMART-I18N-0637,frontend_admin_static,frontend/src/admin/pages/blog/BlogForm.tsx:262,jsx,دليل عملي,Practical Guide,i18n-admin-ui,Proposed English copy for bilingual implementation; review brand/proper-name spelling before production.
SMART-I18N-0638,frontend_admin_static,frontend/src/admin/pages/blog/BlogForm.tsx:263 | frontend/src/admin/pages/blog/BlogList.tsx:173 | frontend/src/admin/components/shared/RichTextEditor.tsx:87,jsx | double,دراسة حالة,Case Study,i18n-admin-ui,Proposed English copy for bilingual implementation; review brand/proper-name spelling before production.
SMART-I18N-0639,frontend_admin_static,frontend/src/admin/pages/blog/BlogForm.tsx:264,jsx,رؤية تقنية,Technical Insight,i18n-admin-ui,Proposed English copy for bilingual implementation; review brand/proper-name spelling before production.
SMART-I18N-0640,frontend_admin_static,frontend/src/admin/pages/blog/BlogForm.tsx:265 | frontend/src/admin/pages/blog/BlogList.tsx:175,jsx,خبر,News,i18n-admin-ui,Proposed English copy for bilingual implementation; review brand/proper-name spelling before production.
SMART-I18N-0641,frontend_admin_static,frontend/src/admin/pages/blog/BlogForm.tsx:269,double,الوسوم,Tags,i18n-admin-ui,Proposed English copy for bilingual implementation; review brand/proper-name spelling before production.
SMART-I18N-0642,frontend_admin_static,frontend/src/admin/pages/blog/BlogForm.tsx:269,double,أضف وسم واضغط Enter,Add a tag and press Enter,i18n-admin-ui,Proposed English copy for bilingual implementation; review brand/proper-name spelling before production.
SMART-I18N-0643,frontend_admin_static,frontend/src/admin/pages/blog/BlogForm.tsx:279,double,Alt لصورة الغلاف,Cover Image Alt Text,i18n-admin-ui,Proposed English copy for bilingual implementation; review brand/proper-name spelling before production.
SMART-I18N-0644,frontend_admin_static,frontend/src/admin/pages/blog/BlogForm.tsx:281,double,اسم الكاتب,Author Name,i18n-admin-ui,Proposed English copy for bilingual implementation; review brand/proper-name spelling before production.
SMART-I18N-0645,frontend_admin_static,frontend/src/admin/pages/blog/BlogForm.tsx:282,double,دور الكاتب,Author Role,i18n-admin-ui,Proposed English copy for bilingual implementation; review brand/proper-name spelling before production.
SMART-I18N-0646,frontend_admin_static,frontend/src/admin/pages/blog/BlogForm.tsx:283,double,صورة الكاتب,Author Image,i18n-admin-ui,Proposed English copy for bilingual implementation; review brand/proper-name spelling before production.
SMART-I18N-0647,frontend_admin_static,frontend/src/admin/pages/blog/BlogForm.tsx:291,jsx,إعدادات SEO المتقدمة,Advanced SEO Settings,i18n-admin-ui,Proposed English copy for bilingual implementation; review brand/proper-name spelling before production.
SMART-I18N-0648,frontend_admin_static,frontend/src/admin/pages/blog/BlogForm.tsx:298,double,أضف كلمة واضغط Enter,Add a keyword and press Enter,i18n-admin-ui,Proposed English copy for bilingual implementation; review brand/proper-name spelling before production.
SMART-I18N-0649,frontend_admin_static,frontend/src/admin/pages/blog/BlogForm.tsx:311,double,عنوان المقال,Article Title,i18n-admin-ui,Proposed English copy for bilingual implementation; review brand/proper-name spelling before production.
SMART-I18N-0650,frontend_admin_static,frontend/src/admin/pages/blog/BlogForm.tsx:311,double,وصف مختصر يظهر في نتائج البحث.,A short description shown in search results.,i18n-admin-ui,Proposed English copy for bilingual implementation; review brand/proper-name spelling before production.
SMART-I18N-0651,frontend_admin_static,frontend/src/admin/pages/blog/BlogForm.tsx:318,jsx,CTA ومعاينة المقال,Article CTA and Preview,i18n-admin-ui,Proposed English copy for bilingual implementation; review brand/proper-name spelling before production.
SMART-I18N-0652,frontend_admin_static,frontend/src/admin/pages/blog/BlogForm.tsx:336,jsx,إعدادات النشر,Publishing Settings,i18n-admin-ui,Proposed English copy for bilingual implementation; review brand/proper-name spelling before production.
SMART-I18N-0653,frontend_admin_static,frontend/src/admin/pages/blog/BlogForm.tsx:338 | frontend/src/admin/pages/blog/BlogList.tsx:88 | frontend/src/admin/pages/blog/BlogList.tsx:165,double | jsx,منشور,Published,i18n-admin-ui,Proposed English copy for bilingual implementation; review brand/proper-name spelling before production.
SMART-I18N-0654,frontend_admin_static,frontend/src/admin/pages/blog/BlogForm.tsx:340,double,اختيار التحرير,Editor’s Pick,i18n-admin-ui,Proposed English copy for bilingual implementation; review brand/proper-name spelling before production.
SMART-I18N-0655,frontend_admin_static,frontend/src/admin/pages/blog/BlogForm.tsx:341,double,السماح بالأرشفة,Allow Indexing,i18n-admin-ui,Proposed English copy for bilingual implementation; review brand/proper-name spelling before production.
SMART-I18N-0656,frontend_admin_static,frontend/src/admin/pages/blog/BlogForm.tsx:355,double,تحديث المقال,Update Article,i18n-admin-ui,Proposed English copy for bilingual implementation; review brand/proper-name spelling before production.
SMART-I18N-0657,frontend_admin_static,frontend/src/admin/pages/blog/BlogForm.tsx:355,double,نشر المقال,Publish Article,i18n-admin-ui,Proposed English copy for bilingual implementation; review brand/proper-name spelling before production.
SMART-I18N-0658,frontend_admin_static,frontend/src/admin/pages/blog/BlogForm.tsx:355,double,حفظ كمسودة,Save as Draft,i18n-admin-ui,Proposed English copy for bilingual implementation; review brand/proper-name spelling before production.
SMART-I18N-0659,frontend_admin_static,frontend/src/admin/pages/blog/BlogList.tsx:43,double,تم حذف المقال بنجاح,Article deleted successfully,i18n-admin-ui,Proposed English copy for bilingual implementation; review brand/proper-name spelling before production.
SMART-I18N-0660,frontend_admin_static,frontend/src/admin/pages/blog/BlogList.tsx:46,double,فشل حذف المقال,Failed to delete article,i18n-admin-ui,Proposed English copy for bilingual implementation; review brand/proper-name spelling before production.
SMART-I18N-0661,frontend_admin_static,frontend/src/admin/pages/blog/BlogList.tsx:52,double,المقال,Article,i18n-admin-ui,Proposed English copy for bilingual implementation; review brand/proper-name spelling before production.
SMART-I18N-0662,frontend_admin_static,frontend/src/admin/pages/blog/BlogList.tsx:90 | frontend/src/admin/pages/blog/BlogList.tsx:166,jsx,مسودة,Draft,i18n-admin-ui,Proposed English copy for bilingual implementation; review brand/proper-name spelling before production.
SMART-I18N-0663,frontend_admin_static,frontend/src/admin/pages/blog/BlogList.tsx:103,double,القراءة,Reading Time,i18n-admin-ui,Proposed English copy for bilingual implementation; review brand/proper-name spelling before production.
SMART-I18N-0664,frontend_admin_static,frontend/src/admin/pages/blog/BlogList.tsx:107,jsx,{blog.readingTime || 3} د,{blog.readingTime || 3} min,i18n-admin-ui,Proposed English copy for bilingual implementation; review brand/proper-name spelling before production.
SMART-I18N-0665,frontend_admin_static,frontend/src/admin/pages/blog/BlogList.tsx:113,double,المشاهدات,Views,i18n-admin-ui,Proposed English copy for bilingual implementation; review brand/proper-name spelling before production.
SMART-I18N-0666,frontend_admin_static,frontend/src/admin/pages/blog/BlogList.tsx:123 | frontend/src/admin/pages/leads/LeadsList.tsx:329,double,التاريخ,Date,i18n-admin-ui,Proposed English copy for bilingual implementation; review brand/proper-name spelling before production.
SMART-I18N-0667,frontend_admin_static,frontend/src/admin/pages/blog/BlogList.tsx:155,double,فشل تحميل المقالات,Failed to load articles,i18n-admin-ui,Proposed English copy for bilingual implementation; review brand/proper-name spelling before production.
SMART-I18N-0668,frontend_admin_static,frontend/src/admin/pages/blog/BlogList.tsx:159 | frontend/src/admin/components/layout/Breadcrumb.tsx:7 | frontend/src/admin/components/layout/Sidebar.tsx:35,double,المدونة,Blog,i18n-admin-ui,Proposed English copy for bilingual implementation; review brand/proper-name spelling before production.
SMART-I18N-0669,frontend_admin_static,frontend/src/admin/pages/blog/BlogList.tsx:159,double,إدارة المقالات، المسودات، التصنيفات، والظهور التسويقي.,"Manage articles, drafts, categories, and promotional visibility.",i18n-admin-ui,Proposed English copy for bilingual implementation; review brand/proper-name spelling before production.
SMART-I18N-0670,frontend_admin_static,frontend/src/admin/pages/blog/BlogList.tsx:159,double,كتابة مقال,Write Article,i18n-admin-ui,Proposed English copy for bilingual implementation; review brand/proper-name spelling before production.
SMART-I18N-0671,frontend_admin_static,frontend/src/admin/pages/blog/BlogList.tsx:162,double,بحث في المقالات...,Search articles...,i18n-admin-ui,Proposed English copy for bilingual implementation; review brand/proper-name spelling before production.
SMART-I18N-0672,frontend_admin_static,frontend/src/admin/pages/blog/BlogList.tsx:164,jsx,كل الحالات,All Statuses,i18n-admin-ui,Proposed English copy for bilingual implementation; review brand/proper-name spelling before production.
SMART-I18N-0673,frontend_admin_static,frontend/src/admin/pages/blog/BlogList.tsx:170,jsx,كل الأنواع,All Types,i18n-admin-ui,Proposed English copy for bilingual implementation; review brand/proper-name spelling before production.
SMART-I18N-0674,frontend_admin_static,frontend/src/admin/pages/blog/BlogList.tsx:172,jsx,دليل,Guide,i18n-admin-ui,Proposed English copy for bilingual implementation; review brand/proper-name spelling before production.
SMART-I18N-0675,frontend_admin_static,frontend/src/admin/pages/blog/BlogList.tsx:174,jsx,رؤية,Insight,i18n-admin-ui,Proposed English copy for bilingual implementation; review brand/proper-name spelling before production.
SMART-I18N-0676,frontend_admin_static,frontend/src/admin/pages/blog/BlogList.tsx:178,jsx,كل المقالات,All Articles,i18n-admin-ui,Proposed English copy for bilingual implementation; review brand/proper-name spelling before production.
SMART-I18N-0677,frontend_admin_static,frontend/src/admin/pages/blog/BlogList.tsx:180,jsx,غير مميز,Not Featured,i18n-admin-ui,Proposed English copy for bilingual implementation; review brand/proper-name spelling before production.
SMART-I18N-0678,frontend_admin_static,frontend/src/admin/pages/blog/BlogList.tsx:184,double,لا توجد مقالات,No Articles Found,i18n-admin-ui,Proposed English copy for bilingual implementation; review brand/proper-name spelling before production.
SMART-I18N-0679,frontend_admin_static,frontend/src/admin/pages/blog/BlogList.tsx:189,double,حذف المقال,Delete Article,i18n-admin-ui,Proposed English copy for bilingual implementation; review brand/proper-name spelling before production.
SMART-I18N-0680,frontend_admin_static,frontend/src/admin/pages/blog/BlogList.tsx:190,double,هل أنت متأكد من حذف هذا المقال؟ لا يمكن التراجع عن هذا الإجراء.,Are you sure you want to delete this article? This action cannot be undone.,i18n-admin-ui,Proposed English copy for bilingual implementation; review brand/proper-name spelling before production.
SMART-I18N-0681,frontend_admin_static,frontend/src/admin/pages/about/AboutForm.tsx:20,double,عنوان قسم البطل مطلوب,Hero section title is required,i18n-admin-ui,Proposed English copy for bilingual implementation; review brand/proper-name spelling before production.
SMART-I18N-0682,frontend_admin_static,frontend/src/admin/pages/about/AboutForm.tsx:21,double,وصف قسم البطل مطلوب,Hero section description is required,i18n-admin-ui,Proposed English copy for bilingual implementation; review brand/proper-name spelling before production.
SMART-I18N-0683,frontend_admin_static,frontend/src/admin/pages/about/AboutForm.tsx:30,double,الرؤية مطلوبة,Vision is required,i18n-admin-ui,Proposed English copy for bilingual implementation; review brand/proper-name spelling before production.
SMART-I18N-0684,frontend_admin_static,frontend/src/admin/pages/about/AboutForm.tsx:31,double,الرسالة مطلوبة,Mission is required,i18n-admin-ui,Proposed English copy for bilingual implementation; review brand/proper-name spelling before production.
SMART-I18N-0685,frontend_admin_static,frontend/src/admin/pages/about/AboutForm.tsx:32,double,المنهجية مطلوبة,Approach is required,i18n-admin-ui,Proposed English copy for bilingual implementation; review brand/proper-name spelling before production.
SMART-I18N-0686,frontend_admin_static,frontend/src/admin/pages/about/AboutForm.tsx:41 | frontend/src/admin/pages/about/AboutForm.tsx:49 | frontend/src/admin/pages/about/AboutForm.tsx:66 | frontend/src/admin/pages/about/AboutForm.tsx:74,double,اسم الأيقونة مطلوب,Icon name is required,i18n-admin-ui,Proposed English copy for bilingual implementation; review brand/proper-name spelling before production.
SMART-I18N-0687,frontend_admin_static,frontend/src/admin/pages/about/AboutForm.tsx:43 | frontend/src/admin/pages/about/AboutForm.tsx:51 | frontend/src/admin/pages/about/AboutForm.tsx:60 | frontend/src/admin/pages/about/AboutForm.tsx:68,double,الوصف مطلوب,Description is required,i18n-admin-ui,Proposed English copy for bilingual implementation; review brand/proper-name spelling before production.
SMART-I18N-0688,frontend_admin_static,frontend/src/admin/pages/about/AboutForm.tsx:57,double,رقم المرحلة مطلوب,Step number is required,i18n-admin-ui,Proposed English copy for bilingual implementation; review brand/proper-name spelling before production.
SMART-I18N-0689,frontend_admin_static,frontend/src/admin/pages/about/AboutForm.tsx:67,double,عنوان المبدأ مطلوب,Principle title is required,i18n-admin-ui,Proposed English copy for bilingual implementation; review brand/proper-name spelling before production.
SMART-I18N-0690,frontend_admin_static,frontend/src/admin/pages/about/AboutForm.tsx:75,double,القيمة يجب أن تكون أكبر من أو تساوي 0,Value must be greater than or equal to 0,i18n-admin-ui,Proposed English copy for bilingual implementation; review brand/proper-name spelling before production.
SMART-I18N-0691,frontend_admin_static,frontend/src/admin/pages/about/AboutForm.tsx:76,double,تسمية الإحصائية مطلوبة,Statistic label is required,i18n-admin-ui,Proposed English copy for bilingual implementation; review brand/proper-name spelling before production.
SMART-I18N-0692,frontend_admin_static,frontend/src/admin/pages/about/AboutForm.tsx:88,double,عنوان دعوة العمل مطلوب,Call-to-action title is required,i18n-admin-ui,Proposed English copy for bilingual implementation; review brand/proper-name spelling before production.
SMART-I18N-0693,frontend_admin_static,frontend/src/admin/pages/about/AboutForm.tsx:89,double,وصف دعوة العمل مطلوب,Call-to-action description is required,i18n-admin-ui,Proposed English copy for bilingual implementation; review brand/proper-name spelling before production.
SMART-I18N-0694,frontend_admin_static,frontend/src/admin/pages/about/AboutForm.tsx:90,double,نص الزر مطلوب,Button text is required,i18n-admin-ui,Proposed English copy for bilingual implementation; review brand/proper-name spelling before production.
SMART-I18N-0695,frontend_admin_static,frontend/src/admin/pages/about/AboutForm.tsx:107,double,المستخدمون,Users,i18n-admin-ui,Proposed English copy for bilingual implementation; review brand/proper-name spelling before production.
SMART-I18N-0696,frontend_admin_static,frontend/src/admin/pages/about/AboutForm.tsx:108,double,الطبقات,Layers,i18n-admin-ui,Proposed English copy for bilingual implementation; review brand/proper-name spelling before production.
SMART-I18N-0697,frontend_admin_static,frontend/src/admin/pages/about/AboutForm.tsx:109,double,الجائزة,Award,i18n-admin-ui,Proposed English copy for bilingual implementation; review brand/proper-name spelling before production.
SMART-I18N-0698,frontend_admin_static,frontend/src/admin/pages/about/AboutForm.tsx:110,double,الكود,Code,i18n-admin-ui,Proposed English copy for bilingual implementation; review brand/proper-name spelling before production.
SMART-I18N-0699,frontend_admin_static,frontend/src/admin/pages/about/AboutForm.tsx:111,double,الكرة الأرضية,Globe,i18n-admin-ui,Proposed English copy for bilingual implementation; review brand/proper-name spelling before production.
SMART-I18N-0700,frontend_admin_static,frontend/src/admin/pages/about/AboutForm.tsx:112,double,الاتجاه الصاعد,Trending Up,i18n-admin-ui,Proposed English copy for bilingual implementation; review brand/proper-name spelling before production.
SMART-I18N-0701,frontend_admin_static,frontend/src/admin/pages/about/AboutForm.tsx:113,double,المصافحة,Handshake,i18n-admin-ui,Proposed English copy for bilingual implementation; review brand/proper-name spelling before production.
SMART-I18N-0702,frontend_admin_static,frontend/src/admin/pages/about/AboutForm.tsx:114,double,المصباح,Lightbulb,i18n-admin-ui,Proposed English copy for bilingual implementation; review brand/proper-name spelling before production.
SMART-I18N-0703,frontend_admin_static,frontend/src/admin/pages/about/AboutForm.tsx:115,double,الصاروخ,Rocket,i18n-admin-ui,Proposed English copy for bilingual implementation; review brand/proper-name spelling before production.
SMART-I18N-0704,frontend_admin_static,frontend/src/admin/pages/about/AboutForm.tsx:116 | frontend/src/admin/pages/about/AboutForm.tsx:264 | frontend/src/admin/pages/about/AboutForm.tsx:622 | frontend/src/admin/pages/team/TeamList.tsx:151 | frontend/src/admin/components/layout/Breadcrumb.tsx:9 | frontend/src/admin/components/layout/Sidebar.tsx:37,double | jsx,الفريق,Team,i18n-admin-ui,Proposed English copy for bilingual implementation; review brand/proper-name spelling before production.
SMART-I18N-0705,frontend_admin_static,frontend/src/admin/pages/about/AboutForm.tsx:117,double,البحث,Search,i18n-admin-ui,Proposed English copy for bilingual implementation; review brand/proper-name spelling before production.
SMART-I18N-0706,frontend_admin_static,frontend/src/admin/pages/about/AboutForm.tsx:118,double,أداة القلم,Pen Tool,i18n-admin-ui,Proposed English copy for bilingual implementation; review brand/proper-name spelling before production.
SMART-I18N-0707,frontend_admin_static,frontend/src/admin/pages/about/AboutForm.tsx:119,double,الهدف,Target,i18n-admin-ui,Proposed English copy for bilingual implementation; review brand/proper-name spelling before production.
SMART-I18N-0708,frontend_admin_static,frontend/src/admin/pages/about/AboutForm.tsx:120,double,العين,Eye,i18n-admin-ui,Proposed English copy for bilingual implementation; review brand/proper-name spelling before production.
SMART-I18N-0709,frontend_admin_static,frontend/src/admin/pages/about/AboutForm.tsx:121,double,قاعدة البيانات,Database,i18n-admin-ui,Proposed English copy for bilingual implementation; review brand/proper-name spelling before production.
SMART-I18N-0710,frontend_admin_static,frontend/src/admin/pages/about/AboutForm.tsx:122,double,حقيبة العمل,Briefcase,i18n-admin-ui,Proposed English copy for bilingual implementation; review brand/proper-name spelling before production.
SMART-I18N-0711,frontend_admin_static,frontend/src/admin/pages/about/AboutForm.tsx:123,double,الشبكة,Network,i18n-admin-ui,Proposed English copy for bilingual implementation; review brand/proper-name spelling before production.
SMART-I18N-0712,frontend_admin_static,frontend/src/admin/pages/about/AboutForm.tsx:124,double,التكرار,Repeat,i18n-admin-ui,Proposed English copy for bilingual implementation; review brand/proper-name spelling before production.
SMART-I18N-0713,frontend_admin_static,frontend/src/admin/pages/about/AboutForm.tsx:125,double,الخريطة,Map,i18n-admin-ui,Proposed English copy for bilingual implementation; review brand/proper-name spelling before production.
SMART-I18N-0714,frontend_admin_static,frontend/src/admin/pages/about/AboutForm.tsx:126,double,علامة الصح,Check Mark,i18n-admin-ui,Proposed English copy for bilingual implementation; review brand/proper-name spelling before production.
SMART-I18N-0715,frontend_admin_static,frontend/src/admin/pages/about/AboutForm.tsx:127,double,السحابة,Cloud,i18n-admin-ui,Proposed English copy for bilingual implementation; review brand/proper-name spelling before production.
SMART-I18N-0716,frontend_admin_static,frontend/src/admin/pages/about/AboutForm.tsx:128,double,التخطيط,Planning,i18n-admin-ui,Proposed English copy for bilingual implementation; review brand/proper-name spelling before production.
SMART-I18N-0717,frontend_admin_static,frontend/src/admin/pages/about/AboutForm.tsx:129,double,المعالج,Processor,i18n-admin-ui,Proposed English copy for bilingual implementation; review brand/proper-name spelling before production.
SMART-I18N-0718,frontend_admin_static,frontend/src/admin/pages/about/AboutForm.tsx:130,double,الدرع,Shield,i18n-admin-ui,Proposed English copy for bilingual implementation; review brand/proper-name spelling before production.
SMART-I18N-0719,frontend_admin_static,frontend/src/admin/pages/about/AboutForm.tsx:131,double,النجمة,Star,i18n-admin-ui,Proposed English copy for bilingual implementation; review brand/proper-name spelling before production.
SMART-I18N-0720,frontend_admin_static,frontend/src/admin/pages/about/AboutForm.tsx:140,jsx,اختر الأيقونة,Choose Icon,i18n-admin-ui,Proposed English copy for bilingual implementation; review brand/proper-name spelling before production.
SMART-I18N-0721,frontend_admin_static,frontend/src/admin/pages/about/AboutForm.tsx:239,double,تم تحديث معلومات حولنا بنجاح,About information updated successfully,i18n-admin-ui,Proposed English copy for bilingual implementation; review brand/proper-name spelling before production.
SMART-I18N-0722,frontend_admin_static,frontend/src/admin/pages/about/AboutForm.tsx:253,double,إدارة صفحة حولنا,Manage About Page,i18n-admin-ui,Proposed English copy for bilingual implementation; review brand/proper-name spelling before production.
SMART-I18N-0723,frontend_admin_static,frontend/src/admin/pages/about/AboutForm.tsx:257,jsx,البطل,Hero,i18n-admin-ui,Proposed English copy for bilingual implementation; review brand/proper-name spelling before production.
SMART-I18N-0724,frontend_admin_static,frontend/src/admin/pages/about/AboutForm.tsx:258 | frontend/src/admin/pages/about/AboutForm.tsx:338,jsx,القصة,Story,i18n-admin-ui,Proposed English copy for bilingual implementation; review brand/proper-name spelling before production.
SMART-I18N-0725,frontend_admin_static,frontend/src/admin/pages/about/AboutForm.tsx:259 | frontend/src/admin/pages/about/AboutForm.tsx:378,jsx,طريقة التفكير,Thinking Approach,i18n-admin-ui,Proposed English copy for bilingual implementation; review brand/proper-name spelling before production.
SMART-I18N-0726,frontend_admin_static,frontend/src/admin/pages/about/AboutForm.tsx:260 | frontend/src/admin/pages/about/AboutForm.tsx:424,jsx,ما يميزنا,What Sets Us Apart,i18n-admin-ui,Proposed English copy for bilingual implementation; review brand/proper-name spelling before production.
SMART-I18N-0727,frontend_admin_static,frontend/src/admin/pages/about/AboutForm.tsx:261 | frontend/src/admin/pages/about/AboutForm.tsx:470,jsx,الإحصائيات,Statistics,i18n-admin-ui,Proposed English copy for bilingual implementation; review brand/proper-name spelling before production.
SMART-I18N-0728,frontend_admin_static,frontend/src/admin/pages/about/AboutForm.tsx:262 | frontend/src/admin/pages/about/AboutForm.tsx:524,jsx,طريقة العمل,How We Work,i18n-admin-ui,Proposed English copy for bilingual implementation; review brand/proper-name spelling before production.
SMART-I18N-0729,frontend_admin_static,frontend/src/admin/pages/about/AboutForm.tsx:263 | frontend/src/admin/pages/about/AboutForm.tsx:578,jsx,المبادئ,Principles,i18n-admin-ui,Proposed English copy for bilingual implementation; review brand/proper-name spelling before production.
SMART-I18N-0730,frontend_admin_static,frontend/src/admin/pages/about/AboutForm.tsx:267,jsx,الرؤية والرسالة,Vision and Mission,i18n-admin-ui,Proposed English copy for bilingual implementation; review brand/proper-name spelling before production.
SMART-I18N-0731,frontend_admin_static,frontend/src/admin/pages/about/AboutForm.tsx:272,jsx,قسم البطل,Hero Section,i18n-admin-ui,Proposed English copy for bilingual implementation; review brand/proper-name spelling before production.
SMART-I18N-0732,frontend_admin_static,frontend/src/admin/pages/about/AboutForm.tsx:275 | frontend/src/admin/pages/about/AboutForm.tsx:455,jsx,البادج,Badge,i18n-admin-ui,Proposed English copy for bilingual implementation; review brand/proper-name spelling before production.
SMART-I18N-0733,frontend_admin_static,frontend/src/admin/pages/about/AboutForm.tsx:276,double,مثال: من نحن,Example: About Us,i18n-admin-ui,Proposed English copy for bilingual implementation; review brand/proper-name spelling before production.
SMART-I18N-0734,frontend_admin_static,frontend/src/admin/pages/about/AboutForm.tsx:279,jsx,العنوان الرئيسي *,Main Title *,i18n-admin-ui,Proposed English copy for bilingual implementation; review brand/proper-name spelling before production.
SMART-I18N-0735,frontend_admin_static,frontend/src/admin/pages/about/AboutForm.tsx:284 | frontend/src/admin/pages/about/AboutForm.tsx:405 | frontend/src/admin/pages/about/AboutForm.tsx:451 | frontend/src/admin/pages/about/AboutForm.tsx:559 | frontend/src/admin/pages/about/AboutForm.tsx:605 | frontend/src/admin/pages/about/AboutForm.tsx:670,jsx,الوصف *,Description *,i18n-admin-ui,Proposed English copy for bilingual implementation; review brand/proper-name spelling before production.
SMART-I18N-0736,frontend_admin_static,frontend/src/admin/pages/about/AboutForm.tsx:289,jsx,صورة قسم البطل,Hero Section Image,i18n-admin-ui,Proposed English copy for bilingual implementation; review brand/proper-name spelling before production.
SMART-I18N-0737,frontend_admin_static,frontend/src/admin/pages/about/AboutForm.tsx:291 | frontend/src/admin/pages/about/AboutForm.tsx:635 | frontend/src/admin/pages/about/AboutForm.tsx:713 | frontend/src/admin/components/shared/ImageUpload.tsx:21,double | single,اسحب الصورة هنا أو انقر للاختيار,Drag the image here or click to select,i18n-admin-ui,Proposed English copy for bilingual implementation; review brand/proper-name spelling before production.
SMART-I18N-0738,frontend_admin_static,frontend/src/admin/pages/about/AboutForm.tsx:296,jsx,نص الزر الأساسي,Primary Button Text,i18n-admin-ui,Proposed English copy for bilingual implementation; review brand/proper-name spelling before production.
SMART-I18N-0739,frontend_admin_static,frontend/src/admin/pages/about/AboutForm.tsx:300,jsx,رابط الزر الأساسي,Primary Button URL,i18n-admin-ui,Proposed English copy for bilingual implementation; review brand/proper-name spelling before production.
SMART-I18N-0740,frontend_admin_static,frontend/src/admin/pages/about/AboutForm.tsx:306 | frontend/src/admin/pages/about/AboutForm.tsx:686,jsx,نص الزر الثانوي,Secondary Button Text,i18n-admin-ui,Proposed English copy for bilingual implementation; review brand/proper-name spelling before production.
SMART-I18N-0741,frontend_admin_static,frontend/src/admin/pages/about/AboutForm.tsx:310 | frontend/src/admin/pages/about/AboutForm.tsx:690,jsx,رابط الزر الثانوي,Secondary Button URL,i18n-admin-ui,Proposed English copy for bilingual implementation; review brand/proper-name spelling before production.
SMART-I18N-0742,frontend_admin_static,frontend/src/admin/pages/about/AboutForm.tsx:316,jsx,شارات الثقة,Trust Badges,i18n-admin-ui,Proposed English copy for bilingual implementation; review brand/proper-name spelling before production.
SMART-I18N-0743,frontend_admin_static,frontend/src/admin/pages/about/AboutForm.tsx:324,double,مثال: استراتيجية قبل التنفيذ,Example: Strategy Before Execution,i18n-admin-ui,Proposed English copy for bilingual implementation; review brand/proper-name spelling before production.
SMART-I18N-0744,frontend_admin_static,frontend/src/admin/pages/about/AboutForm.tsx:341 | frontend/src/admin/pages/about/AboutForm.tsx:625 | frontend/src/admin/pages/projects/ProjectForm.tsx:929,jsx,العنوان,Title,i18n-admin-ui,Proposed English copy for bilingual implementation; review brand/proper-name spelling before production.
SMART-I18N-0745,frontend_admin_static,frontend/src/admin/pages/about/AboutForm.tsx:350,jsx,نقاط الألم,Pain Points,i18n-admin-ui,Proposed English copy for bilingual implementation; review brand/proper-name spelling before production.
SMART-I18N-0746,frontend_admin_static,frontend/src/admin/pages/about/AboutForm.tsx:367,jsx,البيان الختامي,Closing Statement,i18n-admin-ui,Proposed English copy for bilingual implementation; review brand/proper-name spelling before production.
SMART-I18N-0747,frontend_admin_static,frontend/src/admin/pages/about/AboutForm.tsx:389 | frontend/src/admin/pages/about/AboutForm.tsx:435,jsx,عنصر #{index + 1},Item #{index + 1},i18n-admin-ui,Proposed English copy for bilingual implementation; review brand/proper-name spelling before production.
SMART-I18N-0748,frontend_admin_static,frontend/src/admin/pages/about/AboutForm.tsx:395 | frontend/src/admin/pages/about/AboutForm.tsx:441 | frontend/src/admin/pages/about/AboutForm.tsx:487 | frontend/src/admin/pages/about/AboutForm.tsx:595,jsx,الأيقونة *,Icon *,i18n-admin-ui,Proposed English copy for bilingual implementation; review brand/proper-name spelling before production.
SMART-I18N-0749,frontend_admin_static,frontend/src/admin/pages/about/AboutForm.tsx:409,jsx,النتيجة,Result,i18n-admin-ui,Proposed English copy for bilingual implementation; review brand/proper-name spelling before production.
SMART-I18N-0750,frontend_admin_static,frontend/src/admin/pages/about/AboutForm.tsx:415 | frontend/src/admin/pages/about/AboutForm.tsx:461,jsx,لا توجد عناصر مضافة.,No items added.,i18n-admin-ui,Proposed English copy for bilingual implementation; review brand/proper-name spelling before production.
SMART-I18N-0751,frontend_admin_static,frontend/src/admin/pages/about/AboutForm.tsx:456,double,مثال: Product Mindset,Example: Product Mindset,i18n-admin-ui,Proposed English copy for bilingual implementation; review brand/proper-name spelling before production.
SMART-I18N-0752,frontend_admin_static,frontend/src/admin/pages/about/AboutForm.tsx:481,jsx,إحصائية #{index + 1},Statistic #{index + 1},i18n-admin-ui,Proposed English copy for bilingual implementation; review brand/proper-name spelling before production.
SMART-I18N-0753,frontend_admin_static,frontend/src/admin/pages/about/AboutForm.tsx:494,jsx,القيمة *,Value *,i18n-admin-ui,Proposed English copy for bilingual implementation; review brand/proper-name spelling before production.
SMART-I18N-0754,frontend_admin_static,frontend/src/admin/pages/about/AboutForm.tsx:500,jsx,اللاحقة,Suffix,i18n-admin-ui,Proposed English copy for bilingual implementation; review brand/proper-name spelling before production.
SMART-I18N-0755,frontend_admin_static,frontend/src/admin/pages/about/AboutForm.tsx:501,double,"+, %, مراحل","+, %, stages",i18n-admin-ui,Proposed English copy for bilingual implementation; review brand/proper-name spelling before production.
SMART-I18N-0756,frontend_admin_static,frontend/src/admin/pages/about/AboutForm.tsx:504,jsx,التسمية *,Label *,i18n-admin-ui,Proposed English copy for bilingual implementation; review brand/proper-name spelling before production.
SMART-I18N-0757,frontend_admin_static,frontend/src/admin/pages/about/AboutForm.tsx:515,jsx,لا توجد إحصائيات مضافة.,No statistics added.,i18n-admin-ui,Proposed English copy for bilingual implementation; review brand/proper-name spelling before production.
SMART-I18N-0758,frontend_admin_static,frontend/src/admin/pages/about/AboutForm.tsx:535,jsx,مرحلة #{index + 1},Step #{index + 1},i18n-admin-ui,Proposed English copy for bilingual implementation; review brand/proper-name spelling before production.
SMART-I18N-0759,frontend_admin_static,frontend/src/admin/pages/about/AboutForm.tsx:542,jsx,رقم المرحلة *,Step Number *,i18n-admin-ui,Proposed English copy for bilingual implementation; review brand/proper-name spelling before production.
SMART-I18N-0760,frontend_admin_static,frontend/src/admin/pages/about/AboutForm.tsx:548 | frontend/src/admin/pages/project-categories/ProjectCategoryForm.tsx:159,jsx,الأيقونة,Icon,i18n-admin-ui,Proposed English copy for bilingual implementation; review brand/proper-name spelling before production.
SMART-I18N-0761,frontend_admin_static,frontend/src/admin/pages/about/AboutForm.tsx:563,jsx,المخرج,Deliverable,i18n-admin-ui,Proposed English copy for bilingual implementation; review brand/proper-name spelling before production.
SMART-I18N-0762,frontend_admin_static,frontend/src/admin/pages/about/AboutForm.tsx:569,jsx,لا توجد مراحل مضافة.,No steps added.,i18n-admin-ui,Proposed English copy for bilingual implementation; review brand/proper-name spelling before production.
SMART-I18N-0763,frontend_admin_static,frontend/src/admin/pages/about/AboutForm.tsx:589,jsx,مبدأ #{index + 1},Principle #{index + 1},i18n-admin-ui,Proposed English copy for bilingual implementation; review brand/proper-name spelling before production.
SMART-I18N-0764,frontend_admin_static,frontend/src/admin/pages/about/AboutForm.tsx:609,jsx,مثال عملي,Practical Example,i18n-admin-ui,Proposed English copy for bilingual implementation; review brand/proper-name spelling before production.
SMART-I18N-0765,frontend_admin_static,frontend/src/admin/pages/about/AboutForm.tsx:615,jsx,لا توجد مبادئ مضافة.,No principles added.,i18n-admin-ui,Proposed English copy for bilingual implementation; review brand/proper-name spelling before production.
SMART-I18N-0766,frontend_admin_static,frontend/src/admin/pages/about/AboutForm.tsx:633,jsx,صورة الفريق,Team Image,i18n-admin-ui,Proposed English copy for bilingual implementation; review brand/proper-name spelling before production.
SMART-I18N-0767,frontend_admin_static,frontend/src/admin/pages/about/AboutForm.tsx:640,jsx,النقاط المميزة,Highlights,i18n-admin-ui,Proposed English copy for bilingual implementation; review brand/proper-name spelling before production.
SMART-I18N-0768,frontend_admin_static,frontend/src/admin/pages/about/AboutForm.tsx:662,jsx,دعوة للعمل,Call to Action,i18n-admin-ui,Proposed English copy for bilingual implementation; review brand/proper-name spelling before production.
SMART-I18N-0769,frontend_admin_static,frontend/src/admin/pages/about/AboutForm.tsx:676,jsx,نص الزر *,Button Text *,i18n-admin-ui,Proposed English copy for bilingual implementation; review brand/proper-name spelling before production.
SMART-I18N-0770,frontend_admin_static,frontend/src/admin/pages/about/AboutForm.tsx:680,jsx,رابط الزر,Button URL,i18n-admin-ui,Proposed English copy for bilingual implementation; review brand/proper-name spelling before production.
SMART-I18N-0771,frontend_admin_static,frontend/src/admin/pages/about/AboutForm.tsx:740,jsx,الرؤية والرسالة والمنهجية,"Vision, Mission, and Approach",i18n-admin-ui,Proposed English copy for bilingual implementation; review brand/proper-name spelling before production.
SMART-I18N-0772,frontend_admin_static,frontend/src/admin/pages/about/AboutForm.tsx:743,jsx,الرؤية *,Vision *,i18n-admin-ui,Proposed English copy for bilingual implementation; review brand/proper-name spelling before production.
SMART-I18N-0773,frontend_admin_static,frontend/src/admin/pages/about/AboutForm.tsx:748,jsx,الرسالة *,Mission *,i18n-admin-ui,Proposed English copy for bilingual implementation; review brand/proper-name spelling before production.
SMART-I18N-0774,frontend_admin_static,frontend/src/admin/pages/about/AboutForm.tsx:753,jsx,المنهجية *,Approach *,i18n-admin-ui,Proposed English copy for bilingual implementation; review brand/proper-name spelling before production.
SMART-I18N-0775,frontend_admin_static,frontend/src/admin/pages/about/AboutForm.tsx:766,jsx,حالة النشاط,Active Status,i18n-admin-ui,Proposed English copy for bilingual implementation; review brand/proper-name spelling before production.
SMART-I18N-0776,frontend_admin_static,frontend/src/admin/pages/about/AboutForm.tsx:767,jsx,تفعيل أو إلغاء تفعيل عرض صفحة حولنا,Enable or disable the About page display,i18n-admin-ui,Proposed English copy for bilingual implementation; review brand/proper-name spelling before production.
SMART-I18N-0777,frontend_admin_static,frontend/src/admin/pages/testimonials/TestimonialForm.tsx:21,single,اسم العميل مطلوب,Client name is required,i18n-admin-ui,Proposed English copy for bilingual implementation; review brand/proper-name spelling before production.
SMART-I18N-0778,frontend_admin_static,frontend/src/admin/pages/testimonials/TestimonialForm.tsx:80,single,تم تحديث الرأي بنجاح,Testimonial updated successfully,i18n-admin-ui,Proposed English copy for bilingual implementation; review brand/proper-name spelling before production.
SMART-I18N-0779,frontend_admin_static,frontend/src/admin/pages/testimonials/TestimonialForm.tsx:80,single,تم إضافة الرأي بنجاح,Testimonial added successfully,i18n-admin-ui,Proposed English copy for bilingual implementation; review brand/proper-name spelling before production.
SMART-I18N-0780,frontend_admin_static,frontend/src/admin/pages/testimonials/TestimonialForm.tsx:83,single,فشل تحديث الرأي,Failed to update testimonial,i18n-admin-ui,Proposed English copy for bilingual implementation; review brand/proper-name spelling before production.
SMART-I18N-0781,frontend_admin_static,frontend/src/admin/pages/testimonials/TestimonialForm.tsx:83,single,فشل إضافة الرأي,Failed to add testimonial,i18n-admin-ui,Proposed English copy for bilingual implementation; review brand/proper-name spelling before production.
SMART-I18N-0782,frontend_admin_static,frontend/src/admin/pages/testimonials/TestimonialForm.tsx:92,single,تعديل الرأي,Edit Testimonial,i18n-admin-ui,Proposed English copy for bilingual implementation; review brand/proper-name spelling before production.
SMART-I18N-0783,frontend_admin_static,frontend/src/admin/pages/testimonials/TestimonialForm.tsx:92,single,إضافة رأي جديد,Add New Testimonial,i18n-admin-ui,Proposed English copy for bilingual implementation; review brand/proper-name spelling before production.
SMART-I18N-0784,frontend_admin_static,frontend/src/admin/pages/testimonials/TestimonialForm.tsx:97,jsx,معلومات العميل,Client Information,i18n-admin-ui,Proposed English copy for bilingual implementation; review brand/proper-name spelling before production.
SMART-I18N-0785,frontend_admin_static,frontend/src/admin/pages/testimonials/TestimonialForm.tsx:101,jsx,اسم العميل *,Client Name *,i18n-admin-ui,Proposed English copy for bilingual implementation; review brand/proper-name spelling before production.
SMART-I18N-0786,frontend_admin_static,frontend/src/admin/pages/testimonials/TestimonialForm.tsx:106,jsx,المنصب,Position,i18n-admin-ui,Proposed English copy for bilingual implementation; review brand/proper-name spelling before production.
SMART-I18N-0787,frontend_admin_static,frontend/src/admin/pages/testimonials/TestimonialForm.tsx:107,double,مثال: CEO at Company,Example: CEO at Company,i18n-admin-ui,Proposed English copy for bilingual implementation; review brand/proper-name spelling before production.
SMART-I18N-0788,frontend_admin_static,frontend/src/admin/pages/testimonials/TestimonialForm.tsx:112,jsx,اسم الشركة,Company Name,i18n-admin-ui,Proposed English copy for bilingual implementation; review brand/proper-name spelling before production.
SMART-I18N-0789,frontend_admin_static,frontend/src/admin/pages/testimonials/TestimonialForm.tsx:116 | frontend/src/admin/pages/testimonials/TestimonialsList.tsx:64,jsx | single,التقييم,Rating,i18n-admin-ui,Proposed English copy for bilingual implementation; review brand/proper-name spelling before production.
SMART-I18N-0790,frontend_admin_static,frontend/src/admin/pages/testimonials/TestimonialForm.tsx:127,jsx,المحتوى *,Content *,i18n-admin-ui,Proposed English copy for bilingual implementation; review brand/proper-name spelling before production.
SMART-I18N-0791,frontend_admin_static,frontend/src/admin/pages/testimonials/TestimonialForm.tsx:128,double,رأي العميل...,Client testimonial...,i18n-admin-ui,Proposed English copy for bilingual implementation; review brand/proper-name spelling before production.
SMART-I18N-0792,frontend_admin_static,frontend/src/admin/pages/testimonials/TestimonialForm.tsx:136,jsx,صورة العميل,Client Photo,i18n-admin-ui,Proposed English copy for bilingual implementation; review brand/proper-name spelling before production.
SMART-I18N-0793,frontend_admin_static,frontend/src/admin/pages/testimonials/TestimonialForm.tsx:145,jsx,المشروع المرتبط (اختياري),Linked Project (Optional),i18n-admin-ui,Proposed English copy for bilingual implementation; review brand/proper-name spelling before production.
SMART-I18N-0794,frontend_admin_static,frontend/src/admin/pages/testimonials/TestimonialForm.tsx:152,double,اختر مشروع...,Select a project...,i18n-admin-ui,Proposed English copy for bilingual implementation; review brand/proper-name spelling before production.
SMART-I18N-0795,frontend_admin_static,frontend/src/admin/pages/testimonials/TestimonialForm.tsx:155 | frontend/src/admin/pages/testimonials/TestimonialsList.tsx:83,jsx,غير مربوط,Not Linked,i18n-admin-ui,Proposed English copy for bilingual implementation; review brand/proper-name spelling before production.
SMART-I18N-0796,frontend_admin_static,frontend/src/admin/pages/testimonials/TestimonialForm.tsx:167 | frontend/src/admin/pages/testimonials/TestimonialsList.tsx:99,jsx,مميز,Featured,i18n-admin-ui,Proposed English copy for bilingual implementation; review brand/proper-name spelling before production.
SMART-I18N-0797,frontend_admin_static,frontend/src/admin/pages/testimonials/TestimonialForm.tsx:179,single,تحديث الرأي,Update Testimonial,i18n-admin-ui,Proposed English copy for bilingual implementation; review brand/proper-name spelling before production.
SMART-I18N-0798,frontend_admin_static,frontend/src/admin/pages/testimonials/TestimonialForm.tsx:179,single,إضافة الرأي,Add Testimonial,i18n-admin-ui,Proposed English copy for bilingual implementation; review brand/proper-name spelling before production.
SMART-I18N-0799,frontend_admin_static,frontend/src/admin/pages/testimonials/TestimonialsList.tsx:27,single,تم حذف الرأي بنجاح,Testimonial deleted successfully,i18n-admin-ui,Proposed English copy for bilingual implementation; review brand/proper-name spelling before production.
SMART-I18N-0800,frontend_admin_static,frontend/src/admin/pages/testimonials/TestimonialsList.tsx:31,single,فشل حذف الرأي,Failed to delete testimonial,i18n-admin-ui,Proposed English copy for bilingual implementation; review brand/proper-name spelling before production.
SMART-I18N-0801,frontend_admin_static,frontend/src/admin/pages/testimonials/TestimonialsList.tsx:38 | frontend/src/admin/pages/leads/LeadsList.tsx:219,single | double,العميل,Client,i18n-admin-ui,Proposed English copy for bilingual implementation; review brand/proper-name spelling before production.
SMART-I18N-0802,frontend_admin_static,frontend/src/admin/pages/testimonials/TestimonialsList.tsx:75,single,المشروع المرتبط,Linked Project,i18n-admin-ui,Proposed English copy for bilingual implementation; review brand/proper-name spelling before production.
SMART-I18N-0803,frontend_admin_static,frontend/src/admin/pages/testimonials/TestimonialsList.tsx:121,double,فشل تحميل آراء العملاء,Failed to load client testimonials,i18n-admin-ui,Proposed English copy for bilingual implementation; review brand/proper-name spelling before production.
SMART-I18N-0804,frontend_admin_static,frontend/src/admin/pages/testimonials/TestimonialsList.tsx:125 | frontend/src/admin/components/layout/Breadcrumb.tsx:10 | frontend/src/admin/components/layout/Sidebar.tsx:40,double,آراء العملاء,Client Testimonials,i18n-admin-ui,Proposed English copy for bilingual implementation; review brand/proper-name spelling before production.
SMART-I18N-0805,frontend_admin_static,frontend/src/admin/pages/testimonials/TestimonialsList.tsx:125,double,إدارة شهادات وآراء العملاء,Manage client testimonials and reviews,i18n-admin-ui,Proposed English copy for bilingual implementation; review brand/proper-name spelling before production.
SMART-I18N-0806,frontend_admin_static,frontend/src/admin/pages/testimonials/TestimonialsList.tsx:125,double,إضافة رأي,Add Testimonial,i18n-admin-ui,Proposed English copy for bilingual implementation; review brand/proper-name spelling before production.
SMART-I18N-0807,frontend_admin_static,frontend/src/admin/pages/testimonials/TestimonialsList.tsx:126,double,لا توجد آراء,No testimonials found,i18n-admin-ui,Proposed English copy for bilingual implementation; review brand/proper-name spelling before production.
SMART-I18N-0808,frontend_admin_static,frontend/src/admin/pages/testimonials/TestimonialsList.tsx:127,double,حذف الرأي,Delete Testimonial,i18n-admin-ui,Proposed English copy for bilingual implementation; review brand/proper-name spelling before production.
SMART-I18N-0809,frontend_admin_static,frontend/src/admin/pages/testimonials/TestimonialsList.tsx:127,double,هل أنت متأكد من حذف هذا الرأي؟,Are you sure you want to delete this testimonial?,i18n-admin-ui,Proposed English copy for bilingual implementation; review brand/proper-name spelling before production.
SMART-I18N-0810,frontend_admin_static,frontend/src/admin/pages/team/TeamForm.tsx:28,double,المنصب مطلوب,Position is required,i18n-admin-ui,Proposed English copy for bilingual implementation; review brand/proper-name spelling before production.
SMART-I18N-0811,frontend_admin_static,frontend/src/admin/pages/team/TeamForm.tsx:54 | frontend/src/admin/pages/team/TeamList.tsx:15,double | single,الإدارة,Management,i18n-admin-ui,Proposed English copy for bilingual implementation; review brand/proper-name spelling before production.
SMART-I18N-0812,frontend_admin_static,frontend/src/admin/pages/team/TeamForm.tsx:55 | frontend/src/admin/pages/team/TeamList.tsx:16 | frontend/src/admin/pages/technologies/TechnologyForm.tsx:36,double | single,باك إند,Backend,i18n-admin-ui,Proposed English copy for bilingual implementation; review brand/proper-name spelling before production.
SMART-I18N-0813,frontend_admin_static,frontend/src/admin/pages/team/TeamForm.tsx:56 | frontend/src/admin/pages/team/TeamList.tsx:17 | frontend/src/admin/pages/technologies/TechnologyForm.tsx:37,double | single,فرونت إند,Frontend,i18n-admin-ui,Proposed English copy for bilingual implementation; review brand/proper-name spelling before production.
SMART-I18N-0814,frontend_admin_static,frontend/src/admin/pages/team/TeamForm.tsx:57 | frontend/src/admin/pages/team/TeamList.tsx:18 | frontend/src/admin/pages/technologies/TechnologyForm.tsx:38,double | single,موبايل,Mobile,i18n-admin-ui,Proposed English copy for bilingual implementation; review brand/proper-name spelling before production.
SMART-I18N-0815,frontend_admin_static,frontend/src/admin/pages/team/TeamForm.tsx:59 | frontend/src/admin/pages/team/TeamList.tsx:20,double | single,التصميم,Design,i18n-admin-ui,Proposed English copy for bilingual implementation; review brand/proper-name spelling before production.
SMART-I18N-0816,frontend_admin_static,frontend/src/admin/pages/team/TeamForm.tsx:60 | frontend/src/admin/pages/team/TeamList.tsx:21,double | single,ضمان الجودة,Quality Assurance,i18n-admin-ui,Proposed English copy for bilingual implementation; review brand/proper-name spelling before production.
SMART-I18N-0817,frontend_admin_static,frontend/src/admin/pages/team/TeamForm.tsx:61 | frontend/src/admin/pages/team/TeamList.tsx:22,double | single,التسويق,Marketing,i18n-admin-ui,Proposed English copy for bilingual implementation; review brand/proper-name spelling before production.
SMART-I18N-0818,frontend_admin_static,frontend/src/admin/pages/team/TeamForm.tsx:62 | frontend/src/admin/pages/team/TeamList.tsx:23,double | single,الدعم,Support,i18n-admin-ui,Proposed English copy for bilingual implementation; review brand/proper-name spelling before production.
SMART-I18N-0819,frontend_admin_static,frontend/src/admin/pages/team/TeamForm.tsx:139,double,تم تحديث العضو بنجاح,Team member updated successfully,i18n-admin-ui,Proposed English copy for bilingual implementation; review brand/proper-name spelling before production.
SMART-I18N-0820,frontend_admin_static,frontend/src/admin/pages/team/TeamForm.tsx:139,double,تم إضافة العضو بنجاح,Team member added successfully,i18n-admin-ui,Proposed English copy for bilingual implementation; review brand/proper-name spelling before production.
SMART-I18N-0821,frontend_admin_static,frontend/src/admin/pages/team/TeamForm.tsx:143,double,فشل تحديث العضو,Failed to update team member,i18n-admin-ui,Proposed English copy for bilingual implementation; review brand/proper-name spelling before production.
SMART-I18N-0822,frontend_admin_static,frontend/src/admin/pages/team/TeamForm.tsx:143,double,فشل إضافة العضو,Failed to add team member,i18n-admin-ui,Proposed English copy for bilingual implementation; review brand/proper-name spelling before production.
SMART-I18N-0823,frontend_admin_static,frontend/src/admin/pages/team/TeamForm.tsx:153,double,يرجى التأكد من ملء جميع الحقول المطلوبة بشكل صحيح,Please make sure all required fields are filled in correctly,i18n-admin-ui,Proposed English copy for bilingual implementation; review brand/proper-name spelling before production.
SMART-I18N-0824,frontend_admin_static,frontend/src/admin/pages/team/TeamForm.tsx:167,double,تعديل العضو,Edit Team Member,i18n-admin-ui,Proposed English copy for bilingual implementation; review brand/proper-name spelling before production.
SMART-I18N-0825,frontend_admin_static,frontend/src/admin/pages/team/TeamForm.tsx:167,double,إضافة عضو جديد,Add New Team Member,i18n-admin-ui,Proposed English copy for bilingual implementation; review brand/proper-name spelling before production.
SMART-I18N-0826,frontend_admin_static,frontend/src/admin/pages/team/TeamForm.tsx:177,jsx,المعلومات الأساسية,Basic Information,i18n-admin-ui,Proposed English copy for bilingual implementation; review brand/proper-name spelling before production.
SMART-I18N-0827,frontend_admin_static,frontend/src/admin/pages/team/TeamForm.tsx:182,jsx,الاسم الكامل *,Full Name *,i18n-admin-ui,Proposed English copy for bilingual implementation; review brand/proper-name spelling before production.
SMART-I18N-0828,frontend_admin_static,frontend/src/admin/pages/team/TeamForm.tsx:186,double,اسم العضو,Member Name,i18n-admin-ui,Proposed English copy for bilingual implementation; review brand/proper-name spelling before production.
SMART-I18N-0829,frontend_admin_static,frontend/src/admin/pages/team/TeamForm.tsx:196,jsx,المنصب *,Position *,i18n-admin-ui,Proposed English copy for bilingual implementation; review brand/proper-name spelling before production.
SMART-I18N-0830,frontend_admin_static,frontend/src/admin/pages/team/TeamForm.tsx:200,double,مثال: Senior Developer,Example: Senior Developer,i18n-admin-ui,Proposed English copy for bilingual implementation; review brand/proper-name spelling before production.
SMART-I18N-0831,frontend_admin_static,frontend/src/admin/pages/team/TeamForm.tsx:212 | frontend/src/admin/pages/team/TeamList.tsx:80,jsx | single,القسم,Department,i18n-admin-ui,Proposed English copy for bilingual implementation; review brand/proper-name spelling before production.
SMART-I18N-0832,frontend_admin_static,frontend/src/admin/pages/team/TeamForm.tsx:222,double,اختر القسم,Select Department,i18n-admin-ui,Proposed English copy for bilingual implementation; review brand/proper-name spelling before production.
SMART-I18N-0833,frontend_admin_static,frontend/src/admin/pages/team/TeamForm.tsx:263,jsx,السيرة الذاتية,Bio,i18n-admin-ui,Proposed English copy for bilingual implementation; review brand/proper-name spelling before production.
SMART-I18N-0834,frontend_admin_static,frontend/src/admin/pages/team/TeamForm.tsx:267,double,نبذة مختصرة عن العضو,Short bio about the member,i18n-admin-ui,Proposed English copy for bilingual implementation; review brand/proper-name spelling before production.
SMART-I18N-0835,frontend_admin_static,frontend/src/admin/pages/team/TeamForm.tsx:278,double,مثال: مدمن قهوة ☕ أو يشجع ريال مدريد,Example: Coffee addict ☕ or supports Real Madrid,i18n-admin-ui,Proposed English copy for bilingual implementation; review brand/proper-name spelling before production.
SMART-I18N-0836,frontend_admin_static,frontend/src/admin/pages/team/TeamForm.tsx:286,jsx,التخصصات,Specializations,i18n-admin-ui,Proposed English copy for bilingual implementation; review brand/proper-name spelling before production.
SMART-I18N-0837,frontend_admin_static,frontend/src/admin/pages/team/TeamForm.tsx:289,double,أدخل التخصص واضغط Enter,Enter a specialization and press Enter,i18n-admin-ui,Proposed English copy for bilingual implementation; review brand/proper-name spelling before production.
SMART-I18N-0838,frontend_admin_static,frontend/src/admin/pages/team/TeamForm.tsx:334,jsx,روابط التواصل,Social Links,i18n-admin-ui,Proposed English copy for bilingual implementation; review brand/proper-name spelling before production.
SMART-I18N-0839,frontend_admin_static,frontend/src/admin/pages/team/TeamForm.tsx:365,jsx,الموقع الشخصي,Personal Website,i18n-admin-ui,Proposed English copy for bilingual implementation; review brand/proper-name spelling before production.
SMART-I18N-0840,frontend_admin_static,frontend/src/admin/pages/team/TeamForm.tsx:381,jsx,الصورة,Photo,i18n-admin-ui,Proposed English copy for bilingual implementation; review brand/proper-name spelling before production.
SMART-I18N-0841,frontend_admin_static,frontend/src/admin/pages/team/TeamForm.tsx:459,jsx,عدد المشاريع المكتملة,Number of Completed Projects,i18n-admin-ui,Proposed English copy for bilingual implementation; review brand/proper-name spelling before production.
SMART-I18N-0842,frontend_admin_static,frontend/src/admin/pages/team/TeamForm.tsx:469,jsx,تاريخ الانضمام,Join Date,i18n-admin-ui,Proposed English copy for bilingual implementation; review brand/proper-name spelling before production.
SMART-I18N-0843,frontend_admin_static,frontend/src/admin/pages/team/TeamForm.tsx:502,double,تحديث العضو,Update Team Member,i18n-admin-ui,Proposed English copy for bilingual implementation; review brand/proper-name spelling before production.
SMART-I18N-0844,frontend_admin_static,frontend/src/admin/pages/team/TeamForm.tsx:504,double,إضافة العضو,Add Team Member,i18n-admin-ui,Proposed English copy for bilingual implementation; review brand/proper-name spelling before production.
SMART-I18N-0845,frontend_admin_static,frontend/src/admin/pages/team/TeamList.tsx:46,single,تم حذف العضو بنجاح,Team member deleted successfully,i18n-admin-ui,Proposed English copy for bilingual implementation; review brand/proper-name spelling before production.
SMART-I18N-0846,frontend_admin_static,frontend/src/admin/pages/team/TeamList.tsx:50,single,فشل حذف العضو,Failed to delete team member,i18n-admin-ui,Proposed English copy for bilingual implementation; review brand/proper-name spelling before production.
SMART-I18N-0847,frontend_admin_static,frontend/src/admin/pages/team/TeamList.tsx:57,single,العضو,Member,i18n-admin-ui,Proposed English copy for bilingual implementation; review brand/proper-name spelling before production.
SMART-I18N-0848,frontend_admin_static,frontend/src/admin/pages/team/TeamList.tsx:106 | frontend/src/admin/pages/leads/LeadsList.tsx:297,single | double,التواصل,Contact,i18n-admin-ui,Proposed English copy for bilingual implementation; review brand/proper-name spelling before production.
SMART-I18N-0849,frontend_admin_static,frontend/src/admin/pages/team/TeamList.tsx:146,double,فشل تحميل بيانات الفريق,Failed to load team data,i18n-admin-ui,Proposed English copy for bilingual implementation; review brand/proper-name spelling before production.
SMART-I18N-0850,frontend_admin_static,frontend/src/admin/pages/team/TeamList.tsx:152,double,إدارة أعضاء الفريق,Manage Team Members,i18n-admin-ui,Proposed English copy for bilingual implementation; review brand/proper-name spelling before production.
SMART-I18N-0851,frontend_admin_static,frontend/src/admin/pages/team/TeamList.tsx:154,double,إضافة عضو,Add Member,i18n-admin-ui,Proposed English copy for bilingual implementation; review brand/proper-name spelling before production.
SMART-I18N-0852,frontend_admin_static,frontend/src/admin/pages/team/TeamList.tsx:161,double,جميع الأقسام,All Departments,i18n-admin-ui,Proposed English copy for bilingual implementation; review brand/proper-name spelling before production.
SMART-I18N-0853,frontend_admin_static,frontend/src/admin/pages/team/TeamList.tsx:186,double,لا يوجد أعضاء في الفريق,No team members found,i18n-admin-ui,Proposed English copy for bilingual implementation; review brand/proper-name spelling before production.
SMART-I18N-0854,frontend_admin_static,frontend/src/admin/pages/team/TeamList.tsx:192,double,حذف العضو,Delete Team Member,i18n-admin-ui,Proposed English copy for bilingual implementation; review brand/proper-name spelling before production.
SMART-I18N-0855,frontend_admin_static,frontend/src/admin/pages/team/TeamList.tsx:193,double,هل أنت متأكد من حذف هذا العضو من الفريق؟,Are you sure you want to remove this member from the team?,i18n-admin-ui,Proposed English copy for bilingual implementation; review brand/proper-name spelling before production.
SMART-I18N-0856,frontend_admin_static,frontend/src/admin/pages/leads/LeadsList.tsx:37,double,جديد,New,i18n-admin-ui,Proposed English copy for bilingual implementation; review brand/proper-name spelling before production.
SMART-I18N-0857,frontend_admin_static,frontend/src/admin/pages/leads/LeadsList.tsx:42,double,تم التواصل,Contacted,i18n-admin-ui,Proposed English copy for bilingual implementation; review brand/proper-name spelling before production.
SMART-I18N-0858,frontend_admin_static,frontend/src/admin/pages/leads/LeadsList.tsx:47,double,تم إرسال العرض,Proposal Sent,i18n-admin-ui,Proposed English copy for bilingual implementation; review brand/proper-name spelling before production.
SMART-I18N-0859,frontend_admin_static,frontend/src/admin/pages/leads/LeadsList.tsx:52,double,تفاوض,Negotiation,i18n-admin-ui,Proposed English copy for bilingual implementation; review brand/proper-name spelling before production.
SMART-I18N-0860,frontend_admin_static,frontend/src/admin/pages/leads/LeadsList.tsx:57,double,تم الإغلاق - نجاح,Closed - Won,i18n-admin-ui,Proposed English copy for bilingual implementation; review brand/proper-name spelling before production.
SMART-I18N-0861,frontend_admin_static,frontend/src/admin/pages/leads/LeadsList.tsx:62,double,تم الإغلاق - خسارة,Closed - Lost,i18n-admin-ui,Proposed English copy for bilingual implementation; review brand/proper-name spelling before production.
SMART-I18N-0862,frontend_admin_static,frontend/src/admin/pages/leads/LeadsList.tsx:68,double,تطبيق ويب,Web App,i18n-admin-ui,Proposed English copy for bilingual implementation; review brand/proper-name spelling before production.
SMART-I18N-0863,frontend_admin_static,frontend/src/admin/pages/leads/LeadsList.tsx:69,double,تطبيق موبايل,Mobile App,i18n-admin-ui,Proposed English copy for bilingual implementation; review brand/proper-name spelling before production.
SMART-I18N-0864,frontend_admin_static,frontend/src/admin/pages/leads/LeadsList.tsx:70 | frontend/src/admin/pages/technologies/TechnologyForm.tsx:40,double,أتمتة,Automation,i18n-admin-ui,Proposed English copy for bilingual implementation; review brand/proper-name spelling before production.
SMART-I18N-0865,frontend_admin_static,frontend/src/admin/pages/leads/LeadsList.tsx:72,double,متجر إلكتروني,E-Commerce Store,i18n-admin-ui,Proposed English copy for bilingual implementation; review brand/proper-name spelling before production.
SMART-I18N-0866,frontend_admin_static,frontend/src/admin/pages/leads/LeadsList.tsx:73,double,استشارة,Consultation,i18n-admin-ui,Proposed English copy for bilingual implementation; review brand/proper-name spelling before production.
SMART-I18N-0867,frontend_admin_static,frontend/src/admin/pages/leads/LeadsList.tsx:74 | frontend/src/admin/pages/technologies/TechnologyForm.tsx:42,double,أخرى,Other,i18n-admin-ui,Proposed English copy for bilingual implementation; review brand/proper-name spelling before production.
SMART-I18N-0868,frontend_admin_static,frontend/src/admin/pages/leads/LeadsList.tsx:78,double,تواصل عام,General Contact,i18n-admin-ui,Proposed English copy for bilingual implementation; review brand/proper-name spelling before production.
SMART-I18N-0869,frontend_admin_static,frontend/src/admin/pages/leads/LeadsList.tsx:79,double,طلب مشروع,Project Request,i18n-admin-ui,Proposed English copy for bilingual implementation; review brand/proper-name spelling before production.
SMART-I18N-0870,frontend_admin_static,frontend/src/admin/pages/leads/LeadsList.tsx:80,double,طلب باقة,Package Request,i18n-admin-ui,Proposed English copy for bilingual implementation; review brand/proper-name spelling before production.
SMART-I18N-0871,frontend_admin_static,frontend/src/admin/pages/leads/LeadsList.tsx:84,double,منخفضة,Low,i18n-admin-ui,Proposed English copy for bilingual implementation; review brand/proper-name spelling before production.
SMART-I18N-0872,frontend_admin_static,frontend/src/admin/pages/leads/LeadsList.tsx:85 | frontend/src/admin/pages/leads/LeadsList.tsx:270,double,متوسطة,Medium,i18n-admin-ui,Proposed English copy for bilingual implementation; review brand/proper-name spelling before production.
SMART-I18N-0873,frontend_admin_static,frontend/src/admin/pages/leads/LeadsList.tsx:86,double,عالية,High,i18n-admin-ui,Proposed English copy for bilingual implementation; review brand/proper-name spelling before production.
SMART-I18N-0874,frontend_admin_static,frontend/src/admin/pages/leads/LeadsList.tsx:96,double,عاجل,Urgent,i18n-admin-ui,Proposed English copy for bilingual implementation; review brand/proper-name spelling before production.
SMART-I18N-0875,frontend_admin_static,frontend/src/admin/pages/leads/LeadsList.tsx:97,double,خلال شهر,Within One Month,i18n-admin-ui,Proposed English copy for bilingual implementation; review brand/proper-name spelling before production.
SMART-I18N-0876,frontend_admin_static,frontend/src/admin/pages/leads/LeadsList.tsx:98,double,2-3 أشهر,2-3 Months,i18n-admin-ui,Proposed English copy for bilingual implementation; review brand/proper-name spelling before production.
SMART-I18N-0877,frontend_admin_static,frontend/src/admin/pages/leads/LeadsList.tsx:99,double,مرن,Flexible,i18n-admin-ui,Proposed English copy for bilingual implementation; review brand/proper-name spelling before production.
SMART-I18N-0878,frontend_admin_static,frontend/src/admin/pages/leads/LeadsList.tsx:103,double,واتساب,WhatsApp,i18n-admin-ui,Proposed English copy for bilingual implementation; review brand/proper-name spelling before production.
SMART-I18N-0879,frontend_admin_static,frontend/src/admin/pages/leads/LeadsList.tsx:104,double,هاتف,Phone,i18n-admin-ui,Proposed English copy for bilingual implementation; review brand/proper-name spelling before production.
SMART-I18N-0880,frontend_admin_static,frontend/src/admin/pages/leads/LeadsList.tsx:105,double,بريد,Email,i18n-admin-ui,Proposed English copy for bilingual implementation; review brand/proper-name spelling before production.
SMART-I18N-0881,frontend_admin_static,frontend/src/admin/pages/leads/LeadsList.tsx:106,double,اجتماع,Meeting,i18n-admin-ui,Proposed English copy for bilingual implementation; review brand/proper-name spelling before production.
SMART-I18N-0882,frontend_admin_static,frontend/src/admin/pages/leads/LeadsList.tsx:110,double,فكرة أولية,Initial Idea,i18n-admin-ui,Proposed English copy for bilingual implementation; review brand/proper-name spelling before production.
SMART-I18N-0883,frontend_admin_static,frontend/src/admin/pages/leads/LeadsList.tsx:111,double,مشروع قائم,Existing Business,i18n-admin-ui,Proposed English copy for bilingual implementation; review brand/proper-name spelling before production.
SMART-I18N-0884,frontend_admin_static,frontend/src/admin/pages/leads/LeadsList.tsx:112,double,إعادة تصميم,Redesign,i18n-admin-ui,Proposed English copy for bilingual implementation; review brand/proper-name spelling before production.
SMART-I18N-0885,frontend_admin_static,frontend/src/admin/pages/leads/LeadsList.tsx:113,double,توسع,Scaling,i18n-admin-ui,Proposed English copy for bilingual implementation; review brand/proper-name spelling before production.
SMART-I18N-0886,frontend_admin_static,frontend/src/admin/pages/leads/LeadsList.tsx:117,double,فرد,Individual,i18n-admin-ui,Proposed English copy for bilingual implementation; review brand/proper-name spelling before production.
SMART-I18N-0887,frontend_admin_static,frontend/src/admin/pages/leads/LeadsList.tsx:118,double,شركة ناشئة,Startup,i18n-admin-ui,Proposed English copy for bilingual implementation; review brand/proper-name spelling before production.
SMART-I18N-0888,frontend_admin_static,frontend/src/admin/pages/leads/LeadsList.tsx:119,double,مشروع صغير,Small Business,i18n-admin-ui,Proposed English copy for bilingual implementation; review brand/proper-name spelling before production.
SMART-I18N-0889,frontend_admin_static,frontend/src/admin/pages/leads/LeadsList.tsx:120,double,شركة,Company,i18n-admin-ui,Proposed English copy for bilingual implementation; review brand/proper-name spelling before production.
SMART-I18N-0890,frontend_admin_static,frontend/src/admin/pages/leads/LeadsList.tsx:153,double,تم حذف العميل بنجاح,Lead deleted successfully,i18n-admin-ui,Proposed English copy for bilingual implementation; review brand/proper-name spelling before production.
SMART-I18N-0891,frontend_admin_static,frontend/src/admin/pages/leads/LeadsList.tsx:157,double,فشل حذف العميل,Failed to delete lead,i18n-admin-ui,Proposed English copy for bilingual implementation; review brand/proper-name spelling before production.
SMART-I18N-0892,frontend_admin_static,frontend/src/admin/pages/leads/LeadsList.tsx:171,double,تم تحديث بيانات العميل,Lead information updated successfully,i18n-admin-ui,Proposed English copy for bilingual implementation; review brand/proper-name spelling before production.
SMART-I18N-0893,frontend_admin_static,frontend/src/admin/pages/leads/LeadsList.tsx:174,double,فشل تحديث بيانات العميل,Failed to update lead information,i18n-admin-ui,Proposed English copy for bilingual implementation; review brand/proper-name spelling before production.
SMART-I18N-0894,frontend_admin_static,frontend/src/admin/pages/leads/LeadsList.tsx:206,template,تم نسخ ${label},Copied ${label},i18n-admin-ui,Proposed English copy for bilingual implementation; review brand/proper-name spelling before production.
SMART-I18N-0895,frontend_admin_static,frontend/src/admin/pages/leads/LeadsList.tsx:246,double,النوع,Type,i18n-admin-ui,Proposed English copy for bilingual implementation; review brand/proper-name spelling before production.
SMART-I18N-0896,frontend_admin_static,frontend/src/admin/pages/leads/LeadsList.tsx:264 | frontend/src/admin/pages/leads/LeadsList.tsx:689,double,الأولوية,Priority,i18n-admin-ui,Proposed English copy for bilingual implementation; review brand/proper-name spelling before production.
SMART-I18N-0897,frontend_admin_static,frontend/src/admin/pages/leads/LeadsList.tsx:276,double,الخدمة,Service,i18n-admin-ui,Proposed English copy for bilingual implementation; review brand/proper-name spelling before production.
SMART-I18N-0898,frontend_admin_static,frontend/src/admin/pages/leads/LeadsList.tsx:288,double,المدة,Timeline,i18n-admin-ui,Proposed English copy for bilingual implementation; review brand/proper-name spelling before production.
SMART-I18N-0899,frontend_admin_static,frontend/src/admin/pages/leads/LeadsList.tsx:367,double,فشل تحميل بيانات العملاء,Failed to load lead data,i18n-admin-ui,Proposed English copy for bilingual implementation; review brand/proper-name spelling before production.
SMART-I18N-0900,frontend_admin_static,frontend/src/admin/pages/leads/LeadsList.tsx:373,double,إدارة طلبات العملاء والتواصل معهم,Manage customer requests and communications,i18n-admin-ui,Proposed English copy for bilingual implementation; review brand/proper-name spelling before production.
SMART-I18N-0901,frontend_admin_static,frontend/src/admin/pages/leads/LeadsList.tsx:380 | frontend/src/admin/pages/faqs/FAQsList.tsx:48 | frontend/src/admin/components/layout/Header.tsx:40,double,بحث...,Search...,i18n-admin-ui,Proposed English copy for bilingual implementation; review brand/proper-name spelling before production.
SMART-I18N-0902,frontend_admin_static,frontend/src/admin/pages/leads/LeadsList.tsx:388,double,جميع الأنواع,All Types,i18n-admin-ui,Proposed English copy for bilingual implementation; review brand/proper-name spelling before production.
SMART-I18N-0903,frontend_admin_static,frontend/src/admin/pages/leads/LeadsList.tsx:404,double,جميع الحالات,All Statuses,i18n-admin-ui,Proposed English copy for bilingual implementation; review brand/proper-name spelling before production.
SMART-I18N-0904,frontend_admin_static,frontend/src/admin/pages/leads/LeadsList.tsx:420,double,جميع الخدمات,All Services,i18n-admin-ui,Proposed English copy for bilingual implementation; review brand/proper-name spelling before production.
SMART-I18N-0905,frontend_admin_static,frontend/src/admin/pages/leads/LeadsList.tsx:436,double,جميع الأولويات,All Priorities,i18n-admin-ui,Proposed English copy for bilingual implementation; review brand/proper-name spelling before production.
SMART-I18N-0906,frontend_admin_static,frontend/src/admin/pages/leads/LeadsList.tsx:457,double,لا يوجد عملاء محتملين,No leads found,i18n-admin-ui,Proposed English copy for bilingual implementation; review brand/proper-name spelling before production.
SMART-I18N-0907,frontend_admin_static,frontend/src/admin/pages/leads/LeadsList.tsx:464,jsx,تفاصيل العميل,Lead Details,i18n-admin-ui,Proposed English copy for bilingual implementation; review brand/proper-name spelling before production.
SMART-I18N-0908,frontend_admin_static,frontend/src/admin/pages/leads/LeadsList.tsx:475,jsx,الاسم,Name,i18n-admin-ui,Proposed English copy for bilingual implementation; review brand/proper-name spelling before production.
SMART-I18N-0909,frontend_admin_static,frontend/src/admin/pages/leads/LeadsList.tsx:479,jsx,الشركة,Company,i18n-admin-ui,Proposed English copy for bilingual implementation; review brand/proper-name spelling before production.
SMART-I18N-0910,frontend_admin_static,frontend/src/admin/pages/leads/LeadsList.tsx:487 | frontend/src/admin/pages/leads/LeadsList.tsx:679,double,البريد,Email,i18n-admin-ui,Proposed English copy for bilingual implementation; review brand/proper-name spelling before production.
SMART-I18N-0911,frontend_admin_static,frontend/src/admin/pages/leads/LeadsList.tsx:495 | frontend/src/admin/pages/leads/LeadsList.tsx:501,jsx | double,الهاتف,Phone,i18n-admin-ui,Proposed English copy for bilingual implementation; review brand/proper-name spelling before production.
SMART-I18N-0912,frontend_admin_static,frontend/src/admin/pages/leads/LeadsList.tsx:518,jsx,حجم الشركة,Company Size,i18n-admin-ui,Proposed English copy for bilingual implementation; review brand/proper-name spelling before production.
SMART-I18N-0913,frontend_admin_static,frontend/src/admin/pages/leads/LeadsList.tsx:536,jsx,مرحلة المشروع,Project Stage,i18n-admin-ui,Proposed English copy for bilingual implementation; review brand/proper-name spelling before production.
SMART-I18N-0914,frontend_admin_static,frontend/src/admin/pages/leads/LeadsList.tsx:544,jsx,هدف المشروع,Project Goal,i18n-admin-ui,Proposed English copy for bilingual implementation; review brand/proper-name spelling before production.
SMART-I18N-0915,frontend_admin_static,frontend/src/admin/pages/leads/LeadsList.tsx:550,jsx,الموقع الحالي,Current Website,i18n-admin-ui,Proposed English copy for bilingual implementation; review brand/proper-name spelling before production.
SMART-I18N-0916,frontend_admin_static,frontend/src/admin/pages/leads/LeadsList.tsx:556,jsx,الهوية البصرية,Brand Identity,i18n-admin-ui,Proposed English copy for bilingual implementation; review brand/proper-name spelling before production.
SMART-I18N-0917,frontend_admin_static,frontend/src/admin/pages/leads/LeadsList.tsx:557,double,متوفرة,Available,i18n-admin-ui,Proposed English copy for bilingual implementation; review brand/proper-name spelling before production.
SMART-I18N-0918,frontend_admin_static,frontend/src/admin/pages/leads/LeadsList.tsx:557,double,غير متوفرة,Not Available,i18n-admin-ui,Proposed English copy for bilingual implementation; review brand/proper-name spelling before production.
SMART-I18N-0919,frontend_admin_static,frontend/src/admin/pages/leads/LeadsList.tsx:557,jsx,"{selectedLead.hasBrandIdentity ? ""متوفرة"" : ""غير متوفرة""}","{selectedLead.hasBrandIdentity ? ""Available"" : ""Not Available""}",i18n-admin-ui,Proposed English copy for bilingual implementation; review brand/proper-name spelling before production.
SMART-I18N-0920,frontend_admin_static,frontend/src/admin/pages/leads/LeadsList.tsx:563,double,جاهز,Ready,i18n-admin-ui,Proposed English copy for bilingual implementation; review brand/proper-name spelling before production.
SMART-I18N-0921,frontend_admin_static,frontend/src/admin/pages/leads/LeadsList.tsx:563,double,غير جاهز,Not Ready,i18n-admin-ui,Proposed English copy for bilingual implementation; review brand/proper-name spelling before production.
SMART-I18N-0922,frontend_admin_static,frontend/src/admin/pages/leads/LeadsList.tsx:563,jsx,"{selectedLead.hasContentReady ? ""جاهز"" : ""غير جاهز""}","{selectedLead.hasContentReady ? ""Ready"" : ""Not Ready""}",i18n-admin-ui,Proposed English copy for bilingual implementation; review brand/proper-name spelling before production.
SMART-I18N-0923,frontend_admin_static,frontend/src/admin/pages/leads/LeadsList.tsx:577,jsx,الميزانية,Budget,i18n-admin-ui,Proposed English copy for bilingual implementation; review brand/proper-name spelling before production.
SMART-I18N-0924,frontend_admin_static,frontend/src/admin/pages/leads/LeadsList.tsx:582,jsx,المدة المتوقعة,Expected Timeline,i18n-admin-ui,Proposed English copy for bilingual implementation; review brand/proper-name spelling before production.
SMART-I18N-0925,frontend_admin_static,frontend/src/admin/pages/leads/LeadsList.tsx:590,jsx,تاريخ الإطلاق المتوقع,Expected Launch Date,i18n-admin-ui,Proposed English copy for bilingual implementation; review brand/proper-name spelling before production.
SMART-I18N-0926,frontend_admin_static,frontend/src/admin/pages/leads/LeadsList.tsx:605,jsx,الطريقة,Method,i18n-admin-ui,Proposed English copy for bilingual implementation; review brand/proper-name spelling before production.
SMART-I18N-0927,frontend_admin_static,frontend/src/admin/pages/leads/LeadsList.tsx:613,jsx,وقت الاجتماع المفضل,Preferred Meeting Time,i18n-admin-ui,Proposed English copy for bilingual implementation; review brand/proper-name spelling before production.
SMART-I18N-0928,frontend_admin_static,frontend/src/admin/pages/leads/LeadsList.tsx:619,jsx,سبب التواصل,Contact Reason,i18n-admin-ui,Proposed English copy for bilingual implementation; review brand/proper-name spelling before production.
SMART-I18N-0929,frontend_admin_static,frontend/src/admin/pages/leads/LeadsList.tsx:637,double,نعم,Yes,i18n-admin-ui,Proposed English copy for bilingual implementation; review brand/proper-name spelling before production.
SMART-I18N-0930,frontend_admin_static,frontend/src/admin/pages/leads/LeadsList.tsx:637,double,لا,No,i18n-admin-ui,Proposed English copy for bilingual implementation; review brand/proper-name spelling before production.
SMART-I18N-0931,frontend_admin_static,frontend/src/admin/pages/leads/LeadsList.tsx:648,jsx,الرسالة,Message,i18n-admin-ui,Proposed English copy for bilingual implementation; review brand/proper-name spelling before production.
SMART-I18N-0932,frontend_admin_static,frontend/src/admin/pages/leads/LeadsList.tsx:655,jsx,ملاحظات,Notes,i18n-admin-ui,Proposed English copy for bilingual implementation; review brand/proper-name spelling before production.
SMART-I18N-0933,frontend_admin_static,frontend/src/admin/pages/leads/LeadsList.tsx:660,double,أضف ملاحظات...,Add notes...,i18n-admin-ui,Proposed English copy for bilingual implementation; review brand/proper-name spelling before production.
SMART-I18N-0934,frontend_admin_static,frontend/src/admin/pages/leads/LeadsList.tsx:725,double,حذف العميل,Delete Lead,i18n-admin-ui,Proposed English copy for bilingual implementation; review brand/proper-name spelling before production.
SMART-I18N-0935,frontend_admin_static,frontend/src/admin/pages/leads/LeadsList.tsx:726,double,هل أنت متأكد من حذف بيانات هذا العميل؟,Are you sure you want to delete this lead’s data?,i18n-admin-ui,Proposed English copy for bilingual implementation; review brand/proper-name spelling before production.
SMART-I18N-0936,frontend_admin_static,frontend/src/admin/pages/technologies/TechnologiesList.tsx:27,double,تم حذف التقنية بنجاح,Technology deleted successfully,i18n-admin-ui,Proposed English copy for bilingual implementation; review brand/proper-name spelling before production.
SMART-I18N-0937,frontend_admin_static,frontend/src/admin/pages/technologies/TechnologiesList.tsx:30,double,فشل حذف التقنية,Failed to delete technology,i18n-admin-ui,Proposed English copy for bilingual implementation; review brand/proper-name spelling before production.
SMART-I18N-0938,frontend_admin_static,frontend/src/admin/pages/technologies/TechnologiesList.tsx:41,double,فشل تحميل التقنيات,Failed to load technologies,i18n-admin-ui,Proposed English copy for bilingual implementation; review brand/proper-name spelling before production.
SMART-I18N-0939,frontend_admin_static,frontend/src/admin/pages/technologies/TechnologiesList.tsx:46 | frontend/src/admin/components/layout/Breadcrumb.tsx:11 | frontend/src/admin/components/layout/Sidebar.tsx:43,double,التقنيات,Technologies,i18n-admin-ui,Proposed English copy for bilingual implementation; review brand/proper-name spelling before production.
SMART-I18N-0940,frontend_admin_static,frontend/src/admin/pages/technologies/TechnologiesList.tsx:47,double,إدارة التقنيات المستخدمة في المشاريع,Manage technologies used in projects,i18n-admin-ui,Proposed English copy for bilingual implementation; review brand/proper-name spelling before production.
SMART-I18N-0941,frontend_admin_static,frontend/src/admin/pages/technologies/TechnologiesList.tsx:49 | frontend/src/admin/pages/technologies/TechnologiesList.tsx:64,double,إضافة تقنية,Add Technology,i18n-admin-ui,Proposed English copy for bilingual implementation; review brand/proper-name spelling before production.
SMART-I18N-0942,frontend_admin_static,frontend/src/admin/pages/technologies/TechnologiesList.tsx:64,double,لا توجد تقنيات,No technologies found,i18n-admin-ui,Proposed English copy for bilingual implementation; review brand/proper-name spelling before production.
SMART-I18N-0943,frontend_admin_static,frontend/src/admin/pages/technologies/TechnologiesList.tsx:64,double,ابدأ بإضافة تقنية جديدة,Start by adding a new technology,i18n-admin-ui,Proposed English copy for bilingual implementation; review brand/proper-name spelling before production.
SMART-I18N-0944,frontend_admin_static,frontend/src/admin/pages/technologies/TechnologiesList.tsx:143,double,حذف التقنية,Delete Technology,i18n-admin-ui,Proposed English copy for bilingual implementation; review brand/proper-name spelling before production.
SMART-I18N-0945,frontend_admin_static,frontend/src/admin/pages/technologies/TechnologiesList.tsx:144,double,هل أنت متأكد من حذف هذه التقنية؟,Are you sure you want to delete this technology?,i18n-admin-ui,Proposed English copy for bilingual implementation; review brand/proper-name spelling before production.
SMART-I18N-0946,frontend_admin_static,frontend/src/admin/pages/technologies/TechnologyForm.tsx:41,double,قواعد البيانات,Databases,i18n-admin-ui,Proposed English copy for bilingual implementation; review brand/proper-name spelling before production.
SMART-I18N-0947,frontend_admin_static,frontend/src/admin/pages/technologies/TechnologyForm.tsx:94,double,تم تحديث التقنية,Technology updated successfully,i18n-admin-ui,Proposed English copy for bilingual implementation; review brand/proper-name spelling before production.
SMART-I18N-0948,frontend_admin_static,frontend/src/admin/pages/technologies/TechnologyForm.tsx:94,double,تم إضافة التقنية,Technology added successfully,i18n-admin-ui,Proposed English copy for bilingual implementation; review brand/proper-name spelling before production.
SMART-I18N-0949,frontend_admin_static,frontend/src/admin/pages/technologies/TechnologyForm.tsx:98,double,حدث خطأ,An Error Occurred,i18n-admin-ui,Proposed English copy for bilingual implementation; review brand/proper-name spelling before production.
SMART-I18N-0950,frontend_admin_static,frontend/src/admin/pages/technologies/TechnologyForm.tsx:105,template,"${isEdit ? ""فشل التحديث"" : ""فشل الإضافة""}: ${errorMessage}","${isEdit ? ""Update failed"" : ""Add failed""}: ${errorMessage}",i18n-admin-ui,Proposed English copy for bilingual implementation; review brand/proper-name spelling before production.
SMART-I18N-0951,frontend_admin_static,frontend/src/admin/pages/technologies/TechnologyForm.tsx:120,double,تعديل التقنية,Edit Technology,i18n-admin-ui,Proposed English copy for bilingual implementation; review brand/proper-name spelling before production.
SMART-I18N-0952,frontend_admin_static,frontend/src/admin/pages/technologies/TechnologyForm.tsx:120,double,إضافة تقنية جديدة,Add New Technology,i18n-admin-ui,Proposed English copy for bilingual implementation; review brand/proper-name spelling before production.
SMART-I18N-0953,frontend_admin_static,frontend/src/admin/pages/technologies/TechnologyForm.tsx:130,double,يرجى إصلاح الأخطاء في النموذج,Please fix the errors in the form,i18n-admin-ui,Proposed English copy for bilingual implementation; review brand/proper-name spelling before production.
SMART-I18N-0954,frontend_admin_static,frontend/src/admin/pages/technologies/TechnologyForm.tsx:151,double,مثال: React,Example: React,i18n-admin-ui,Proposed English copy for bilingual implementation; review brand/proper-name spelling before production.
SMART-I18N-0955,frontend_admin_static,frontend/src/admin/pages/technologies/TechnologyForm.tsx:178,double,اختر التصنيف,Select Category,i18n-admin-ui,Proposed English copy for bilingual implementation; review brand/proper-name spelling before production.
SMART-I18N-0956,frontend_admin_static,frontend/src/admin/pages/technologies/TechnologyForm.tsx:212,double,وصف مختصر للتقنية,Short description of the technology,i18n-admin-ui,Proposed English copy for bilingual implementation; review brand/proper-name spelling before production.
SMART-I18N-0957,frontend_admin_static,frontend/src/admin/pages/technologies/TechnologyForm.tsx:223,double,تلميح قصير يظهر عند hover للعملاء غير التقنيين,A short tooltip shown on hover for non-technical clients,i18n-admin-ui,Proposed English copy for bilingual implementation; review brand/proper-name spelling before production.
SMART-I18N-0958,frontend_admin_static,frontend/src/admin/pages/projects/ProjectForm.tsx:34,double,الملخص مطلوب,Summary is required,i18n-admin-ui,Proposed English copy for bilingual implementation; review brand/proper-name spelling before production.
SMART-I18N-0959,frontend_admin_static,frontend/src/admin/pages/projects/ProjectForm.tsx:247,double,تم تحديث المشروع بنجاح,Project updated successfully,i18n-admin-ui,Proposed English copy for bilingual implementation; review brand/proper-name spelling before production.
SMART-I18N-0960,frontend_admin_static,frontend/src/admin/pages/projects/ProjectForm.tsx:247,double,تم إنشاء المشروع بنجاح,Project created successfully,i18n-admin-ui,Proposed English copy for bilingual implementation; review brand/proper-name spelling before production.
SMART-I18N-0961,frontend_admin_static,frontend/src/admin/pages/projects/ProjectForm.tsx:252,double,فشل تحديث المشروع,Failed to update project,i18n-admin-ui,Proposed English copy for bilingual implementation; review brand/proper-name spelling before production.
SMART-I18N-0962,frontend_admin_static,frontend/src/admin/pages/projects/ProjectForm.tsx:252,double,فشل إنشاء المشروع,Failed to create project,i18n-admin-ui,Proposed English copy for bilingual implementation; review brand/proper-name spelling before production.
SMART-I18N-0963,frontend_admin_static,frontend/src/admin/pages/projects/ProjectForm.tsx:282,double,يرجى تصحيح الأخطاء في النموذج,Please correct the errors in the form,i18n-admin-ui,Proposed English copy for bilingual implementation; review brand/proper-name spelling before production.
SMART-I18N-0964,frontend_admin_static,frontend/src/admin/pages/projects/ProjectForm.tsx:296,double,تعديل المشروع,Edit Project,i18n-admin-ui,Proposed English copy for bilingual implementation; review brand/proper-name spelling before production.
SMART-I18N-0965,frontend_admin_static,frontend/src/admin/pages/projects/ProjectForm.tsx:359,double,اسم المشروع,Project Name,i18n-admin-ui,Proposed English copy for bilingual implementation; review brand/proper-name spelling before production.
SMART-I18N-0966,frontend_admin_static,frontend/src/admin/pages/projects/ProjectForm.tsx:394,double,وصف مختصر للمشروع,Short project description,i18n-admin-ui,Proposed English copy for bilingual implementation; review brand/proper-name spelling before production.
SMART-I18N-0967,frontend_admin_static,frontend/src/admin/pages/projects/ProjectForm.tsx:437,jsx,لا توجد تصنيفات معرفة بعد,No categories have been defined yet,i18n-admin-ui,Proposed English copy for bilingual implementation; review brand/proper-name spelling before production.
SMART-I18N-0968,frontend_admin_static,frontend/src/admin/pages/projects/ProjectForm.tsx:457,double,اسم العميل,Client Name,i18n-admin-ui,Proposed English copy for bilingual implementation; review brand/proper-name spelling before production.
SMART-I18N-0969,frontend_admin_static,frontend/src/admin/pages/projects/ProjectForm.tsx:494,jsx,المختارة:,Selected:,i18n-admin-ui,Proposed English copy for bilingual implementation; review brand/proper-name spelling before production.
SMART-I18N-0970,frontend_admin_static,frontend/src/admin/pages/projects/ProjectForm.tsx:608,double,ما هو التحدي الذي واجه العميل؟,What challenge did the client face?,i18n-admin-ui,Proposed English copy for bilingual implementation; review brand/proper-name spelling before production.
SMART-I18N-0971,frontend_admin_static,frontend/src/admin/pages/projects/ProjectForm.tsx:620,double,كيف تم حل المشكلة؟,How was the problem solved?,i18n-admin-ui,Proposed English copy for bilingual implementation; review brand/proper-name spelling before production.
SMART-I18N-0972,frontend_admin_static,frontend/src/admin/pages/projects/ProjectForm.tsx:652,double,العنوان (مثال: توحيد دورة العمل),Title (example: Unified Workflow),i18n-admin-ui,Proposed English copy for bilingual implementation; review brand/proper-name spelling before production.
SMART-I18N-0973,frontend_admin_static,frontend/src/admin/pages/projects/ProjectForm.tsx:658,double,الوصف (مثال: من البلاغ العام إلى طلب الصيانة ثم الإغلاق داخل منصة واحدة),Description (example: From the initial report to the maintenance request and closure within one platform),i18n-admin-ui,Proposed English copy for bilingual implementation; review brand/proper-name spelling before production.
SMART-I18N-0974,frontend_admin_static,frontend/src/admin/pages/projects/ProjectForm.tsx:704,double,أدخل الميزة ثم Enter للميزة التالية,"Enter a feature, then press Enter for the next one",i18n-admin-ui,Proposed English copy for bilingual implementation; review brand/proper-name spelling before production.
SMART-I18N-0975,frontend_admin_static,frontend/src/admin/pages/projects/ProjectForm.tsx:870,double,تعليم، تجارة إلكترونية، خدمات...,"Education, e-commerce, services...",i18n-admin-ui,Proposed English copy for bilingual implementation; review brand/proper-name spelling before production.
SMART-I18N-0976,frontend_admin_static,frontend/src/admin/pages/projects/ProjectForm.tsx:895,double,45 يوم، 3 أشهر، 6 أسابيع...,"45 days, 3 months, 6 weeks...",i18n-admin-ui,Proposed English copy for bilingual implementation; review brand/proper-name spelling before production.
SMART-I18N-0977,frontend_admin_static,frontend/src/admin/pages/projects/ProjectForm.tsx:920,jsx,القيمة,Value,i18n-admin-ui,Proposed English copy for bilingual implementation; review brand/proper-name spelling before production.
SMART-I18N-0978,frontend_admin_static,frontend/src/admin/pages/projects/ProjectForm.tsx:933,double,شاشة,Screen,i18n-admin-ui,Proposed English copy for bilingual implementation; review brand/proper-name spelling before production.
SMART-I18N-0979,frontend_admin_static,frontend/src/admin/pages/projects/ProjectForm.tsx:938,jsx,الوصف (اختياري),Description (optional),i18n-admin-ui,Proposed English copy for bilingual implementation; review brand/proper-name spelling before production.
SMART-I18N-0980,frontend_admin_static,frontend/src/admin/pages/projects/ProjectForm.tsx:942,double,عدد الشاشات المصممة والمطورة,Number of screens designed and developed,i18n-admin-ui,Proposed English copy for bilingual implementation; review brand/proper-name spelling before production.
SMART-I18N-0981,frontend_admin_static,frontend/src/admin/pages/projects/ProjectForm.tsx:990,double,عنوان صفحة المشروع,Project Page Title,i18n-admin-ui,Proposed English copy for bilingual implementation; review brand/proper-name spelling before production.
SMART-I18N-0982,frontend_admin_static,frontend/src/admin/pages/projects/ProjectForm.tsx:1002,double,وصف للظهور في نتائج البحث,Description for search results,i18n-admin-ui,Proposed English copy for bilingual implementation; review brand/proper-name spelling before production.
SMART-I18N-0983,frontend_admin_static,frontend/src/admin/pages/projects/ProjectForm.tsx:1013,double,أدخل الكلمات مفصولة بفواصل,Enter keywords separated by commas,i18n-admin-ui,Proposed English copy for bilingual implementation; review brand/proper-name spelling before production.
SMART-I18N-0984,frontend_admin_static,frontend/src/admin/pages/projects/ProjectForm.tsx:1082,double,تحديث المشروع,Update Project,i18n-admin-ui,Proposed English copy for bilingual implementation; review brand/proper-name spelling before production.
SMART-I18N-0985,frontend_admin_static,frontend/src/admin/pages/projects/ProjectForm.tsx:1084,double,إنشاء المشروع,Create Project,i18n-admin-ui,Proposed English copy for bilingual implementation; review brand/proper-name spelling before production.
SMART-I18N-0986,frontend_admin_static,frontend/src/admin/pages/projects/ProjectsList.tsx:48,single,تم حذف المشروع بنجاح,Project deleted successfully,i18n-admin-ui,Proposed English copy for bilingual implementation; review brand/proper-name spelling before production.
SMART-I18N-0987,frontend_admin_static,frontend/src/admin/pages/projects/ProjectsList.tsx:52,single,فشل حذف المشروع,Failed to delete project,i18n-admin-ui,Proposed English copy for bilingual implementation; review brand/proper-name spelling before production.
SMART-I18N-0988,frontend_admin_static,frontend/src/admin/pages/projects/ProjectsList.tsx:61,single,تم تحديث حالة التمييز,Featured status updated,i18n-admin-ui,Proposed English copy for bilingual implementation; review brand/proper-name spelling before production.
SMART-I18N-0989,frontend_admin_static,frontend/src/admin/pages/projects/ProjectsList.tsx:64,single,فشل تحديث حالة التمييز,Failed to update featured status,i18n-admin-ui,Proposed English copy for bilingual implementation; review brand/proper-name spelling before production.
SMART-I18N-0990,frontend_admin_static,frontend/src/admin/pages/projects/ProjectsList.tsx:73,single,تم تحديث حالة النشر,Publishing status updated,i18n-admin-ui,Proposed English copy for bilingual implementation; review brand/proper-name spelling before production.
SMART-I18N-0991,frontend_admin_static,frontend/src/admin/pages/projects/ProjectsList.tsx:76,single,فشل تحديث حالة النشر,Failed to update publishing status,i18n-admin-ui,Proposed English copy for bilingual implementation; review brand/proper-name spelling before production.
SMART-I18N-0992,frontend_admin_static,frontend/src/admin/pages/projects/ProjectsList.tsx:83,single,المشروع,Project,i18n-admin-ui,Proposed English copy for bilingual implementation; review brand/proper-name spelling before production.
SMART-I18N-0993,frontend_admin_static,frontend/src/admin/pages/projects/ProjectsList.tsx:130,single,الترتيب,Order,i18n-admin-ui,Proposed English copy for bilingual implementation; review brand/proper-name spelling before production.
SMART-I18N-0994,frontend_admin_static,frontend/src/admin/pages/projects/ProjectsList.tsx:159,single,آخر تحديث,Last Updated,i18n-admin-ui,Proposed English copy for bilingual implementation; review brand/proper-name spelling before production.
SMART-I18N-0995,frontend_admin_static,frontend/src/admin/pages/projects/ProjectsList.tsx:172,double,عرض,View,i18n-admin-ui,Proposed English copy for bilingual implementation; review brand/proper-name spelling before production.
SMART-I18N-0996,frontend_admin_static,frontend/src/admin/pages/projects/ProjectsList.tsx:181,single,إلغاء التمييز,Remove Featured Status,i18n-admin-ui,Proposed English copy for bilingual implementation; review brand/proper-name spelling before production.
SMART-I18N-0997,frontend_admin_static,frontend/src/admin/pages/projects/ProjectsList.tsx:181,single,تعيين كمميز,Mark as Featured,i18n-admin-ui,Proposed English copy for bilingual implementation; review brand/proper-name spelling before production.
SMART-I18N-0998,frontend_admin_static,frontend/src/admin/pages/projects/ProjectsList.tsx:190,single,إخفاء,Hide,i18n-admin-ui,Proposed English copy for bilingual implementation; review brand/proper-name spelling before production.
SMART-I18N-0999,frontend_admin_static,frontend/src/admin/pages/projects/ProjectsList.tsx:190,single,نشر,Publish,i18n-admin-ui,Proposed English copy for bilingual implementation; review brand/proper-name spelling before production.
SMART-I18N-1000,frontend_admin_static,frontend/src/admin/pages/projects/ProjectsList.tsx:195 | frontend/src/admin/components/layout/Breadcrumb.tsx:15,double,تعديل,Edit,i18n-admin-ui,Proposed English copy for bilingual implementation; review brand/proper-name spelling before production.
SMART-I18N-1001,frontend_admin_static,frontend/src/admin/pages/projects/ProjectsList.tsx:214,double,فشل تحميل المشاريع,Failed to load projects,i18n-admin-ui,Proposed English copy for bilingual implementation; review brand/proper-name spelling before production.
SMART-I18N-1002,frontend_admin_static,frontend/src/admin/pages/projects/ProjectsList.tsx:220,double,إدارة مشاريع الشركة,Manage company projects,i18n-admin-ui,Proposed English copy for bilingual implementation; review brand/proper-name spelling before production.
SMART-I18N-1003,frontend_admin_static,frontend/src/admin/pages/projects/ProjectsList.tsx:222,double,إضافة مشروع,Add Project,i18n-admin-ui,Proposed English copy for bilingual implementation; review brand/proper-name spelling before production.
SMART-I18N-1004,frontend_admin_static,frontend/src/admin/pages/projects/ProjectsList.tsx:228,double,بحث في المشاريع...,Search projects...,i18n-admin-ui,Proposed English copy for bilingual implementation; review brand/proper-name spelling before production.
SMART-I18N-1005,frontend_admin_static,frontend/src/admin/pages/projects/ProjectsList.tsx:237 | frontend/src/admin/pages/faqs/FAQsList.tsx:50 | frontend/src/admin/pages/faqs/FAQsList.tsx:52,double | jsx,جميع التصنيفات,All Categories,i18n-admin-ui,Proposed English copy for bilingual implementation; review brand/proper-name spelling before production.
SMART-I18N-1006,frontend_admin_static,frontend/src/admin/pages/projects/ProjectsList.tsx:257,double,حالة النشر,Publishing Status,i18n-admin-ui,Proposed English copy for bilingual implementation; review brand/proper-name spelling before production.
SMART-I18N-1007,frontend_admin_static,frontend/src/admin/pages/projects/ProjectsList.tsx:274,double,المميز,Featured,i18n-admin-ui,Proposed English copy for bilingual implementation; review brand/proper-name spelling before production.
SMART-I18N-1008,frontend_admin_static,frontend/src/admin/pages/projects/ProjectsList.tsx:296,double,لا توجد مشاريع,No Projects Found,i18n-admin-ui,Proposed English copy for bilingual implementation; review brand/proper-name spelling before production.
SMART-I18N-1009,frontend_admin_static,frontend/src/admin/pages/projects/ProjectsList.tsx:302,double,حذف المشروع,Delete Project,i18n-admin-ui,Proposed English copy for bilingual implementation; review brand/proper-name spelling before production.
SMART-I18N-1010,frontend_admin_static,frontend/src/admin/pages/projects/ProjectsList.tsx:303,double,هل أنت متأكد من حذف هذا المشروع؟ هذا الإجراء لا يمكن التراجع عنه.,Are you sure you want to delete this project? This action cannot be undone.,i18n-admin-ui,Proposed English copy for bilingual implementation; review brand/proper-name spelling before production.
SMART-I18N-1011,frontend_admin_static,frontend/src/admin/pages/company-info/CompanyInfoForm.tsx:19 | frontend/src/admin/pages/company-info/CompanyInfoForm.tsx:29 | frontend/src/admin/pages/company-info/CompanyInfoForm.tsx:35 | frontend/src/admin/pages/company-info/CompanyInfoForm.tsx:40 | frontend/src/admin/pages/company-info/CompanyInfoForm.tsx:45 | frontend/src/admin/pages/company-info/CompanyInfoForm.tsx:50,double,يرجى إدخال رابط صحيح,Please enter a valid URL,i18n-admin-ui,Proposed English copy for bilingual implementation; review brand/proper-name spelling before production.
SMART-I18N-1012,frontend_admin_static,frontend/src/admin/pages/company-info/CompanyInfoForm.tsx:20,double,رابط Google Maps مطلوب,Google Maps URL is required,i18n-admin-ui,Proposed English copy for bilingual implementation; review brand/proper-name spelling before production.
SMART-I18N-1013,frontend_admin_static,frontend/src/admin/pages/company-info/CompanyInfoForm.tsx:21,double,أوقات الدوام مطلوبة,Working hours are required,i18n-admin-ui,Proposed English copy for bilingual implementation; review brand/proper-name spelling before production.
SMART-I18N-1014,frontend_admin_static,frontend/src/admin/pages/company-info/CompanyInfoForm.tsx:24,double,يرجى إدخال بريد إلكتروني صحيح,Please enter a valid email address,i18n-admin-ui,Proposed English copy for bilingual implementation; review brand/proper-name spelling before production.
SMART-I18N-1015,frontend_admin_static,frontend/src/admin/pages/company-info/CompanyInfoForm.tsx:25,double,البريد الإلكتروني مطلوب,Email address is required,i18n-admin-ui,Proposed English copy for bilingual implementation; review brand/proper-name spelling before production.
SMART-I18N-1016,frontend_admin_static,frontend/src/admin/pages/company-info/CompanyInfoForm.tsx:26,double,رقم الهاتف مطلوب,Phone number is required,i18n-admin-ui,Proposed English copy for bilingual implementation; review brand/proper-name spelling before production.
SMART-I18N-1017,frontend_admin_static,frontend/src/admin/pages/company-info/CompanyInfoForm.tsx:30,double,رابط الواتساب مطلوب,WhatsApp URL is required,i18n-admin-ui,Proposed English copy for bilingual implementation; review brand/proper-name spelling before production.
SMART-I18N-1018,frontend_admin_static,frontend/src/admin/pages/company-info/CompanyInfoForm.tsx:113,double,تم تحديث المعلومات بنجاح,Information updated successfully,i18n-admin-ui,Proposed English copy for bilingual implementation; review brand/proper-name spelling before production.
SMART-I18N-1019,frontend_admin_static,frontend/src/admin/pages/company-info/CompanyInfoForm.tsx:127,double,المعلومات الرئيسية للشركة,Main Company Information,i18n-admin-ui,Proposed English copy for bilingual implementation; review brand/proper-name spelling before production.
SMART-I18N-1020,frontend_admin_static,frontend/src/admin/pages/company-info/CompanyInfoForm.tsx:135,jsx,معلومات الاتصال,Contact Information,i18n-admin-ui,Proposed English copy for bilingual implementation; review brand/proper-name spelling before production.
SMART-I18N-1021,frontend_admin_static,frontend/src/admin/pages/company-info/CompanyInfoForm.tsx:143,double,"مثال: صنعاء, اليمن","Example: Sana’a, Yemen",i18n-admin-ui,Proposed English copy for bilingual implementation; review brand/proper-name spelling before production.
SMART-I18N-1022,frontend_admin_static,frontend/src/admin/pages/company-info/CompanyInfoForm.tsx:151,jsx,رابط Google Maps *,Google Maps URL *,i18n-admin-ui,Proposed English copy for bilingual implementation; review brand/proper-name spelling before production.
SMART-I18N-1023,frontend_admin_static,frontend/src/admin/pages/company-info/CompanyInfoForm.tsx:165,jsx,أوقات الدوام *,Working Hours *,i18n-admin-ui,Proposed English copy for bilingual implementation; review brand/proper-name spelling before production.
SMART-I18N-1024,frontend_admin_static,frontend/src/admin/pages/company-info/CompanyInfoForm.tsx:169,double,مثال: الأحد - الخميس: 8 ص - 5 م,Example: Sunday - Thursday: 8 AM - 5 PM,i18n-admin-ui,Proposed English copy for bilingual implementation; review brand/proper-name spelling before production.
SMART-I18N-1025,frontend_admin_static,frontend/src/admin/pages/company-info/CompanyInfoForm.tsx:180,jsx,البريد الإلكتروني *,Email Address *,i18n-admin-ui,Proposed English copy for bilingual implementation; review brand/proper-name spelling before production.
SMART-I18N-1026,frontend_admin_static,frontend/src/admin/pages/company-info/CompanyInfoForm.tsx:193,jsx,رقم الهاتف *,Phone Number *,i18n-admin-ui,Proposed English copy for bilingual implementation; review brand/proper-name spelling before production.
SMART-I18N-1027,frontend_admin_static,frontend/src/admin/pages/company-info/CompanyInfoForm.tsx:206,jsx,رابط الواتساب *,WhatsApp URL *,i18n-admin-ui,Proposed English copy for bilingual implementation; review brand/proper-name spelling before production.
SMART-I18N-1028,frontend_admin_static,frontend/src/admin/pages/company-info/CompanyInfoForm.tsx:231,jsx,تويتر,Twitter,i18n-admin-ui,Proposed English copy for bilingual implementation; review brand/proper-name spelling before production.
SMART-I18N-1029,frontend_admin_static,frontend/src/admin/pages/company-info/CompanyInfoForm.tsx:245,jsx,إنستغرام,Instagram,i18n-admin-ui,Proposed English copy for bilingual implementation; review brand/proper-name spelling before production.
SMART-I18N-1030,frontend_admin_static,frontend/src/admin/pages/company-info/CompanyInfoForm.tsx:259,jsx,لينكدإن,LinkedIn,i18n-admin-ui,Proposed English copy for bilingual implementation; review brand/proper-name spelling before production.
SMART-I18N-1031,frontend_admin_static,frontend/src/admin/pages/company-info/CompanyInfoForm.tsx:273,jsx,فيسبوك,Facebook,i18n-admin-ui,Proposed English copy for bilingual implementation; review brand/proper-name spelling before production.
SMART-I18N-1032,frontend_admin_static,frontend/src/admin/pages/project-categories/ProjectCategoriesList.tsx:28,single,تم حذف الفئة بنجاح,Category deleted successfully,i18n-admin-ui,Proposed English copy for bilingual implementation; review brand/proper-name spelling before production.
SMART-I18N-1033,frontend_admin_static,frontend/src/admin/pages/project-categories/ProjectCategoriesList.tsx:31,single,فشل حذف الفئة,Failed to delete category,i18n-admin-ui,Proposed English copy for bilingual implementation; review brand/proper-name spelling before production.
SMART-I18N-1034,frontend_admin_static,frontend/src/admin/pages/project-categories/ProjectCategoriesList.tsx:40,single,تم تحديث حالة الفئة,Category status updated,i18n-admin-ui,Proposed English copy for bilingual implementation; review brand/proper-name spelling before production.
SMART-I18N-1035,frontend_admin_static,frontend/src/admin/pages/project-categories/ProjectCategoriesList.tsx:42,single,فشل تحديث حالة الفئة,Failed to update category status,i18n-admin-ui,Proposed English copy for bilingual implementation; review brand/proper-name spelling before production.
SMART-I18N-1036,frontend_admin_static,frontend/src/admin/pages/project-categories/ProjectCategoriesList.tsx:48 | frontend/src/admin/components/layout/Sidebar.tsx:34,double,فئات المشاريع,Project Categories,i18n-admin-ui,Proposed English copy for bilingual implementation; review brand/proper-name spelling before production.
SMART-I18N-1037,frontend_admin_static,frontend/src/admin/pages/project-categories/ProjectCategoriesList.tsx:49,double,إدارة فئات المشاريع المعروضة في الموقع,Manage project categories displayed on the website,i18n-admin-ui,Proposed English copy for bilingual implementation; review brand/proper-name spelling before production.
SMART-I18N-1038,frontend_admin_static,frontend/src/admin/pages/project-categories/ProjectCategoriesList.tsx:51,double,إضافة فئة,Add Category,i18n-admin-ui,Proposed English copy for bilingual implementation; review brand/proper-name spelling before production.
SMART-I18N-1039,frontend_admin_static,frontend/src/admin/pages/project-categories/ProjectCategoriesList.tsx:139,jsx,لا توجد فئات,No Categories Found,i18n-admin-ui,Proposed English copy for bilingual implementation; review brand/proper-name spelling before production.
SMART-I18N-1040,frontend_admin_static,frontend/src/admin/pages/project-categories/ProjectCategoriesList.tsx:149,double,حذف الفئة,Delete Category,i18n-admin-ui,Proposed English copy for bilingual implementation; review brand/proper-name spelling before production.
SMART-I18N-1041,frontend_admin_static,frontend/src/admin/pages/project-categories/ProjectCategoriesList.tsx:150,double,هل أنت متأكد من حذف هذه الفئة؟ سيتم إزالة الفئة من جميع المشاريع المرتبطة بها.,Are you sure you want to delete this category? It will be removed from all linked projects.,i18n-admin-ui,Proposed English copy for bilingual implementation; review brand/proper-name spelling before production.
SMART-I18N-1042,frontend_admin_static,frontend/src/admin/pages/project-categories/ProjectCategoryForm.tsx:19,double,القيمة مطلوبة,Value is required,i18n-admin-ui,Proposed English copy for bilingual implementation; review brand/proper-name spelling before production.
SMART-I18N-1043,frontend_admin_static,frontend/src/admin/pages/project-categories/ProjectCategoryForm.tsx:20,double,التسمية مطلوبة,Label is required,i18n-admin-ui,Proposed English copy for bilingual implementation; review brand/proper-name spelling before production.
SMART-I18N-1044,frontend_admin_static,frontend/src/admin/pages/project-categories/ProjectCategoryForm.tsx:80,double,تم تحديث الفئة,Category updated successfully,i18n-admin-ui,Proposed English copy for bilingual implementation; review brand/proper-name spelling before production.
SMART-I18N-1045,frontend_admin_static,frontend/src/admin/pages/project-categories/ProjectCategoryForm.tsx:80,double,تم إضافة الفئة,Category added successfully,i18n-admin-ui,Proposed English copy for bilingual implementation; review brand/proper-name spelling before production.
SMART-I18N-1046,frontend_admin_static,frontend/src/admin/pages/project-categories/ProjectCategoryForm.tsx:96,double,تعديل الفئة,Edit Category,i18n-admin-ui,Proposed English copy for bilingual implementation; review brand/proper-name spelling before production.
SMART-I18N-1047,frontend_admin_static,frontend/src/admin/pages/project-categories/ProjectCategoryForm.tsx:96,double,إضافة فئة جديدة,Add New Category,i18n-admin-ui,Proposed English copy for bilingual implementation; review brand/proper-name spelling before production.
SMART-I18N-1048,frontend_admin_static,frontend/src/admin/pages/project-categories/ProjectCategoryForm.tsx:105,jsx,معلومات الفئة,Category Information,i18n-admin-ui,Proposed English copy for bilingual implementation; review brand/proper-name spelling before production.
SMART-I18N-1049,frontend_admin_static,frontend/src/admin/pages/project-categories/ProjectCategoryForm.tsx:110,jsx,القيمة (Value) *,Value *,i18n-admin-ui,Proposed English copy for bilingual implementation; review brand/proper-name spelling before production.
SMART-I18N-1050,frontend_admin_static,frontend/src/admin/pages/project-categories/ProjectCategoryForm.tsx:114,double,مثال: Web App,Example: Web App,i18n-admin-ui,Proposed English copy for bilingual implementation; review brand/proper-name spelling before production.
SMART-I18N-1051,frontend_admin_static,frontend/src/admin/pages/project-categories/ProjectCategoryForm.tsx:127,jsx,التسمية (Label) *,Label *,i18n-admin-ui,Proposed English copy for bilingual implementation; review brand/proper-name spelling before production.
SMART-I18N-1052,frontend_admin_static,frontend/src/admin/pages/project-categories/ProjectCategoryForm.tsx:131,double,مثال: مواقع إلكترونية,Example: Websites,i18n-admin-ui,Proposed English copy for bilingual implementation; review brand/proper-name spelling before production.
SMART-I18N-1053,frontend_admin_static,frontend/src/admin/pages/project-categories/ProjectCategoryForm.tsx:145,double,وصف الفئة...,Category description...,i18n-admin-ui,Proposed English copy for bilingual implementation; review brand/proper-name spelling before production.
SMART-I18N-1054,frontend_admin_static,frontend/src/admin/pages/project-categories/ProjectCategoryForm.tsx:163,double,اسم الأيقونة أو URL,Icon name or URL,i18n-admin-ui,Proposed English copy for bilingual implementation; review brand/proper-name spelling before production.
SMART-I18N-1055,frontend_admin_static,frontend/src/admin/pages/services/ServiceForm.tsx:92,double,تم تحديث الخدمة,Service updated successfully,i18n-admin-ui,Proposed English copy for bilingual implementation; review brand/proper-name spelling before production.
SMART-I18N-1056,frontend_admin_static,frontend/src/admin/pages/services/ServiceForm.tsx:92,double,تم إضافة الخدمة,Service added successfully,i18n-admin-ui,Proposed English copy for bilingual implementation; review brand/proper-name spelling before production.
SMART-I18N-1057,frontend_admin_static,frontend/src/admin/pages/services/ServiceForm.tsx:125,double,تعديل الخدمة,Edit Service,i18n-admin-ui,Proposed English copy for bilingual implementation; review brand/proper-name spelling before production.
SMART-I18N-1058,frontend_admin_static,frontend/src/admin/pages/services/ServiceForm.tsx:125,double,إضافة خدمة جديدة,Add New Service,i18n-admin-ui,Proposed English copy for bilingual implementation; review brand/proper-name spelling before production.
SMART-I18N-1059,frontend_admin_static,frontend/src/admin/pages/services/ServiceForm.tsx:134,jsx,معلومات الخدمة,Service Information,i18n-admin-ui,Proposed English copy for bilingual implementation; review brand/proper-name spelling before production.
SMART-I18N-1060,frontend_admin_static,frontend/src/admin/pages/services/ServiceForm.tsx:142,double,مثال: تصميم وتطوير مواقع الويب,Example: Web Design and Development,i18n-admin-ui,Proposed English copy for bilingual implementation; review brand/proper-name spelling before production.
SMART-I18N-1061,frontend_admin_static,frontend/src/admin/pages/services/ServiceForm.tsx:151,jsx,الوصف المختصر,Short Description,i18n-admin-ui,Proposed English copy for bilingual implementation; review brand/proper-name spelling before production.
SMART-I18N-1062,frontend_admin_static,frontend/src/admin/pages/services/ServiceForm.tsx:155,double,وصف مختصر للبطاقة,Short description for the card,i18n-admin-ui,Proposed English copy for bilingual implementation; review brand/proper-name spelling before production.
SMART-I18N-1063,frontend_admin_static,frontend/src/admin/pages/services/ServiceForm.tsx:169,jsx,الوصف الكامل,Full Description,i18n-admin-ui,Proposed English copy for bilingual implementation; review brand/proper-name spelling before production.
SMART-I18N-1064,frontend_admin_static,frontend/src/admin/pages/services/ServiceForm.tsx:174,double,وصف تفصيلي للخدمة...,Detailed service description...,i18n-admin-ui,Proposed English copy for bilingual implementation; review brand/proper-name spelling before production.
SMART-I18N-1065,frontend_admin_static,frontend/src/admin/pages/services/ServiceForm.tsx:180,jsx,اسم الأيقونة,Icon Name,i18n-admin-ui,Proposed English copy for bilingual implementation; review brand/proper-name spelling before production.
SMART-I18N-1066,frontend_admin_static,frontend/src/admin/pages/services/ServiceForm.tsx:184,double,مثال: FaCode,Example: FaCode,i18n-admin-ui,Proposed English copy for bilingual implementation; review brand/proper-name spelling before production.
SMART-I18N-1067,frontend_admin_static,frontend/src/admin/pages/services/ServiceForm.tsx:188,jsx,نوع الأيقونة,Icon Type,i18n-admin-ui,Proposed English copy for bilingual implementation; review brand/proper-name spelling before production.
SMART-I18N-1068,frontend_admin_static,frontend/src/admin/pages/services/ServiceForm.tsx:196,jsx,التدرج اللوني,Color Gradient,i18n-admin-ui,Proposed English copy for bilingual implementation; review brand/proper-name spelling before production.
SMART-I18N-1069,frontend_admin_static,frontend/src/admin/pages/services/ServiceForm.tsx:206,jsx,المميزات,Features,i18n-admin-ui,Proposed English copy for bilingual implementation; review brand/proper-name spelling before production.
SMART-I18N-1070,frontend_admin_static,frontend/src/admin/pages/services/ServiceForm.tsx:215,double,أضف ميزة جديدة...,Add a new feature...,i18n-admin-ui,Proposed English copy for bilingual implementation; review brand/proper-name spelling before production.
SMART-I18N-1071,frontend_admin_static,frontend/src/admin/pages/services/ServicesList.tsx:36,single,تم حذف الخدمة بنجاح,Service deleted successfully,i18n-admin-ui,Proposed English copy for bilingual implementation; review brand/proper-name spelling before production.
SMART-I18N-1072,frontend_admin_static,frontend/src/admin/pages/services/ServicesList.tsx:39,single,فشل حذف الخدمة,Failed to delete service,i18n-admin-ui,Proposed English copy for bilingual implementation; review brand/proper-name spelling before production.
SMART-I18N-1073,frontend_admin_static,frontend/src/admin/pages/services/ServicesList.tsx:47,single,تم تحديث حالة الخدمة,Service status updated,i18n-admin-ui,Proposed English copy for bilingual implementation; review brand/proper-name spelling before production.
SMART-I18N-1074,frontend_admin_static,frontend/src/admin/pages/services/ServicesList.tsx:49,single,فشل تحديث حالة الخدمة,Failed to update service status,i18n-admin-ui,Proposed English copy for bilingual implementation; review brand/proper-name spelling before production.
SMART-I18N-1075,frontend_admin_static,frontend/src/admin/pages/services/ServicesList.tsx:52,double,فشل تحميل الخدمات,Failed to load services,i18n-admin-ui,Proposed English copy for bilingual implementation; review brand/proper-name spelling before production.
SMART-I18N-1076,frontend_admin_static,frontend/src/admin/pages/services/ServicesList.tsx:58,double,إدارة الخدمات المعروضة في الموقع,Manage services displayed on the website,i18n-admin-ui,Proposed English copy for bilingual implementation; review brand/proper-name spelling before production.
SMART-I18N-1077,frontend_admin_static,frontend/src/admin/pages/services/ServicesList.tsx:60 | frontend/src/admin/pages/services/ServicesList.tsx:164,double,إضافة خدمة,Add Service,i18n-admin-ui,Proposed English copy for bilingual implementation; review brand/proper-name spelling before production.
SMART-I18N-1078,frontend_admin_static,frontend/src/admin/pages/services/ServicesList.tsx:66,double,بحث في الخدمات...,Search services...,i18n-admin-ui,Proposed English copy for bilingual implementation; review brand/proper-name spelling before production.
SMART-I18N-1079,frontend_admin_static,frontend/src/admin/pages/services/ServicesList.tsx:164,double,لا توجد خدمات,No Services Found,i18n-admin-ui,Proposed English copy for bilingual implementation; review brand/proper-name spelling before production.
SMART-I18N-1080,frontend_admin_static,frontend/src/admin/pages/services/ServicesList.tsx:164,double,ابدأ بإضافة خدمة جديدة,Start by adding a new service,i18n-admin-ui,Proposed English copy for bilingual implementation; review brand/proper-name spelling before production.
SMART-I18N-1081,frontend_admin_static,frontend/src/admin/pages/services/ServicesList.tsx:198,double,حذف الخدمة,Delete Service,i18n-admin-ui,Proposed English copy for bilingual implementation; review brand/proper-name spelling before production.
SMART-I18N-1082,frontend_admin_static,frontend/src/admin/pages/services/ServicesList.tsx:199,double,هل أنت متأكد من حذف هذه الخدمة؟,Are you sure you want to delete this service?,i18n-admin-ui,Proposed English copy for bilingual implementation; review brand/proper-name spelling before production.
SMART-I18N-1083,frontend_admin_static,frontend/src/admin/pages/faqs/FAQForm.tsx:18,single,السؤال مطلوب,Question is required,i18n-admin-ui,Proposed English copy for bilingual implementation; review brand/proper-name spelling before production.
SMART-I18N-1084,frontend_admin_static,frontend/src/admin/pages/faqs/FAQForm.tsx:19,single,الإجابة مطلوبة,Answer is required,i18n-admin-ui,Proposed English copy for bilingual implementation; review brand/proper-name spelling before production.
SMART-I18N-1085,frontend_admin_static,frontend/src/admin/pages/faqs/FAQForm.tsx:54,single,تم تحديث السؤال,Question updated successfully,i18n-admin-ui,Proposed English copy for bilingual implementation; review brand/proper-name spelling before production.
SMART-I18N-1086,frontend_admin_static,frontend/src/admin/pages/faqs/FAQForm.tsx:54,single,تم إضافة السؤال,Question added successfully,i18n-admin-ui,Proposed English copy for bilingual implementation; review brand/proper-name spelling before production.
SMART-I18N-1087,frontend_admin_static,frontend/src/admin/pages/faqs/FAQForm.tsx:64,single,تعديل السؤال,Edit Question,i18n-admin-ui,Proposed English copy for bilingual implementation; review brand/proper-name spelling before production.
SMART-I18N-1088,frontend_admin_static,frontend/src/admin/pages/faqs/FAQForm.tsx:64,single,إضافة سؤال جديد,Add New Question,i18n-admin-ui,Proposed English copy for bilingual implementation; review brand/proper-name spelling before production.
SMART-I18N-1089,frontend_admin_static,frontend/src/admin/pages/faqs/FAQForm.tsx:67,jsx,معلومات السؤال,Question Information,i18n-admin-ui,Proposed English copy for bilingual implementation; review brand/proper-name spelling before production.
SMART-I18N-1090,frontend_admin_static,frontend/src/admin/pages/faqs/FAQForm.tsx:70,jsx,السؤال *,Question *,i18n-admin-ui,Proposed English copy for bilingual implementation; review brand/proper-name spelling before production.
SMART-I18N-1091,frontend_admin_static,frontend/src/admin/pages/faqs/FAQForm.tsx:71,double,ما هو السؤال؟,What is the question?,i18n-admin-ui,Proposed English copy for bilingual implementation; review brand/proper-name spelling before production.
SMART-I18N-1092,frontend_admin_static,frontend/src/admin/pages/faqs/FAQForm.tsx:85,jsx,الإجابة *,Answer *,i18n-admin-ui,Proposed English copy for bilingual implementation; review brand/proper-name spelling before production.
SMART-I18N-1093,frontend_admin_static,frontend/src/admin/pages/faqs/FAQForm.tsx:86,double,اكتب الإجابة هنا...,Write the answer here...,i18n-admin-ui,Proposed English copy for bilingual implementation; review brand/proper-name spelling before production.
SMART-I18N-1094,frontend_admin_static,frontend/src/admin/pages/faqs/FAQsList.tsx:33,single,تم حذف السؤال بنجاح,Question deleted successfully,i18n-admin-ui,Proposed English copy for bilingual implementation; review brand/proper-name spelling before production.
SMART-I18N-1095,frontend_admin_static,frontend/src/admin/pages/faqs/FAQsList.tsx:36,single,فشل حذف السؤال,Failed to delete question,i18n-admin-ui,Proposed English copy for bilingual implementation; review brand/proper-name spelling before production.
SMART-I18N-1096,frontend_admin_static,frontend/src/admin/pages/faqs/FAQsList.tsx:41,double,فشل تحميل الأسئلة الشائعة,Failed to load FAQs,i18n-admin-ui,Proposed English copy for bilingual implementation; review brand/proper-name spelling before production.
SMART-I18N-1097,frontend_admin_static,frontend/src/admin/pages/faqs/FAQsList.tsx:45 | frontend/src/admin/components/layout/Breadcrumb.tsx:13 | frontend/src/admin/components/layout/Sidebar.tsx:45,double,الأسئلة الشائعة,FAQs,i18n-admin-ui,Proposed English copy for bilingual implementation; review brand/proper-name spelling before production.
SMART-I18N-1098,frontend_admin_static,frontend/src/admin/pages/faqs/FAQsList.tsx:45,double,إدارة الأسئلة والأجوبة الشائعة,Manage frequently asked questions and answers,i18n-admin-ui,Proposed English copy for bilingual implementation; review brand/proper-name spelling before production.
SMART-I18N-1099,frontend_admin_static,frontend/src/admin/pages/faqs/FAQsList.tsx:45 | frontend/src/admin/pages/faqs/FAQsList.tsx:95,double,إضافة سؤال,Add Question,i18n-admin-ui,Proposed English copy for bilingual implementation; review brand/proper-name spelling before production.
SMART-I18N-1100,frontend_admin_static,frontend/src/admin/pages/faqs/FAQsList.tsx:95,double,لا توجد أسئلة شائعة,No FAQs Found,i18n-admin-ui,Proposed English copy for bilingual implementation; review brand/proper-name spelling before production.
SMART-I18N-1101,frontend_admin_static,frontend/src/admin/pages/faqs/FAQsList.tsx:95,double,ابدأ بإضافة سؤال جديد,Start by adding a new question,i18n-admin-ui,Proposed English copy for bilingual implementation; review brand/proper-name spelling before production.
SMART-I18N-1102,frontend_admin_static,frontend/src/admin/pages/faqs/FAQsList.tsx:100,double,حذف السؤال,Delete Question,i18n-admin-ui,Proposed English copy for bilingual implementation; review brand/proper-name spelling before production.
SMART-I18N-1103,frontend_admin_static,frontend/src/admin/pages/faqs/FAQsList.tsx:100,double,هل أنت متأكد من حذف هذا السؤال؟,Are you sure you want to delete this question?,i18n-admin-ui,Proposed English copy for bilingual implementation; review brand/proper-name spelling before production.
SMART-I18N-1104,frontend_admin_static,frontend/src/admin/components/PrivateRoute.tsx:18,jsx,جاري التحميل...,Loading...,i18n-admin-ui,Proposed English copy for bilingual implementation; review brand/proper-name spelling before production.
SMART-I18N-1105,frontend_admin_static,frontend/src/admin/components/layout/Breadcrumb.tsx:14 | frontend/src/admin/components/shared/PageHeader.tsx:19,double | single,إضافة جديد,Add New,i18n-admin-ui,Proposed English copy for bilingual implementation; review brand/proper-name spelling before production.
SMART-I18N-1106,frontend_admin_static,frontend/src/admin/components/layout/Sidebar.tsx:47,double,المعلومات الرئيسية,Main Information,i18n-admin-ui,Proposed English copy for bilingual implementation; review brand/proper-name spelling before production.
SMART-I18N-1107,frontend_admin_static,frontend/src/admin/components/layout/Sidebar.tsx:48,double,حولنا,About Us,i18n-admin-ui,Proposed English copy for bilingual implementation; review brand/proper-name spelling before production.
SMART-I18N-1108,frontend_admin_static,frontend/src/admin/components/layout/Sidebar.tsx:152,jsx,تسجيل الخروج,Log Out,i18n-admin-ui,Proposed English copy for bilingual implementation; review brand/proper-name spelling before production.
SMART-I18N-1109,frontend_admin_static,frontend/src/admin/components/shared/ConfirmDialog.tsx:29,single,تأكيد,Confirm,i18n-admin-ui,Proposed English copy for bilingual implementation; review brand/proper-name spelling before production.
SMART-I18N-1110,frontend_admin_static,frontend/src/admin/components/shared/ImageUpload.tsx:29,single,يجب اختيار ملف صورة,Please select an image file,i18n-admin-ui,Proposed English copy for bilingual implementation; review brand/proper-name spelling before production.
SMART-I18N-1111,frontend_admin_static,frontend/src/admin/components/shared/ImageUpload.tsx:34,single,حجم الصورة يجب أن يكون أقل من 15MB,Image size must be less than 15MB,i18n-admin-ui,Proposed English copy for bilingual implementation; review brand/proper-name spelling before production.
SMART-I18N-1112,frontend_admin_static,frontend/src/admin/components/shared/ImageUpload.tsx:42,single,تم رفع الصورة بنجاح,Image uploaded successfully,i18n-admin-ui,Proposed English copy for bilingual implementation; review brand/proper-name spelling before production.
SMART-I18N-1113,frontend_admin_static,frontend/src/admin/components/shared/ImageUpload.tsx:44,single,فشل رفع الصورة,Failed to upload image,i18n-admin-ui,Proposed English copy for bilingual implementation; review brand/proper-name spelling before production.
SMART-I18N-1114,frontend_admin_static,frontend/src/admin/components/shared/ImageUpload.tsx:125,jsx,جاري رفع الصورة...,Uploading image...,i18n-admin-ui,Proposed English copy for bilingual implementation; review brand/proper-name spelling before production.
SMART-I18N-1115,frontend_admin_static,frontend/src/admin/components/shared/ImageUpload.tsx:133,jsx,"JPG, PNG, WEBP — يتم التحويل والضغط تلقائياً (حتى 15MB)","JPG, PNG, WEBP — automatically converted and compressed (up to 15MB)",i18n-admin-ui,Proposed English copy for bilingual implementation; review brand/proper-name spelling before production.
SMART-I18N-1116,frontend_admin_static,frontend/src/admin/components/shared/ImageUpload.tsx:160,template,${file.name} ليس ملف صورة,${file.name} is not an image file,i18n-admin-ui,Proposed English copy for bilingual implementation; review brand/proper-name spelling before production.
SMART-I18N-1117,frontend_admin_static,frontend/src/admin/components/shared/ImageUpload.tsx:164,template,${file.name} حجمه أكبر من 15MB,${file.name} is larger than 15MB,i18n-admin-ui,Proposed English copy for bilingual implementation; review brand/proper-name spelling before production.
SMART-I18N-1118,frontend_admin_static,frontend/src/admin/components/shared/ImageUpload.tsx:171,template,الحد الأقصى ${maxImages} صور,Maximum ${maxImages} images,i18n-admin-ui,Proposed English copy for bilingual implementation; review brand/proper-name spelling before production.
SMART-I18N-1119,frontend_admin_static,frontend/src/admin/components/shared/ImageUpload.tsx:181,template,تم رفع ${urls.length} صورة,${urls.length} images uploaded,i18n-admin-ui,Proposed English copy for bilingual implementation; review brand/proper-name spelling before production.
SMART-I18N-1120,frontend_admin_static,frontend/src/admin/components/shared/ImageUpload.tsx:183,single,فشل رفع الصور,Failed to upload images,i18n-admin-ui,Proposed English copy for bilingual implementation; review brand/proper-name spelling before production.
SMART-I18N-1121,frontend_admin_static,frontend/src/admin/components/shared/ImageUpload.tsx:213,jsx,جاري رفع الصور...,Uploading images...,i18n-admin-ui,Proposed English copy for bilingual implementation; review brand/proper-name spelling before production.
SMART-I18N-1122,frontend_admin_static,frontend/src/admin/components/shared/ImageUpload.tsx:218,jsx,اسحب الصور أو انقر للاختيار,Drag images here or click to select,i18n-admin-ui,Proposed English copy for bilingual implementation; review brand/proper-name spelling before production.
SMART-I18N-1123,frontend_admin_static,frontend/src/admin/components/shared/RichTextEditor.tsx:77,double,مقال قياسي,Standard Article,i18n-admin-ui,Proposed English copy for bilingual implementation; review brand/proper-name spelling before production.
SMART-I18N-1124,frontend_admin_static,frontend/src/admin/components/shared/RichTextEditor.tsx:78,double,هيكل مقال نموذجي مع مقدمة، أقسام، وخاتمة,"A sample article structure with an introduction, sections, and conclusion",i18n-admin-ui,Proposed English copy for bilingual implementation; review brand/proper-name spelling before production.
SMART-I18N-1125,frontend_admin_static,frontend/src/admin/components/shared/RichTextEditor.tsx:79,template,<h2>مقدمة</h2><p>اكتب مقدمتك هنا...</p><h2>القسم الأول</h2><p>محتوى القسم الأول...</p><h2>القسم الثاني</h2><p>محتوى القسم الثاني...</p><h2>الخلاصة</h2><p>اكتب خلاصتك هنا...</p>,<h2>Introduction</h2><p>Write your introduction here...</p><h2>Section One</h2><p>Section one content...</p><h2>Section Two</h2><p>Section two content...</p><h2>Conclusion</h2><p>Write your conclusion here...</p>,i18n-admin-ui,Proposed English copy for bilingual implementation; review brand/proper-name spelling before production.
SMART-I18N-1126,frontend_admin_static,frontend/src/admin/components/shared/RichTextEditor.tsx:79,jsx,مقدمة,Introduction,i18n-admin-ui,Proposed English copy for bilingual implementation; review brand/proper-name spelling before production.
SMART-I18N-1127,frontend_admin_static,frontend/src/admin/components/shared/RichTextEditor.tsx:79,jsx,اكتب مقدمتك هنا...,Write your introduction here...,i18n-admin-ui,Proposed English copy for bilingual implementation; review brand/proper-name spelling before production.
SMART-I18N-1128,frontend_admin_static,frontend/src/admin/components/shared/RichTextEditor.tsx:79,jsx,القسم الأول,Section One,i18n-admin-ui,Proposed English copy for bilingual implementation; review brand/proper-name spelling before production.
SMART-I18N-1129,frontend_admin_static,frontend/src/admin/components/shared/RichTextEditor.tsx:79,jsx,محتوى القسم الأول...,Section one content...,i18n-admin-ui,Proposed English copy for bilingual implementation; review brand/proper-name spelling before production.
SMART-I18N-1130,frontend_admin_static,frontend/src/admin/components/shared/RichTextEditor.tsx:79,jsx,القسم الثاني,Section Two,i18n-admin-ui,Proposed English copy for bilingual implementation; review brand/proper-name spelling before production.
SMART-I18N-1131,frontend_admin_static,frontend/src/admin/components/shared/RichTextEditor.tsx:79,jsx,محتوى القسم الثاني...,Section two content...,i18n-admin-ui,Proposed English copy for bilingual implementation; review brand/proper-name spelling before production.
SMART-I18N-1132,frontend_admin_static,frontend/src/admin/components/shared/RichTextEditor.tsx:79 | frontend/src/admin/components/shared/RichTextEditor.tsx:84 | frontend/src/admin/components/shared/RichTextEditor.tsx:89,jsx,الخلاصة,Conclusion,i18n-admin-ui,Proposed English copy for bilingual implementation; review brand/proper-name spelling before production.
SMART-I18N-1133,frontend_admin_static,frontend/src/admin/components/shared/RichTextEditor.tsx:79,jsx,اكتب خلاصتك هنا...,Write your conclusion here...,i18n-admin-ui,Proposed English copy for bilingual implementation; review brand/proper-name spelling before production.
SMART-I18N-1134,frontend_admin_static,frontend/src/admin/components/shared/RichTextEditor.tsx:82,double,دليل تعليمي,Tutorial Guide,i18n-admin-ui,Proposed English copy for bilingual implementation; review brand/proper-name spelling before production.
SMART-I18N-1135,frontend_admin_static,frontend/src/admin/components/shared/RichTextEditor.tsx:83,double,دليل خطوة بخطوة مع قوائم مرقمة,Step-by-step guide with numbered lists,i18n-admin-ui,Proposed English copy for bilingual implementation; review brand/proper-name spelling before production.
SMART-I18N-1136,frontend_admin_static,frontend/src/admin/components/shared/RichTextEditor.tsx:84,template,<h2>ما سنغطيه</h2><p>نظرة عامة على الدليل...</p><h2>الخطوة 1</h2><p>تفاصيل الخطوة الأولى...</p><ol><li><p>النقطة الأولى</p></li><li><p>النقطة الثانية</p></li></ol><h2>الخطوة 2</h2><p>تفاصيل الخطوة الثانية...</p><h2>الخطوة 3</h2><p>تفاصيل الخطوة الثالثة...</p><h2>الخلاصة</h2><p>خلاصة الدليل...</p>,<h2>What We’ll Cover</h2><p>Overview of the guide...</p><h2>Step 1</h2><p>Details of the first step...</p><ol><li><p>First point</p></li><li><p>Second point</p></li></ol><h2>Step 2</h2><p>Details of the second step...</p><h2>Step 3</h2><p>Details of the third step...</p><h2>Conclusion</h2><p>Guide summary...</p>,i18n-admin-ui,Proposed English copy for bilingual implementation; review brand/proper-name spelling before production.
SMART-I18N-1137,frontend_admin_static,frontend/src/admin/components/shared/RichTextEditor.tsx:84,jsx,ما سنغطيه,What We’ll Cover,i18n-admin-ui,Proposed English copy for bilingual implementation; review brand/proper-name spelling before production.
SMART-I18N-1138,frontend_admin_static,frontend/src/admin/components/shared/RichTextEditor.tsx:84,jsx,نظرة عامة على الدليل...,Overview of the guide...,i18n-admin-ui,Proposed English copy for bilingual implementation; review brand/proper-name spelling before production.
SMART-I18N-1139,frontend_admin_static,frontend/src/admin/components/shared/RichTextEditor.tsx:84,jsx,الخطوة 1,Step 1,i18n-admin-ui,Proposed English copy for bilingual implementation; review brand/proper-name spelling before production.
SMART-I18N-1140,frontend_admin_static,frontend/src/admin/components/shared/RichTextEditor.tsx:84,jsx,تفاصيل الخطوة الأولى...,Details of the first step...,i18n-admin-ui,Proposed English copy for bilingual implementation; review brand/proper-name spelling before production.
SMART-I18N-1141,frontend_admin_static,frontend/src/admin/components/shared/RichTextEditor.tsx:84,jsx,النقطة الأولى,First point,i18n-admin-ui,Proposed English copy for bilingual implementation; review brand/proper-name spelling before production.
SMART-I18N-1142,frontend_admin_static,frontend/src/admin/components/shared/RichTextEditor.tsx:84,jsx,النقطة الثانية,Second point,i18n-admin-ui,Proposed English copy for bilingual implementation; review brand/proper-name spelling before production.
SMART-I18N-1143,frontend_admin_static,frontend/src/admin/components/shared/RichTextEditor.tsx:84,jsx,الخطوة 2,Step 2,i18n-admin-ui,Proposed English copy for bilingual implementation; review brand/proper-name spelling before production.
SMART-I18N-1144,frontend_admin_static,frontend/src/admin/components/shared/RichTextEditor.tsx:84,jsx,تفاصيل الخطوة الثانية...,Details of the second step...,i18n-admin-ui,Proposed English copy for bilingual implementation; review brand/proper-name spelling before production.
SMART-I18N-1145,frontend_admin_static,frontend/src/admin/components/shared/RichTextEditor.tsx:84,jsx,الخطوة 3,Step 3,i18n-admin-ui,Proposed English copy for bilingual implementation; review brand/proper-name spelling before production.
SMART-I18N-1146,frontend_admin_static,frontend/src/admin/components/shared/RichTextEditor.tsx:84,jsx,تفاصيل الخطوة الثالثة...,Details of the third step...,i18n-admin-ui,Proposed English copy for bilingual implementation; review brand/proper-name spelling before production.
SMART-I18N-1147,frontend_admin_static,frontend/src/admin/components/shared/RichTextEditor.tsx:84,jsx,خلاصة الدليل...,Guide summary...,i18n-admin-ui,Proposed English copy for bilingual implementation; review brand/proper-name spelling before production.
SMART-I18N-1148,frontend_admin_static,frontend/src/admin/components/shared/RichTextEditor.tsx:88,double,دراسة حالة مع التحديات والحلول,Case study with challenges and solutions,i18n-admin-ui,Proposed English copy for bilingual implementation; review brand/proper-name spelling before production.
SMART-I18N-1149,frontend_admin_static,frontend/src/admin/components/shared/RichTextEditor.tsx:89,template,<h2>نظرة عامة</h2><p>وصف مختصر للدراسة...</p><h2>التحدي</h2><p>ما هو التحدي الذي واجهه العميل...</p><h2>الحل</h2><p>كيف قدمنا الحل...</p><h2>النتائج</h2><ul><li><p>نتيجة 1</p></li><li><p>نتيجة 2</p></li><li><p>نتيجة 3</p></li></ul><h2>الخلاصة</h2><p>الدروس المستفادة...</p>,<h2>Overview</h2><p>Brief description of the case study...</p><h2>The Challenge</h2><p>What challenge did the client face...</p><h2>The Solution</h2><p>How we delivered the solution...</p><h2>Results</h2><ul><li><p>Result 1</p></li><li><p>Result 2</p></li><li><p>Result 3</p></li></ul><h2>Conclusion</h2><p>Lessons learned...</p>,i18n-admin-ui,Proposed English copy for bilingual implementation; review brand/proper-name spelling before production.
SMART-I18N-1150,frontend_admin_static,frontend/src/admin/components/shared/RichTextEditor.tsx:89,jsx,نظرة عامة,Overview,i18n-admin-ui,Proposed English copy for bilingual implementation; review brand/proper-name spelling before production.
SMART-I18N-1151,frontend_admin_static,frontend/src/admin/components/shared/RichTextEditor.tsx:89,jsx,وصف مختصر للدراسة...,Brief description of the case study...,i18n-admin-ui,Proposed English copy for bilingual implementation; review brand/proper-name spelling before production.
SMART-I18N-1152,frontend_admin_static,frontend/src/admin/components/shared/RichTextEditor.tsx:89,jsx,التحدي,The Challenge,i18n-admin-ui,Proposed English copy for bilingual implementation; review brand/proper-name spelling before production.
SMART-I18N-1153,frontend_admin_static,frontend/src/admin/components/shared/RichTextEditor.tsx:89,jsx,ما هو التحدي الذي واجهه العميل...,What challenge did the client face...,i18n-admin-ui,Proposed English copy for bilingual implementation; review brand/proper-name spelling before production.
SMART-I18N-1154,frontend_admin_static,frontend/src/admin/components/shared/RichTextEditor.tsx:89,jsx,الحل,The Solution,i18n-admin-ui,Proposed English copy for bilingual implementation; review brand/proper-name spelling before production.
SMART-I18N-1155,frontend_admin_static,frontend/src/admin/components/shared/RichTextEditor.tsx:89,jsx,كيف قدمنا الحل...,How we delivered the solution...,i18n-admin-ui,Proposed English copy for bilingual implementation; review brand/proper-name spelling before production.
SMART-I18N-1156,frontend_admin_static,frontend/src/admin/components/shared/RichTextEditor.tsx:89,jsx,النتائج,Results,i18n-admin-ui,Proposed English copy for bilingual implementation; review brand/proper-name spelling before production.
SMART-I18N-1157,frontend_admin_static,frontend/src/admin/components/shared/RichTextEditor.tsx:89,jsx,نتيجة 1,Result 1,i18n-admin-ui,Proposed English copy for bilingual implementation; review brand/proper-name spelling before production.
SMART-I18N-1158,frontend_admin_static,frontend/src/admin/components/shared/RichTextEditor.tsx:89,jsx,نتيجة 2,Result 2,i18n-admin-ui,Proposed English copy for bilingual implementation; review brand/proper-name spelling before production.
SMART-I18N-1159,frontend_admin_static,frontend/src/admin/components/shared/RichTextEditor.tsx:89,jsx,نتيجة 3,Result 3,i18n-admin-ui,Proposed English copy for bilingual implementation; review brand/proper-name spelling before production.
SMART-I18N-1160,frontend_admin_static,frontend/src/admin/components/shared/RichTextEditor.tsx:89,jsx,الدروس المستفادة...,Lessons learned...,i18n-admin-ui,Proposed English copy for bilingual implementation; review brand/proper-name spelling before production.
SMART-I18N-1161,frontend_admin_static,frontend/src/admin/components/shared/RichTextEditor.tsx:92,double,خبر تقني,Tech News,i18n-admin-ui,Proposed English copy for bilingual implementation; review brand/proper-name spelling before production.
SMART-I18N-1162,frontend_admin_static,frontend/src/admin/components/shared/RichTextEditor.tsx:93,double,نموذج خبر مع إحصائيات واقتباسات,News template with statistics and quotes,i18n-admin-ui,Proposed English copy for bilingual implementation; review brand/proper-name spelling before production.
SMART-I18N-1163,frontend_admin_static,frontend/src/admin/components/shared/RichTextEditor.tsx:94,template,<h2>الخلاصة التنفيذية</h2><p>نقاط رئيسية من الخبر...</p><blockquote><p>اقتباس مهم ه...</p></blockquote><h2>التفاصيل</h2><p>شرح تفصيلي للخبر...</p><h2>التحليل</h2><p>تحليل للتأثيرات والنتائج...</p><h2>ما التالي؟</h2><p>الخطوات المستقبلية...</p>,<h2>Executive Summary</h2><p>Key points from the news...</p><blockquote><p>Important quote...</p></blockquote><h2>Details</h2><p>Detailed explanation of the news...</p><h2>Analysis</h2><p>Analysis of the impact and results...</p><h2>What’s Next?</h2><p>Future steps...</p>,i18n-admin-ui,Proposed English copy for bilingual implementation; review brand/proper-name spelling before production.
SMART-I18N-1164,frontend_admin_static,frontend/src/admin/components/shared/RichTextEditor.tsx:94,jsx,الخلاصة التنفيذية,Executive Summary,i18n-admin-ui,Proposed English copy for bilingual implementation; review brand/proper-name spelling before production.
SMART-I18N-1165,frontend_admin_static,frontend/src/admin/components/shared/RichTextEditor.tsx:94,jsx,نقاط رئيسية من الخبر...,Key points from the news...,i18n-admin-ui,Proposed English copy for bilingual implementation; review brand/proper-name spelling before production.
SMART-I18N-1166,frontend_admin_static,frontend/src/admin/components/shared/RichTextEditor.tsx:94,jsx,اقتباس مهم ه...,Important quote...,i18n-admin-ui,Proposed English copy for bilingual implementation; review brand/proper-name spelling before production.
SMART-I18N-1167,frontend_admin_static,frontend/src/admin/components/shared/RichTextEditor.tsx:94,jsx,التفاصيل,Details,i18n-admin-ui,Proposed English copy for bilingual implementation; review brand/proper-name spelling before production.
SMART-I18N-1168,frontend_admin_static,frontend/src/admin/components/shared/RichTextEditor.tsx:94,jsx,شرح تفصيلي للخبر...,Detailed explanation of the news...,i18n-admin-ui,Proposed English copy for bilingual implementation; review brand/proper-name spelling before production.
SMART-I18N-1169,frontend_admin_static,frontend/src/admin/components/shared/RichTextEditor.tsx:94,jsx,التحليل,Analysis,i18n-admin-ui,Proposed English copy for bilingual implementation; review brand/proper-name spelling before production.
SMART-I18N-1170,frontend_admin_static,frontend/src/admin/components/shared/RichTextEditor.tsx:94,jsx,تحليل للتأثيرات والنتائج...,Analysis of the impact and results...,i18n-admin-ui,Proposed English copy for bilingual implementation; review brand/proper-name spelling before production.
SMART-I18N-1171,frontend_admin_static,frontend/src/admin/components/shared/RichTextEditor.tsx:94,jsx,ما التالي؟,What’s Next?,i18n-admin-ui,Proposed English copy for bilingual implementation; review brand/proper-name spelling before production.
SMART-I18N-1172,frontend_admin_static,frontend/src/admin/components/shared/RichTextEditor.tsx:94,jsx,الخطوات المستقبلية...,Future steps...,i18n-admin-ui,Proposed English copy for bilingual implementation; review brand/proper-name spelling before production.
SMART-I18N-1173,frontend_admin_static,frontend/src/admin/components/shared/RichTextEditor.tsx:107,double,ابدأ الكتابة...,Start writing...,i18n-admin-ui,Proposed English copy for bilingual implementation; review brand/proper-name spelling before production.
SMART-I18N-1174,frontend_admin_static,frontend/src/admin/components/shared/RichTextEditor.tsx:256,double,أدخل الرابط:,Enter URL:,i18n-admin-ui,Proposed English copy for bilingual implementation; review brand/proper-name spelling before production.
SMART-I18N-1175,frontend_admin_static,frontend/src/admin/components/shared/RichTextEditor.tsx:459,jsx,{charCount.toLocaleString()} حرف,{charCount.toLocaleString()} characters,i18n-admin-ui,Proposed English copy for bilingual implementation; review brand/proper-name spelling before production.
SMART-I18N-1176,frontend_admin_static,frontend/src/admin/components/shared/RichTextEditor.tsx:460,jsx,{wordCount.toLocaleString()} كلمة,{wordCount.toLocaleString()} words,i18n-admin-ui,Proposed English copy for bilingual implementation; review brand/proper-name spelling before production.
SMART-I18N-1177,frontend_admin_static,frontend/src/admin/components/shared/RichTextEditor.tsx:461,jsx,{readingTime} دقيقة قراءة,{readingTime} min read,i18n-admin-ui,Proposed English copy for bilingual implementation; review brand/proper-name spelling before production.
SMART-I18N-1178,frontend_admin_static,frontend/src/admin/components/shared/RichTextEditor.tsx:477,double,القوالب,Templates,i18n-admin-ui,Proposed English copy for bilingual implementation; review brand/proper-name spelling before production.
SMART-I18N-1179,frontend_admin_static,frontend/src/admin/components/shared/RichTextEditor.tsx:502,double,عريض (Ctrl+B),Bold (Ctrl+B),i18n-admin-ui,Proposed English copy for bilingual implementation; review brand/proper-name spelling before production.
SMART-I18N-1180,frontend_admin_static,frontend/src/admin/components/shared/RichTextEditor.tsx:509,double,مائل (Ctrl+I),Italic (Ctrl+I),i18n-admin-ui,Proposed English copy for bilingual implementation; review brand/proper-name spelling before production.
SMART-I18N-1181,frontend_admin_static,frontend/src/admin/components/shared/RichTextEditor.tsx:516,double,خط تحت (Ctrl+U),Underline (Ctrl+U),i18n-admin-ui,Proposed English copy for bilingual implementation; review brand/proper-name spelling before production.
SMART-I18N-1182,frontend_admin_static,frontend/src/admin/components/shared/RichTextEditor.tsx:523,double,خط وسط,Strikethrough,i18n-admin-ui,Proposed English copy for bilingual implementation; review brand/proper-name spelling before production.
SMART-I18N-1183,frontend_admin_static,frontend/src/admin/components/shared/RichTextEditor.tsx:535,double,لون النص,Text Color,i18n-admin-ui,Proposed English copy for bilingual implementation; review brand/proper-name spelling before production.
SMART-I18N-1184,frontend_admin_static,frontend/src/admin/components/shared/RichTextEditor.tsx:560 | frontend/src/admin/components/shared/RichTextEditor.tsx:911,double,تظليل,Highlight,i18n-admin-ui,Proposed English copy for bilingual implementation; review brand/proper-name spelling before production.
SMART-I18N-1185,frontend_admin_static,frontend/src/admin/components/shared/RichTextEditor.tsx:571,double,عنوان رئيسي (H1),Heading 1 (H1),i18n-admin-ui,Proposed English copy for bilingual implementation; review brand/proper-name spelling before production.
SMART-I18N-1186,frontend_admin_static,frontend/src/admin/components/shared/RichTextEditor.tsx:578,double,عنوان فرعي (H2),Heading 2 (H2),i18n-admin-ui,Proposed English copy for bilingual implementation; review brand/proper-name spelling before production.
SMART-I18N-1187,frontend_admin_static,frontend/src/admin/components/shared/RichTextEditor.tsx:585,double,عنوان فرعي (H3),Heading 3 (H3),i18n-admin-ui,Proposed English copy for bilingual implementation; review brand/proper-name spelling before production.
SMART-I18N-1188,frontend_admin_static,frontend/src/admin/components/shared/RichTextEditor.tsx:596,double,محاذاة لليمين,Align Right,i18n-admin-ui,Proposed English copy for bilingual implementation; review brand/proper-name spelling before production.
SMART-I18N-1189,frontend_admin_static,frontend/src/admin/components/shared/RichTextEditor.tsx:603,double,توسيط,Center,i18n-admin-ui,Proposed English copy for bilingual implementation; review brand/proper-name spelling before production.
SMART-I18N-1190,frontend_admin_static,frontend/src/admin/components/shared/RichTextEditor.tsx:610,double,محاذاة لليسار,Align Left,i18n-admin-ui,Proposed English copy for bilingual implementation; review brand/proper-name spelling before production.
SMART-I18N-1191,frontend_admin_static,frontend/src/admin/components/shared/RichTextEditor.tsx:617,double,ضبط,Justify,i18n-admin-ui,Proposed English copy for bilingual implementation; review brand/proper-name spelling before production.
SMART-I18N-1192,frontend_admin_static,frontend/src/admin/components/shared/RichTextEditor.tsx:628,double,قائمة نقطية,Bulleted List,i18n-admin-ui,Proposed English copy for bilingual implementation; review brand/proper-name spelling before production.
SMART-I18N-1193,frontend_admin_static,frontend/src/admin/components/shared/RichTextEditor.tsx:635,double,قائمة مرقمة,Numbered List,i18n-admin-ui,Proposed English copy for bilingual implementation; review brand/proper-name spelling before production.
SMART-I18N-1194,frontend_admin_static,frontend/src/admin/components/shared/RichTextEditor.tsx:642,double,اقتباس,Blockquote,i18n-admin-ui,Proposed English copy for bilingual implementation; review brand/proper-name spelling before production.
SMART-I18N-1195,frontend_admin_static,frontend/src/admin/components/shared/RichTextEditor.tsx:653,double,إدراج صورة,Insert Image,i18n-admin-ui,Proposed English copy for bilingual implementation; review brand/proper-name spelling before production.
SMART-I18N-1196,frontend_admin_static,frontend/src/admin/components/shared/RichTextEditor.tsx:660,double,تضمين يوتيوب,Embed YouTube,i18n-admin-ui,Proposed English copy for bilingual implementation; review brand/proper-name spelling before production.
SMART-I18N-1197,frontend_admin_static,frontend/src/admin/components/shared/RichTextEditor.tsx:666,double,إدراج جدول,Insert Table,i18n-admin-ui,Proposed English copy for bilingual implementation; review brand/proper-name spelling before production.
SMART-I18N-1198,frontend_admin_static,frontend/src/admin/components/shared/RichTextEditor.tsx:673,double,كتلة كود,Code Block,i18n-admin-ui,Proposed English copy for bilingual implementation; review brand/proper-name spelling before production.
SMART-I18N-1199,frontend_admin_static,frontend/src/admin/components/shared/RichTextEditor.tsx:684,double,كود مضمن,Inline Code,i18n-admin-ui,Proposed English copy for bilingual implementation; review brand/proper-name spelling before production.
SMART-I18N-1200,frontend_admin_static,frontend/src/admin/components/shared/RichTextEditor.tsx:691,double,نص سفلي,Subscript,i18n-admin-ui,Proposed English copy for bilingual implementation; review brand/proper-name spelling before production.
SMART-I18N-1201,frontend_admin_static,frontend/src/admin/components/shared/RichTextEditor.tsx:698,double,نص علوي,Superscript,i18n-admin-ui,Proposed English copy for bilingual implementation; review brand/proper-name spelling before production.
SMART-I18N-1202,frontend_admin_static,frontend/src/admin/components/shared/RichTextEditor.tsx:704,double,خط فاصل,Horizontal Rule,i18n-admin-ui,Proposed English copy for bilingual implementation; review brand/proper-name spelling before production.
SMART-I18N-1203,frontend_admin_static,frontend/src/admin/components/shared/RichTextEditor.tsx:711,double,رابط (Ctrl+K),Link (Ctrl+K),i18n-admin-ui,Proposed English copy for bilingual implementation; review brand/proper-name spelling before production.
SMART-I18N-1204,frontend_admin_static,frontend/src/admin/components/shared/RichTextEditor.tsx:721,double,تراجع (Ctrl+Z),Undo (Ctrl+Z),i18n-admin-ui,Proposed English copy for bilingual implementation; review brand/proper-name spelling before production.
SMART-I18N-1205,frontend_admin_static,frontend/src/admin/components/shared/RichTextEditor.tsx:727,double,إعادة (Ctrl+Y),Redo (Ctrl+Y),i18n-admin-ui,Proposed English copy for bilingual implementation; review brand/proper-name spelling before production.
SMART-I18N-1206,frontend_admin_static,frontend/src/admin/components/shared/RichTextEditor.tsx:738,double,عرض المحرر,Editor View,i18n-admin-ui,Proposed English copy for bilingual implementation; review brand/proper-name spelling before production.
SMART-I18N-1207,frontend_admin_static,frontend/src/admin/components/shared/RichTextEditor.tsx:738,double,عرض HTML,HTML View,i18n-admin-ui,Proposed English copy for bilingual implementation; review brand/proper-name spelling before production.
SMART-I18N-1208,frontend_admin_static,frontend/src/admin/components/shared/RichTextEditor.tsx:750,double,أدخل رابط الصورة أو ارفع ملف...,Enter image URL or upload a file...,i18n-admin-ui,Proposed English copy for bilingual implementation; review brand/proper-name spelling before production.
SMART-I18N-1209,frontend_admin_static,frontend/src/admin/components/shared/RichTextEditor.tsx:800,double,رابط فيديو يوتيوب...,YouTube video URL...,i18n-admin-ui,Proposed English copy for bilingual implementation; review brand/proper-name spelling before production.
SMART-I18N-1210,frontend_admin_static,frontend/src/admin/components/shared/RichTextEditor.tsx:832,jsx,جدول:,Table:,i18n-admin-ui,Proposed English copy for bilingual implementation; review brand/proper-name spelling before production.
SMART-I18N-1211,frontend_admin_static,frontend/src/admin/components/shared/RichTextEditor.tsx:890,double,عريض,Bold,i18n-admin-ui,Proposed English copy for bilingual implementation; review brand/proper-name spelling before production.
SMART-I18N-1212,frontend_admin_static,frontend/src/admin/components/shared/RichTextEditor.tsx:897,double,مائل,Italic,i18n-admin-ui,Proposed English copy for bilingual implementation; review brand/proper-name spelling before production.
SMART-I18N-1213,frontend_admin_static,frontend/src/admin/components/shared/RichTextEditor.tsx:904,double,خط تحت,Underline,i18n-admin-ui,Proposed English copy for bilingual implementation; review brand/proper-name spelling before production.
SMART-I18N-1214,frontend_admin_static,frontend/src/admin/components/shared/RichTextEditor.tsx:919,double,رابط,Link,i18n-admin-ui,Proposed English copy for bilingual implementation; review brand/proper-name spelling before production.
SMART-I18N-1215,frontend_admin_static,frontend/src/admin/components/shared/RichTextEditor.tsx:925,double,إزالة الرابط,Remove Link,i18n-admin-ui,Proposed English copy for bilingual implementation; review brand/proper-name spelling before production.
SMART-I18N-1216,frontend_admin_static,frontend/src/admin/components/shared/RichTextEditor.tsx:952,jsx,Markdown/HTML متوافق,Markdown/HTML Compatible,i18n-admin-ui,Proposed English copy for bilingual implementation; review brand/proper-name spelling before production.
SMART-I18N-1217,frontend_admin_static,frontend/src/admin/components/shared/RichTextEditor.tsx:955,jsx,Ctrl+B عريض,Ctrl+B Bold,i18n-admin-ui,Proposed English copy for bilingual implementation; review brand/proper-name spelling before production.
SMART-I18N-1218,frontend_admin_static,frontend/src/admin/components/shared/RichTextEditor.tsx:956,jsx,Ctrl+I مائل,Ctrl+I Italic,i18n-admin-ui,Proposed English copy for bilingual implementation; review brand/proper-name spelling before production.
SMART-I18N-1219,frontend_admin_static,frontend/src/admin/components/shared/RichTextEditor.tsx:957,jsx,Ctrl+K رابط,Ctrl+K Link,i18n-admin-ui,Proposed English copy for bilingual implementation; review brand/proper-name spelling before production.
SMART-I18N-1220,frontend_admin_static,frontend/src/admin/components/shared/RichTextEditor.tsx:958,jsx,Ctrl+S حفظ,Ctrl+S Save,i18n-admin-ui,Proposed English copy for bilingual implementation; review brand/proper-name spelling before production.
