id,source_type,source,field_or_context,arabic_text,english_translation,treatment,translation_note
SMART-I18N-1302,database_public_cms,abouts.json::doc#1,hero.title,لا نبني مواقع فقط… نبني أنظمة رقمية تساعد الشركات على النمو,We don’t just build websites… we build digital systems that help businesses grow,add-en-content-field,Proposed English copy for bilingual implementation; review brand/proper-name spelling before production.
SMART-I18N-1303,database_public_cms,abouts.json::doc#1,hero.subtitle,سمارت وكالة تقنية تجمع بين الاستراتيجية، تجربة المستخدم، التصميم، البرمجة، والذكاء الاصطناعي لتحويل الأفكار إلى منتجات رقمية واضحة، قابلة للاستخدام، وقابلة للتوسع.,"Smart is a technology agency that brings together strategy, user experience, design, software development, and artificial intelligence to turn ideas into clear, usable, and scalable digital products.",add-en-content-field,Proposed English copy for bilingual implementation; review brand/proper-name spelling before production.
SMART-I18N-1304,database_public_cms,abouts.json::doc#1,hero.badge,من نحن,About Us,add-en-content-field,Proposed English copy for bilingual implementation; review brand/proper-name spelling before production.
SMART-I18N-1305,database_public_cms,abouts.json::doc#1,hero.primaryButtonText | cta.buttonText,ابدأ مشروعك معنا,Start Your Project with Us,add-en-content-field,Proposed English copy for bilingual implementation; review brand/proper-name spelling before production.
SMART-I18N-1306,database_public_cms,abouts.json::doc#1,hero.secondaryButtonText,شاهد أعمالنا,View Our Work,add-en-content-field,Proposed English copy for bilingual implementation; review brand/proper-name spelling before production.
SMART-I18N-1307,database_public_cms,abouts.json::doc#1,hero.trustBadges[0],استراتيجية قبل التنفيذ,Strategy Before Execution,add-en-content-field,Proposed English copy for bilingual implementation; review brand/proper-name spelling before production.
SMART-I18N-1308,database_public_cms,abouts.json::doc#1,hero.trustBadges[1],تصميم يخدم التحويل,Design That Drives Conversion,add-en-content-field,Proposed English copy for bilingual implementation; review brand/proper-name spelling before production.
SMART-I18N-1309,database_public_cms,abouts.json::doc#1,hero.trustBadges[2],برمجة قابلة للتوسع,Scalable Development,add-en-content-field,Proposed English copy for bilingual implementation; review brand/proper-name spelling before production.
SMART-I18N-1310,database_public_cms,abouts.json::doc#1,hero.trustBadges[3],شريك نمو لا مجرد منفذ,"A Growth Partner, Not Just a Vendor",add-en-content-field,Proposed English copy for bilingual implementation; review brand/proper-name spelling before production.
SMART-I18N-1311,database_public_cms,abouts.json::doc#1,vision,أن تكون سمارت الشريك التقني الأقرب للشركات والمشاريع الطموحة في المنطقة، من خلال بناء منتجات رقمية لا تكتفي بالمظهر الجميل، بل تصنع أثرًا تشغيليًا وتجاريًا حقيقيًا.,To make Smart the closest technology partner to ambitious businesses and projects in the region by building digital products that go beyond visual appeal to create real operational and commercial impact.,add-en-content-field,Proposed English copy for bilingual implementation; review brand/proper-name spelling before production.
SMART-I18N-1312,database_public_cms,abouts.json::doc#1,mission,مهمتنا هي مساعدة المشاريع على الانتقال من فكرة مبعثرة إلى منتج رقمي واضح، منظم، وسهل الاستخدام، عبر مزيج متكامل من التخطيط، التصميم، التطوير، الإطلاق، والتحسين المستمر.,"Our mission is to help projects move from a scattered idea to a clear, well-structured, and easy-to-use digital product through an integrated combination of planning, design, development, launch, and continuous improvement.",add-en-content-field,Proposed English copy for bilingual implementation; review brand/proper-name spelling before production.
SMART-I18N-1313,database_public_cms,abouts.json::doc#1,approach,نعمل بمنهجية تبدأ بفهم الهدف والسوق والمستخدم، ثم نترجم ذلك إلى تجربة استخدام واضحة، ونبنيها بتقنيات مستقرة قابلة للتوسع، ثم نتابع التحسين بعد الإطلاق بناءً على البيانات والتجربة الواقعية.,"Our methodology starts with understanding the objective, market, and user. We then translate that into a clear user experience, build it with stable and scalable technologies, and continue improving after launch based on data and real-world usage.",add-en-content-field,Proposed English copy for bilingual implementation; review brand/proper-name spelling before production.
SMART-I18N-1314,database_public_cms,abouts.json::doc#1,values[0].title,لا نبدأ قبل فهم الهدف,We Don’t Start Before Understanding the Goal,add-en-content-field,Proposed English copy for bilingual implementation; review brand/proper-name spelling before production.
SMART-I18N-1315,database_public_cms,abouts.json::doc#1,values[0].description,كل قرار تصميمي أو تقني يجب أن يخدم هدفًا واضحًا للمشروع والمستخدم.,Every design and technical decision must serve a clear objective for the project and the user.,add-en-content-field,Proposed English copy for bilingual implementation; review brand/proper-name spelling before production.
SMART-I18N-1316,database_public_cms,abouts.json::doc#1,values[0].example,قبل التصميم نسأل: ما القرار الذي نريد من المستخدم اتخاذه؟,"Before we design, we ask: what decision do we want the user to make?",add-en-content-field,Proposed English copy for bilingual implementation; review brand/proper-name spelling before production.
SMART-I18N-1317,database_public_cms,abouts.json::doc#1,values[1].title,الجمال يجب أن يخدم الوضوح,Beauty Must Serve Clarity,add-en-content-field,Proposed English copy for bilingual implementation; review brand/proper-name spelling before production.
SMART-I18N-1318,database_public_cms,abouts.json::doc#1,values[1].description,نؤمن أن الواجهة الاحترافية ليست زخرفة فقط، بل وضوح وترتيب وثقة وسهولة استخدام.,"We believe a professional interface is not decoration alone; it is clarity, structure, trust, and ease of use.",add-en-content-field,Proposed English copy for bilingual implementation; review brand/proper-name spelling before production.
SMART-I18N-1319,database_public_cms,abouts.json::doc#1,values[1].example,نقلل الضجيج البصري ونرفع وضوح الرسالة والزر الأساسي.,We reduce visual noise and increase the clarity of the message and primary action.,add-en-content-field,Proposed English copy for bilingual implementation; review brand/proper-name spelling before production.
SMART-I18N-1320,database_public_cms,abouts.json::doc#1,values[2].title,لا نبني شيئًا يصعب تطويره,We Don’t Build Things That Are Hard to Evolve,add-en-content-field,Proposed English copy for bilingual implementation; review brand/proper-name spelling before production.
SMART-I18N-1321,database_public_cms,abouts.json::doc#1,values[2].description,نهتم بالبنية والتنظيم من البداية حتى لا يتحول المشروع إلى عبء عند التوسع.,We care about architecture and organization from the start so the project does not become a burden as it scales.,add-en-content-field,Proposed English copy for bilingual implementation; review brand/proper-name spelling before production.
SMART-I18N-1322,database_public_cms,abouts.json::doc#1,values[2].example,نفصل المكونات ونراعي قابلية إعادة الاستخدام وتوسع البيانات.,We separate components and design for reusability and data growth.,add-en-content-field,Proposed English copy for bilingual implementation; review brand/proper-name spelling before production.
SMART-I18N-1323,database_public_cms,abouts.json::doc#1,values[3].title,نتعامل كشريك لا كمورد,"We Work as a Partner, Not a Supplier",add-en-content-field,Proposed English copy for bilingual implementation; review brand/proper-name spelling before production.
SMART-I18N-1324,database_public_cms,abouts.json::doc#1,values[3].description,نناقش، نقترح، ونصحح الاتجاه عندما نرى أن القرار لا يخدم المشروع.,"We discuss, recommend, and correct course when we believe a decision does not serve the project.",add-en-content-field,Proposed English copy for bilingual implementation; review brand/proper-name spelling before production.
SMART-I18N-1325,database_public_cms,abouts.json::doc#1,values[3].example,إذا كان المطلوب غير مناسب، نقترح بديلًا يخدم الهدف بشكل أفضل.,"If a requested approach is not suitable, we propose an alternative that better serves the goal.",add-en-content-field,Proposed English copy for bilingual implementation; review brand/proper-name spelling before production.
SMART-I18N-1326,database_public_cms,abouts.json::doc#1,stats[0].label,مشروع رقمي,Digital Projects,add-en-content-field,Proposed English copy for bilingual implementation; review brand/proper-name spelling before production.
SMART-I18N-1327,database_public_cms,abouts.json::doc#1,stats[0].description,بين مواقع تعريفية، متاجر إلكترونية، تطبيقات، أنظمة تشغيلية، ولوحات تحكم.,"Across corporate websites, e-commerce stores, applications, operational systems, and dashboards.",add-en-content-field,Proposed English copy for bilingual implementation; review brand/proper-name spelling before production.
SMART-I18N-1328,database_public_cms,abouts.json::doc#1,stats[1].label,أنواع حلول,Solution Types,add-en-content-field,Proposed English copy for bilingual implementation; review brand/proper-name spelling before production.
SMART-I18N-1329,database_public_cms,abouts.json::doc#1,stats[1].description,مواقع، تطبيقات، متاجر، أنظمة SaaS، لوحات إدارة، وأتمتة تشغيلية.,"Websites, applications, e-commerce stores, SaaS systems, admin dashboards, and operational automation.",add-en-content-field,Proposed English copy for bilingual implementation; review brand/proper-name spelling before production.
SMART-I18N-1330,database_public_cms,abouts.json::doc#1,stats[2].label,قطاعات تعاملنا معها,Industries Served,add-en-content-field,Proposed English copy for bilingual implementation; review brand/proper-name spelling before production.
SMART-I18N-1331,database_public_cms,abouts.json::doc#1,stats[2].description,تجارة، خدمات، تعليم، تقنية، محتوى، مشاريع ناشئة، وحلول داخلية.,"Commerce, services, education, technology, content, startups, and internal solutions.",add-en-content-field,Proposed English copy for bilingual implementation; review brand/proper-name spelling before production.
SMART-I18N-1332,database_public_cms,abouts.json::doc#1,stats[3].suffix,مراحل,Stages,add-en-content-field,Proposed English copy for bilingual implementation; review brand/proper-name spelling before production.
SMART-I18N-1333,database_public_cms,abouts.json::doc#1,stats[3].label,منهجية تنفيذ,Delivery Methodology,add-en-content-field,Proposed English copy for bilingual implementation; review brand/proper-name spelling before production.
SMART-I18N-1334,database_public_cms,abouts.json::doc#1,stats[3].description,من الاكتشاف والتخطيط إلى التصميم، التطوير، الاختبار، الإطلاق، والتحسين.,"From discovery and planning through design, development, testing, launch, and improvement.",add-en-content-field,Proposed English copy for bilingual implementation; review brand/proper-name spelling before production.
SMART-I18N-1335,database_public_cms,abouts.json::doc#1,cta.title,هل لديك فكرة وتريد تحويلها إلى منتج رقمي حقيقي؟,Do you have an idea you want to turn into a real digital product?,add-en-content-field,Proposed English copy for bilingual implementation; review brand/proper-name spelling before production.
SMART-I18N-1336,database_public_cms,abouts.json::doc#1,cta.description,شاركنا فكرتك، وسنساعدك على تحويلها إلى تجربة واضحة، نظام مستقر، وإطلاق احترافي قابل للنمو.,"Share your idea with us, and we’ll help you turn it into a clear experience, a stable system, and a professional launch built for growth.",add-en-content-field,Proposed English copy for bilingual implementation; review brand/proper-name spelling before production.
SMART-I18N-1337,database_public_cms,abouts.json::doc#1,cta.secondaryButtonText,استعرض أعمالنا,Explore Our Work,add-en-content-field,Proposed English copy for bilingual implementation; review brand/proper-name spelling before production.
SMART-I18N-1338,database_public_cms,abouts.json::doc#1,differentiators[0].title,نفهم المنتج وليس الكود فقط,"We Understand the Product, Not Just the Code",add-en-content-field,Proposed English copy for bilingual implementation; review brand/proper-name spelling before production.
SMART-I18N-1339,database_public_cms,abouts.json::doc#1,differentiators[0].description,نتعامل مع كل مشروع كسير عمل وتجربة وهدف تجاري، وليس مجرد صفحات يتم تنفيذها.,"We treat every project as a workflow, an experience, and a business objective—not merely a set of pages to implement.",add-en-content-field,Proposed English copy for bilingual implementation; review brand/proper-name spelling before production.
SMART-I18N-1340,database_public_cms,abouts.json::doc#1,differentiators[1].title,نجمع التصميم والتطوير والتشغيل,"We Bring Design, Development, and Operations Together",add-en-content-field,Proposed English copy for bilingual implementation; review brand/proper-name spelling before production.
SMART-I18N-1341,database_public_cms,abouts.json::doc#1,differentiators[1].description,نربط بين واجهة المستخدم، الباك إند، لوحة التحكم، وسهولة إدارة المحتوى بعد التسليم.,"We connect the user interface, backend, admin dashboard, and the ease of managing content after delivery.",add-en-content-field,Proposed English copy for bilingual implementation; review brand/proper-name spelling before production.
SMART-I18N-1342,database_public_cms,abouts.json::doc#1,differentiators[2].title,نستخدم التقنية حيث تصنع قيمة,We Use Technology Where It Creates Value,add-en-content-field,Proposed English copy for bilingual implementation; review brand/proper-name spelling before production.
SMART-I18N-1343,database_public_cms,abouts.json::doc#1,differentiators[2].description,نستفيد من الأتمتة والذكاء الاصطناعي والتكاملات عندما تخدم المشروع فعليًا لا لمجرد الاستعراض.,"We use automation, artificial intelligence, and integrations when they genuinely serve the project—not for show.",add-en-content-field,Proposed English copy for bilingual implementation; review brand/proper-name spelling before production.
SMART-I18N-1344,database_public_cms,abouts.json::doc#1,differentiators[3].title,نبني على أساس قابل للنمو,We Build on a Foundation Designed for Growth,add-en-content-field,Proposed English copy for bilingual implementation; review brand/proper-name spelling before production.
SMART-I18N-1345,database_public_cms,abouts.json::doc#1,differentiators[3].description,نهتم بالبنية، الأداء، الأمان، وتجربة الإدارة حتى يكون المشروع قابلًا للتطوير لاحقًا.,"We focus on architecture, performance, security, and the admin experience so the project can evolve later.",add-en-content-field,Proposed English copy for bilingual implementation; review brand/proper-name spelling before production.
SMART-I18N-1346,database_public_cms,abouts.json::doc#1,process[0].title,الاكتشاف والتحليل,Discovery and Analysis,add-en-content-field,Proposed English copy for bilingual implementation; review brand/proper-name spelling before production.
SMART-I18N-1347,database_public_cms,abouts.json::doc#1,process[0].description,نحدد الهدف، الجمهور، نطاق المشروع، الأولويات، والمشاكل التي يجب حلها.,"We define the objective, audience, project scope, priorities, and the problems that need to be solved.",add-en-content-field,Proposed English copy for bilingual implementation; review brand/proper-name spelling before production.
SMART-I18N-1348,database_public_cms,abouts.json::doc#1,process[0].deliverable,ملخص المتطلبات وخريطة أولية للحل,Requirements Summary and Initial Solution Map,add-en-content-field,Proposed English copy for bilingual implementation; review brand/proper-name spelling before production.
SMART-I18N-1349,database_public_cms,abouts.json::doc#1,process[1].title,هيكلة التجربة,Experience Architecture,add-en-content-field,Proposed English copy for bilingual implementation; review brand/proper-name spelling before production.
SMART-I18N-1350,database_public_cms,abouts.json::doc#1,process[1].description,نرتب الصفحات، رحلة المستخدم، تدفق البيانات، والمنطق الأساسي قبل التصميم.,"We organize pages, the user journey, data flow, and core logic before design begins.",add-en-content-field,Proposed English copy for bilingual implementation; review brand/proper-name spelling before production.
SMART-I18N-1351,database_public_cms,abouts.json::doc#1,process[2].title,تصميم الواجهة,Interface Design,add-en-content-field,Proposed English copy for bilingual implementation; review brand/proper-name spelling before production.
SMART-I18N-1352,database_public_cms,abouts.json::doc#1,process[2].description,نصمم واجهة احترافية تعكس الهوية وتخدم الاستخدام والتحويل.,We design a professional interface that reflects the brand and supports usability and conversion.,add-en-content-field,Proposed English copy for bilingual implementation; review brand/proper-name spelling before production.
SMART-I18N-1353,database_public_cms,abouts.json::doc#1,process[2].deliverable,UI Design قابل للتنفيذ,Implementation-Ready UI Design,add-en-content-field,Proposed English copy for bilingual implementation; review brand/proper-name spelling before production.
SMART-I18N-1354,database_public_cms,abouts.json::doc#1,process[3].title,التطوير والربط,Development and Integration,add-en-content-field,Proposed English copy for bilingual implementation; review brand/proper-name spelling before production.
SMART-I18N-1355,database_public_cms,abouts.json::doc#1,process[3].description,نبني الواجهات، الباك إند، لوحة التحكم، وربط البيانات والتكاملات المطلوبة.,"We build the interfaces, backend, admin dashboard, data connections, and required integrations.",add-en-content-field,Proposed English copy for bilingual implementation; review brand/proper-name spelling before production.
SMART-I18N-1356,database_public_cms,abouts.json::doc#1,process[3].deliverable,نسخة عملية قابلة للاختبار,"A Working, Testable Version",add-en-content-field,Proposed English copy for bilingual implementation; review brand/proper-name spelling before production.
SMART-I18N-1357,database_public_cms,abouts.json::doc#1,process[4].title,الاختبار والتحسين,Testing and Optimization,add-en-content-field,Proposed English copy for bilingual implementation; review brand/proper-name spelling before production.
SMART-I18N-1358,database_public_cms,abouts.json::doc#1,process[4].description,نراجع الأداء، الأخطاء، التجاوب، سهولة الاستخدام، وجودة التجربة النهائية.,"We review performance, defects, responsiveness, usability, and the quality of the final experience.",add-en-content-field,Proposed English copy for bilingual implementation; review brand/proper-name spelling before production.
SMART-I18N-1359,database_public_cms,abouts.json::doc#1,process[4].deliverable,نسخة محسنة قبل الإطلاق,An Optimized Pre-Launch Version,add-en-content-field,Proposed English copy for bilingual implementation; review brand/proper-name spelling before production.
SMART-I18N-1360,database_public_cms,abouts.json::doc#1,process[5].title,الإطلاق والتسليم,Launch and Handover,add-en-content-field,Proposed English copy for bilingual implementation; review brand/proper-name spelling before production.
SMART-I18N-1361,database_public_cms,abouts.json::doc#1,process[5].description,نطلق المشروع، نضبط الإعدادات الأساسية، ونسلم لوحة التحكم وطريقة الاستخدام.,"We launch the project, configure the essential settings, and hand over the admin dashboard and usage guidance.",add-en-content-field,Proposed English copy for bilingual implementation; review brand/proper-name spelling before production.
SMART-I18N-1362,database_public_cms,abouts.json::doc#1,process[5].deliverable,إطلاق رسمي ومستندات تشغيل مختصرة,Official Launch and Concise Operating Documentation,add-en-content-field,Proposed English copy for bilingual implementation; review brand/proper-name spelling before production.
SMART-I18N-1363,database_public_cms,abouts.json::doc#1,process[6].title,النمو والتطوير المستمر,Growth and Continuous Improvement,add-en-content-field,Proposed English copy for bilingual implementation; review brand/proper-name spelling before production.
SMART-I18N-1364,database_public_cms,abouts.json::doc#1,process[6].description,نراجع تجربة الاستخدام والبيانات ونقترح تحسينات بعد الإطلاق.,We review user experience and data and recommend improvements after launch.,add-en-content-field,Proposed English copy for bilingual implementation; review brand/proper-name spelling before production.
SMART-I18N-1365,database_public_cms,abouts.json::doc#1,process[6].deliverable,خطة تحسين مستمرة,Continuous Improvement Plan,add-en-content-field,Proposed English copy for bilingual implementation; review brand/proper-name spelling before production.
SMART-I18N-1366,database_public_cms,abouts.json::doc#1,seo.metaTitle,من نحن | وكالة سمارت للحلول الرقمية والبرمجية,About Us | Smart Agency for Digital & Software Solutions,add-en-content-field,Proposed English copy for bilingual implementation; review brand/proper-name spelling before production.
SMART-I18N-1367,database_public_cms,abouts.json::doc#1,seo.metaDescription,تعرف على وكالة سمارت: شريك تقني يساعد الشركات على بناء مواقع، تطبيقات، متاجر، وأنظمة رقمية احترافية قابلة للنمو.,"Learn about Smart Agency, a technology partner that helps businesses build professional, scalable websites, applications, e-commerce stores, and digital systems.",add-en-content-field,Proposed English copy for bilingual implementation; review brand/proper-name spelling before production.
SMART-I18N-1368,database_public_cms,abouts.json::doc#1,seo.keywords[0],وكالة سمارت,Smart Agency,add-en-content-field,Proposed English copy for bilingual implementation; review brand/proper-name spelling before production.
SMART-I18N-1369,database_public_cms,abouts.json::doc#1,seo.keywords[1],شركة برمجة,Software Company,add-en-content-field,Proposed English copy for bilingual implementation; review brand/proper-name spelling before production.
SMART-I18N-1370,database_public_cms,abouts.json::doc#1,seo.keywords[2],تصميم مواقع,Web Design,add-en-content-field,Proposed English copy for bilingual implementation; review brand/proper-name spelling before production.
SMART-I18N-1371,database_public_cms,abouts.json::doc#1,seo.keywords[3],تطوير تطبيقات,App Development,add-en-content-field,Proposed English copy for bilingual implementation; review brand/proper-name spelling before production.
SMART-I18N-1372,database_public_cms,abouts.json::doc#1,seo.keywords[4],حلول رقمية,Digital Solutions,add-en-content-field,Proposed English copy for bilingual implementation; review brand/proper-name spelling before production.
SMART-I18N-1373,database_public_cms,abouts.json::doc#1,seo.keywords[5],وكالة تقنية,Technology Agency,add-en-content-field,Proposed English copy for bilingual implementation; review brand/proper-name spelling before production.
SMART-I18N-1374,database_public_cms,abouts.json::doc#1,story.title,لماذا وُجدت سمارت؟,Why Was Smart Created?,add-en-content-field,Proposed English copy for bilingual implementation; review brand/proper-name spelling before production.
SMART-I18N-1375,database_public_cms,abouts.json::doc#1,story.description,كثير من المشاريع لا تفشل بسبب ضعف الفكرة، بل بسبب ضعف تحويلها إلى تجربة واضحة ونظام قابل للتشغيل. لذلك وُجدت سمارت لتكون الجسر بين الفكرة والتنفيذ الحقيقي.,"Many projects do not fail because the idea is weak, but because the idea is poorly translated into a clear experience and an operable system. Smart was created to bridge the gap between an idea and real execution.",add-en-content-field,Proposed English copy for bilingual implementation; review brand/proper-name spelling before production.
SMART-I18N-1376,database_public_cms,abouts.json::doc#1,story.painPoints[0],أفكار قوية تضيع بسبب تنفيذ تقليدي لا يفهم السوق.,Strong ideas are lost through conventional execution that does not understand the market.,add-en-content-field,Proposed English copy for bilingual implementation; review brand/proper-name spelling before production.
SMART-I18N-1377,database_public_cms,abouts.json::doc#1,story.painPoints[1],واجهات جميلة ظاهريًا لكنها لا تقود المستخدم لاتخاذ قرار.,Interfaces can look beautiful yet fail to guide users toward a decision.,add-en-content-field,Proposed English copy for bilingual implementation; review brand/proper-name spelling before production.
SMART-I18N-1378,database_public_cms,abouts.json::doc#1,story.painPoints[2],مشاريع تُبنى بسرعة لكنها تصبح صعبة التطوير بعد الإطلاق.,Projects are built quickly but become difficult to evolve after launch.,add-en-content-field,Proposed English copy for bilingual implementation; review brand/proper-name spelling before production.
SMART-I18N-1379,database_public_cms,abouts.json::doc#1,story.painPoints[3],غياب شريك تقني يفهم المنتج والعميل والنمو معًا.,"A technology partner who understands the product, customer, and growth together is often missing.",add-en-content-field,Proposed English copy for bilingual implementation; review brand/proper-name spelling before production.
SMART-I18N-1380,database_public_cms,abouts.json::doc#1,story.closingStatement,نحن لا نتعامل مع المشروع كتصميم أو كود فقط، بل كنظام رقمي يجب أن يخدم هدفًا واضحًا ويستطيع النمو مع الوقت.,"We do not treat a project as design or code alone, but as a digital system that must serve a clear objective and be able to grow over time.",add-en-content-field,Proposed English copy for bilingual implementation; review brand/proper-name spelling before production.
SMART-I18N-1381,database_public_cms,abouts.json::doc#1,teamNote.title,فريق صغير بعقلية تنفيذ كبيرة,A Small Team with a Big Execution Mindset,add-en-content-field,Proposed English copy for bilingual implementation; review brand/proper-name spelling before production.
SMART-I18N-1382,database_public_cms,abouts.json::doc#1,teamNote.description,نؤمن أن قوة الوكالة لا تقاس بعدد الأشخاص فقط، بل بوضوح المنهجية، جودة التنفيذ، وسرعة تحويل الأفكار إلى نتائج. نعمل كفريق متكامل يجمع بين التفكير المنتج، التصميم، البرمجة، والتشغيل.,"We believe an agency’s strength is not measured by headcount alone, but by the clarity of its methodology, quality of execution, and speed in turning ideas into results. We work as one integrated team combining product thinking, design, development, and operations.",add-en-content-field,Proposed English copy for bilingual implementation; review brand/proper-name spelling before production.
SMART-I18N-1383,database_public_cms,abouts.json::doc#1,teamNote.highlights[0],تواصل مباشر وواضح خلال مراحل التنفيذ,Direct and clear communication throughout delivery,add-en-content-field,Proposed English copy for bilingual implementation; review brand/proper-name spelling before production.
SMART-I18N-1384,database_public_cms,abouts.json::doc#1,teamNote.highlights[1],قرارات مبنية على هدف المشروع لا على الذوق فقط,"Decisions based on the project goal, not taste alone",add-en-content-field,Proposed English copy for bilingual implementation; review brand/proper-name spelling before production.
SMART-I18N-1385,database_public_cms,abouts.json::doc#1,teamNote.highlights[2],اهتمام بالتفاصيل من أول شاشة حتى لوحة التحكم,Attention to detail from the first screen to the admin dashboard,add-en-content-field,Proposed English copy for bilingual implementation; review brand/proper-name spelling before production.
SMART-I18N-1386,database_public_cms,abouts.json::doc#1,thinking[0].title,نفهم قبل أن نصمم,We Understand Before We Design,add-en-content-field,Proposed English copy for bilingual implementation; review brand/proper-name spelling before production.
SMART-I18N-1387,database_public_cms,abouts.json::doc#1,thinking[0].description,نبدأ بفهم الهدف التجاري، طبيعة الجمهور، رحلة المستخدم، والمشكلة التي يجب أن يحلها المنتج.,"We begin by understanding the business objective, audience, user journey, and the problem the product needs to solve.",add-en-content-field,Proposed English copy for bilingual implementation; review brand/proper-name spelling before production.
SMART-I18N-1388,database_public_cms,abouts.json::doc#1,thinking[0].result,مخرجات أوضح قبل الدخول في التصميم والتنفيذ.,Clearer outputs before entering design and implementation.,add-en-content-field,Proposed English copy for bilingual implementation; review brand/proper-name spelling before production.
SMART-I18N-1389,database_public_cms,abouts.json::doc#1,thinking[1].title,نصمم تجربة تقود المستخدم,We Design an Experience That Guides the User,add-en-content-field,Proposed English copy for bilingual implementation; review brand/proper-name spelling before production.
SMART-I18N-1390,database_public_cms,abouts.json::doc#1,thinking[1].description,لا نكتفي بواجهة جميلة؛ نصمم رحلة استخدام تقلل التشتت وتزيد وضوح القرار لدى العميل.,We go beyond a beautiful interface; we design a user journey that reduces distraction and makes the customer’s decision clearer.,add-en-content-field,Proposed English copy for bilingual implementation; review brand/proper-name spelling before production.
SMART-I18N-1391,database_public_cms,abouts.json::doc#1,thinking[1].result,تجربة استخدام أكثر وضوحًا وقابلية للتحويل.,A clearer user experience with stronger conversion potential.,add-en-content-field,Proposed English copy for bilingual implementation; review brand/proper-name spelling before production.
SMART-I18N-1392,database_public_cms,abouts.json::doc#1,thinking[2].title,نبني بنظام قابل للتوسع,We Build for Scalability,add-en-content-field,Proposed English copy for bilingual implementation; review brand/proper-name spelling before production.
SMART-I18N-1393,database_public_cms,abouts.json::doc#1,thinking[2].description,نراعي بنية الكود، تنظيم الواجهات، واجهات API، لوحة التحكم، وقابلية التطوير بعد الإطلاق.,"We account for code architecture, interface organization, APIs, the admin dashboard, and the ability to evolve after launch.",add-en-content-field,Proposed English copy for bilingual implementation; review brand/proper-name spelling before production.
SMART-I18N-1394,database_public_cms,abouts.json::doc#1,thinking[2].result,منتج مستقر لا ينهار عند أول توسع.,A stable product that does not break at the first stage of growth.,add-en-content-field,Proposed English copy for bilingual implementation; review brand/proper-name spelling before production.
SMART-I18N-1395,database_public_cms,abouts.json::doc#1,thinking[3].title,نقيس ونحسن بعد الإطلاق,We Measure and Improve After Launch,add-en-content-field,Proposed English copy for bilingual implementation; review brand/proper-name spelling before production.
SMART-I18N-1396,database_public_cms,abouts.json::doc#1,thinking[3].description,نؤمن أن الإطلاق ليس النهاية، بل بداية مرحلة تحسين مستمرة بناءً على الاستخدام والبيانات.,"We believe launch is not the end, but the beginning of continuous improvement based on usage and data.",add-en-content-field,Proposed English copy for bilingual implementation; review brand/proper-name spelling before production.
SMART-I18N-1397,database_public_cms,abouts.json::doc#1,thinking[3].result,تحسين مستمر بدل تسليم جامد.,Continuous improvement instead of a static handover.,add-en-content-field,Proposed English copy for bilingual implementation; review brand/proper-name spelling before production.
SMART-I18N-1398,database_public_cms,blogs.json::دليل شامل لتطوير تطبيقات الويب الحديثة,title | seo.metaTitle,دليل شامل لتطوير تطبيقات الويب الحديثة,A Comprehensive Guide to Modern Web Application Development,add-en-content-field,Proposed English copy for bilingual implementation; review brand/proper-name spelling before production.
SMART-I18N-1399,database_public_cms,blogs.json::دليل شامل لتطوير تطبيقات الويب الحديثة,content,"<h2>مقدمة</h2>
        <p>تطوير تطبيقات الويب الحديثة يتطلب فهماً عميقاً للتقنيات والأدوات المتاحة. في هذا المقال، سنستكشف أفضل الممارسات والطرق الحديثة لتطوير تطبيقات ويب قوية وقابلة للتوسع.</p>
        
        <h2>اختيار التقنيات المناسبة</h2>
        <p>اختيار التقنيات المناسبة هو الخطوة الأولى في بناء تطبيق ويب ناجح. يجب أن تأخذ في الاعتبار متطلبات المشروع، حجم الفريق، والموارد المتاحة.</p>
        
        <h2>أفضل الممارسات</h2>
        <ul>
          <li>استخدام TypeScript لتحسين جودة الكود</li>
          <li>تطبيق مبادئ SOLID</li>
          <li>كتابة اختبارات شاملة</li>
          <li>استخدام CI/CD للتحسين المستمر</li>
        </ul>","<h2>Introduction</h2>
        <p>Modern web application development requires a deep understanding of the available technologies and tools. In this article, we explore modern approaches and best practices for building powerful, scalable web applications.</p>
        
        <h2>Choosing the Right Technologies</h2>
        <p>Choosing the right technologies is the first step in building a successful web application. You should consider the project requirements, team size, and available resources.</p>
        
        <h2>Best Practices</h2>
        <ul>
          <li>Use TypeScript to improve code quality</li>
          <li>Apply SOLID principles</li>
          <li>Write comprehensive tests</li>
          <li>Use CI/CD for continuous improvement</li>
        </ul>",add-en-content-field,Proposed English copy for bilingual implementation; review brand/proper-name spelling before production.
SMART-I18N-1400,database_public_cms,blogs.json::دليل شامل لتطوير تطبيقات الويب الحديثة,excerpt,دليل شامل يغطي جميع جوانب تطوير تطبيقات الويب الحديثة من اختيار التقنيات إلى أفضل الممارسات,"A comprehensive guide covering every aspect of modern web application development, from technology selection to best practices",add-en-content-field,Proposed English copy for bilingual implementation; review brand/proper-name spelling before production.
SMART-I18N-1401,database_public_cms,blogs.json::دليل شامل لتطوير تطبيقات الويب الحديثة,tags[0] | seo.keywords[0],تطوير الويب,Web Development,add-en-content-field,Proposed English copy for bilingual implementation; review brand/proper-name spelling before production.
SMART-I18N-1402,database_public_cms,blogs.json::دليل شامل لتطوير تطبيقات الويب الحديثة,tags[1] | seo.keywords[1],برمجة,Programming,add-en-content-field,Proposed English copy for bilingual implementation; review brand/proper-name spelling before production.
SMART-I18N-1403,database_public_cms,blogs.json::دليل شامل لتطوير تطبيقات الويب الحديثة,tags[2] | seo.keywords[2],تقنيات,Technology,add-en-content-field,Proposed English copy for bilingual implementation; review brand/proper-name spelling before production.
SMART-I18N-1404,database_public_cms,blogs.json::دليل شامل لتطوير تطبيقات الويب الحديثة,seo.metaDescription,تعرف على أفضل الممارسات والتقنيات لتطوير تطبيقات ويب حديثة وقوية,"Learn the best practices and technologies for developing modern, powerful web applications",add-en-content-field,Proposed English copy for bilingual implementation; review brand/proper-name spelling before production.
SMART-I18N-1405,database_public_cms,blogs.json::دليل شامل لتطوير تطبيقات الويب الحديثة | blogs.json::كيفية تحسين أداء تطبيقات React,seo.keywords[3],أفضل الممارسات,Best Practices,add-en-content-field,Proposed English copy for bilingual implementation; review brand/proper-name spelling before production.
SMART-I18N-1406,database_public_cms,blogs.json::كيفية تحسين أداء تطبيقات React,title | seo.metaTitle,كيفية تحسين أداء تطبيقات React,How to Improve React Application Performance,add-en-content-field,Proposed English copy for bilingual implementation; review brand/proper-name spelling before production.
SMART-I18N-1407,database_public_cms,blogs.json::كيفية تحسين أداء تطبيقات React,content,"<h2>مقدمة</h2>
        <p>تحسين الأداء في تطبيقات React هو أمر حاسم لضمان تجربة مستخدم ممتازة. في هذا المقال، سنستعرض أهم التقنيات والأدوات لتحسين الأداء.</p>
        
        <h2>استخدام React.memo</h2>
        <p>React.memo يساعد في منع إعادة التصيير غير الضرورية للمكونات.</p>
        
        <h2>استخدام useMemo و useCallback</h2>
        <p>هذه الـ hooks تساعد في تحسين الأداء من خلال تقليل الحسابات والوظائف المعاد إنشاؤها.</p>","<h2>Introduction</h2>
        <p>Performance optimization in React applications is essential for delivering an excellent user experience. In this article, we review the most important techniques and tools for improving performance.</p>
        
        <h2>Using React.memo</h2>
        <p>React.memo helps prevent unnecessary component re-renders.</p>
        
        <h2>Using useMemo and useCallback</h2>
        <p>These hooks help improve performance by reducing repeated calculations and recreated functions.</p>",add-en-content-field,Proposed English copy for bilingual implementation; review brand/proper-name spelling before production.
SMART-I18N-1408,database_public_cms,blogs.json::كيفية تحسين أداء تطبيقات React,excerpt,تعلم كيفية تحسين أداء تطبيقات React باستخدام أفضل التقنيات والأدوات المتاحة,Learn how to improve React application performance using the best available techniques and tools,add-en-content-field,Proposed English copy for bilingual implementation; review brand/proper-name spelling before production.
SMART-I18N-1409,database_public_cms,blogs.json::كيفية تحسين أداء تطبيقات React,tags[1] | seo.keywords[1],الأداء,Performance,add-en-content-field,Proposed English copy for bilingual implementation; review brand/proper-name spelling before production.
SMART-I18N-1410,database_public_cms,blogs.json::كيفية تحسين أداء تطبيقات React,tags[2] | seo.keywords[2],تحسين,Optimization,add-en-content-field,Proposed English copy for bilingual implementation; review brand/proper-name spelling before production.
SMART-I18N-1411,database_public_cms,blogs.json::كيفية تحسين أداء تطبيقات React,seo.metaDescription,دليل شامل لتحسين أداء تطبيقات React باستخدام أفضل الممارسات,A comprehensive guide to improving React application performance using best practices,add-en-content-field,Proposed English copy for bilingual implementation; review brand/proper-name spelling before production.
SMART-I18N-1412,database_public_cms,blogs.json::مقدمة إلى NestJS: إطار عمل قوي لـ Node.js,title | seo.metaTitle,مقدمة إلى NestJS: إطار عمل قوي لـ Node.js,Introduction to NestJS: A Powerful Node.js Framework,add-en-content-field,Proposed English copy for bilingual implementation; review brand/proper-name spelling before production.
SMART-I18N-1413,database_public_cms,blogs.json::مقدمة إلى NestJS: إطار عمل قوي لـ Node.js,content,"<h2>ما هو NestJS؟</h2>
        <p>NestJS هو إطار عمل Node.js قوي وقابل للتوسع يستخدم TypeScript. يوفر بنية منظمة وواضحة لبناء تطبيقات خادم قوية.</p>
        
        <h2>المميزات الرئيسية</h2>
        <ul>
          <li>دعم TypeScript بشكل كامل</li>
          <li>بنية معيارية قوية</li>
          <li>دعم Dependency Injection</li>
          <li>تكامل سهل مع قواعد البيانات</li>
        </ul>","<h2>What is NestJS?</h2>
        <p>NestJS is a powerful, scalable Node.js framework that uses TypeScript. It provides a clear, structured architecture for building robust server applications.</p>
        
        <h2>Key Features</h2>
        <ul>
          <li>Full TypeScript support</li>
          <li>Powerful modular architecture</li>
          <li>Dependency Injection support</li>
          <li>Easy database integration</li>
        </ul>",add-en-content-field,Proposed English copy for bilingual implementation; review brand/proper-name spelling before production.
SMART-I18N-1414,database_public_cms,blogs.json::مقدمة إلى NestJS: إطار عمل قوي لـ Node.js,excerpt,تعرف على NestJS، إطار عمل Node.js القوي الذي يساعدك في بناء تطبيقات خادم احترافية,"Learn about NestJS, the powerful Node.js framework that helps you build professional server applications",add-en-content-field,Proposed English copy for bilingual implementation; review brand/proper-name spelling before production.
SMART-I18N-1415,database_public_cms,blogs.json::مقدمة إلى NestJS: إطار عمل قوي لـ Node.js,seo.metaDescription,تعرف على NestJS وكيفية استخدامه لبناء تطبيقات خادم قوية,Learn about NestJS and how to use it to build robust server applications,add-en-content-field,Proposed English copy for bilingual implementation; review brand/proper-name spelling before production.
SMART-I18N-1416,database_public_cms,blogs.json::كيف يُسرّع الذكاء الاصطناعي من نمو الشركات الصغيرة والمتوسطة في 2025,title,كيف يُسرّع الذكاء الاصطناعي من نمو الشركات الصغيرة والمتوسطة في 2025,How Artificial Intelligence Accelerates SME Growth in 2025,add-en-content-field,Proposed English copy for bilingual implementation; review brand/proper-name spelling before production.
SMART-I18N-1417,database_public_cms,blogs.json::كيف يُسرّع الذكاء الاصطناعي من نمو الشركات الصغيرة والمتوسطة في 2025,content,"<h2><strong>لماذا يحتاج عملك إلى الذكاء الاصطناعي الآن؟</strong></h2><p>الوقت المناسب للبدء بالأمس، والوقت الثاني المناسب هو الآن. تأخير تبني التقنية يعني فقدان ميزة تنافسية يصعب تعويضها لاحقاً.</p><h2><br><strong>الفوائد الرئيسية للذكاء الاصطناعي في الشركات الصغيرة والمتوسطة</strong></h2><ol><li><p>أتمتة العمليات المتكررة</p></li></ol><p>هل تعلم أن الموظف العادي يقضي ما يقارب 40% من وقته في مهام يمكن أتمتتها بالكامل؟ هذه المهام تشمل الرد على الاستفسارات المتكررة، إدخال البيانات، جدولة المواعيد، ومتابعة العميل. باستخدام أدوات الذكاء الاصطناعي، يمكنك تحرير هذا الوقت وإعادة توجيهه نحو المهام التي تتطلب إبداعاً وابتكاراً.</p><ol start=""2""><li><p>زيادة الإنتاجية بنسبة ملموسة</p></li></ol><p>تشير الدراسات إلى أن الشركات التي تستخدم الذكاء الاصطناعي في عملياتها تشهد زيادة في الإنتاجية تتراوح بين 30% و60%. هذا ليس مجرد رقم نظري، بل ينعكس على الميزانية النهائية للشركة.<br>3.تحسين تجربة العملاء</p><p>العملاء في 2025 يتوقعون استجابة فورية ومخصصة. الذكاء الاصطناعي يتيح لك تقديم هذه التجربة على مدار الساعة دون الحاجة لفريق دعم كبير.</p><p><br></p><p><br><br><br><br></p>","<h2><strong>Why Does Your Business Need AI Now?</strong></h2><p>The best time to start was yesterday; the second-best time is now. Delaying technology adoption means losing a competitive advantage that can be difficult to recover later.</p><h2><br><strong>Key Benefits of AI for Small and Medium-Sized Businesses</strong></h2><ol><li><p>Automating Repetitive Processes</p></li></ol><p>Did you know that the average employee spends nearly 40% of their time on tasks that can be fully automated? These tasks include answering repetitive inquiries, entering data, scheduling appointments, and following up with customers. With AI tools, you can free up this time and redirect it toward tasks that require creativity and innovation.</p><ol start=""2""><li><p>Meaningful Productivity Gains</p></li></ol><p>Studies indicate that companies using AI in their operations see productivity gains ranging from 30% to 60%. This is not just a theoretical figure; it directly affects the company’s bottom line.<br>3. Improving the Customer Experience</p><p>Customers in 2025 expect immediate, personalized responses. AI enables you to provide this experience around the clock without requiring a large support team.</p><p><br></p><p><br><br><br><br></p>",add-en-content-field,Proposed English copy for bilingual implementation; review brand/proper-name spelling before production.
SMART-I18N-1418,database_public_cms,blogs.json::كيف يُسرّع الذكاء الاصطناعي من نمو الشركات الصغيرة والمتوسطة في 2025,excerpt,اكتشف كيف يمكن للذكاء الاصطناعي أن يُضاعف إنتاجية شركتك ويقلل التكاليف بنسبة تصل إلى 40% في عام 2025,Discover how artificial intelligence can multiply your company’s productivity and reduce costs by up to 40% in 2025,add-en-content-field,Proposed English copy for bilingual implementation; review brand/proper-name spelling before production.
SMART-I18N-1419,database_public_cms,blogs.json::كيف يُسرّع الذكاء الاصطناعي من نمو الشركات الصغيرة والمتوسطة في 2025,coverAlt,رسم توضيحي للذكاء الاصطناعي وتأثيره على الأعمال,Illustration of artificial intelligence and its impact on business,add-en-content-field,Proposed English copy for bilingual implementation; review brand/proper-name spelling before production.
SMART-I18N-1420,database_public_cms,blogs.json::كيف يُسرّع الذكاء الاصطناعي من نمو الشركات الصغيرة والمتوسطة في 2025 | teammembers.json::محمد مراد,authorName | fullName,محمد مراد,Mohammed Murad,add-en-content-field,Proposed English copy for bilingual implementation; review brand/proper-name spelling before production.
SMART-I18N-1421,database_public_cms,blogs.json::كيف يُسرّع الذكاء الاصطناعي من نمو الشركات الصغيرة والمتوسطة في 2025,authorRole,مدير الاستراتيجية الرقمية,Digital Strategy Director,add-en-content-field,Proposed English copy for bilingual implementation; review brand/proper-name spelling before production.
SMART-I18N-1422,database_public_cms,blogs.json::كيف يُسرّع الذكاء الاصطناعي من نمو الشركات الصغيرة والمتوسطة في 2025,tags[0] | seo.keywords[2],تحول رقمي,Digital Transformation,add-en-content-field,Proposed English copy for bilingual implementation; review brand/proper-name spelling before production.
SMART-I18N-1423,database_public_cms,blogs.json::كيف يُسرّع الذكاء الاصطناعي من نمو الشركات الصغيرة والمتوسطة في 2025,tags[1] | seo.keywords[1],ذكاء اصطناعي,Artificial Intelligence,add-en-content-field,Proposed English copy for bilingual implementation; review brand/proper-name spelling before production.
SMART-I18N-1424,database_public_cms,blogs.json::كيف يُسرّع الذكاء الاصطناعي من نمو الشركات الصغيرة والمتوسطة في 2025,tags[2],تكنولوجيا,Technology,add-en-content-field,Proposed English copy for bilingual implementation; review brand/proper-name spelling before production.
SMART-I18N-1425,database_public_cms,blogs.json::كيف يُسرّع الذكاء الاصطناعي من نمو الشركات الصغيرة والمتوسطة في 2025,tags[3],أعمال,Business,add-en-content-field,Proposed English copy for bilingual implementation; review brand/proper-name spelling before production.
SMART-I18N-1426,database_public_cms,blogs.json::كيف يُسرّع الذكاء الاصطناعي من نمو الشركات الصغيرة والمتوسطة في 2025,category,الذكاء الاصطناعي,Artificial Intelligence,add-en-content-field,Proposed English copy for bilingual implementation; review brand/proper-name spelling before production.
SMART-I18N-1427,database_public_cms,blogs.json::كيف يُسرّع الذكاء الاصطناعي من نمو الشركات الصغيرة والمتوسطة في 2025,summaryPoints[0],زيادة الإنتاجية بنسبة 40%,40% Productivity Increase,add-en-content-field,Proposed English copy for bilingual implementation; review brand/proper-name spelling before production.
SMART-I18N-1428,database_public_cms,blogs.json::كيف يُسرّع الذكاء الاصطناعي من نمو الشركات الصغيرة والمتوسطة في 2025,summaryPoints[1],توفير 25 ساعة شهرياً,Save 25 Hours per Month,add-en-content-field,Proposed English copy for bilingual implementation; review brand/proper-name spelling before production.
SMART-I18N-1429,database_public_cms,blogs.json::كيف يُسرّع الذكاء الاصطناعي من نمو الشركات الصغيرة والمتوسطة في 2025,summaryPoints[2],تقليل الأخطاء البشرية,Reduce Human Error,add-en-content-field,Proposed English copy for bilingual implementation; review brand/proper-name spelling before production.
SMART-I18N-1430,database_public_cms,blogs.json::كيف يُسرّع الذكاء الاصطناعي من نمو الشركات الصغيرة والمتوسطة في 2025,summaryPoints[3],تحسين تجربة العملاء,Improve the Customer Experience,add-en-content-field,Proposed English copy for bilingual implementation; review brand/proper-name spelling before production.
SMART-I18N-1431,database_public_cms,blogs.json::كيف يُسرّع الذكاء الاصطناعي من نمو الشركات الصغيرة والمتوسطة في 2025,ctaTitle,هل تريد تطبيق الذكاء الاصطناعي في شركتك؟,Want to Apply Artificial Intelligence in Your Company?,add-en-content-field,Proposed English copy for bilingual implementation; review brand/proper-name spelling before production.
SMART-I18N-1432,database_public_cms,blogs.json::كيف يُسرّع الذكاء الاصطناعي من نمو الشركات الصغيرة والمتوسطة في 2025,ctaDescription,احصل على استشارة مجانية واكتشف كيف يمكننا مساعدتك,Get a free consultation and discover how we can help you,add-en-content-field,Proposed English copy for bilingual implementation; review brand/proper-name spelling before production.
SMART-I18N-1433,database_public_cms,blogs.json::كيف يُسرّع الذكاء الاصطناعي من نمو الشركات الصغيرة والمتوسطة في 2025,ctaButtonText,احجز استشارتك المجانية,Book Your Free Consultation,add-en-content-field,Proposed English copy for bilingual implementation; review brand/proper-name spelling before production.
SMART-I18N-1434,database_public_cms,blogs.json::كيف يُسرّع الذكاء الاصطناعي من نمو الشركات الصغيرة والمتوسطة في 2025,seo.metaTitle,كيف يُسرّع الذكاء الاصطناعي نمو الشركات الصغيرة,How Artificial Intelligence Accelerates Small Business Growth,add-en-content-field,Proposed English copy for bilingual implementation; review brand/proper-name spelling before production.
SMART-I18N-1435,database_public_cms,blogs.json::كيف يُسرّع الذكاء الاصطناعي من نمو الشركات الصغيرة والمتوسطة في 2025,seo.metaDescription,دليل شامل عن استخدام الذكاء الاصطناعي في الشركات الصغيرة والمتوسطة لزيادة الإنتاجية وتقليل التكاليف,A comprehensive guide to using artificial intelligence in small and medium-sized businesses to increase productivity and reduce costs,add-en-content-field,Proposed English copy for bilingual implementation; review brand/proper-name spelling before production.
SMART-I18N-1436,database_public_cms,blogs.json::كيف يُسرّع الذكاء الاصطناعي من نمو الشركات الصغيرة والمتوسطة في 2025,seo.keywords[0],شركات صغيرة,Small Businesses,add-en-content-field,Proposed English copy for bilingual implementation; review brand/proper-name spelling before production.
SMART-I18N-1437,database_public_cms,blogs.json::كيف يُسرّع الذكاء الاصطناعي من نمو الشركات الصغيرة والمتوسطة في 2025,seo.ogTitle,كيف يُسرّع الذكاء الاصطناعي نمو أعمالك في 2025,How Artificial Intelligence Accelerates Your Business Growth in 2025,add-en-content-field,Proposed English copy for bilingual implementation; review brand/proper-name spelling before production.
SMART-I18N-1438,database_public_cms,blogs.json::كيف يُسرّع الذكاء الاصطناعي من نمو الشركات الصغيرة والمتوسطة في 2025,seo.ogDescription,اكتشف أسرار نجاح الشركات باستخدام الذكاء الاصطناعي,Discover how successful companies are using artificial intelligence,add-en-content-field,Proposed English copy for bilingual implementation; review brand/proper-name spelling before production.
SMART-I18N-1439,database_public_cms,blogs.json::كيف يُسرّع الذكاء الاصطناعي من نمو الشركات الصغيرة والمتوسطة في 2025,seo.twitterTitle,الذكاء الاصطناعي مفتاح نمو الشركات في 2025,Artificial Intelligence: The Key to Business Growth in 2025,add-en-content-field,Proposed English copy for bilingual implementation; review brand/proper-name spelling before production.
SMART-I18N-1440,database_public_cms,blogs.json::كيف يُسرّع الذكاء الاصطناعي من نمو الشركات الصغيرة والمتوسطة في 2025,seo.twitterDescription,خطوات عملية لتطبيق AI في شركتك الصغيرة,Practical Steps for Applying AI in Your Small Business,add-en-content-field,Proposed English copy for bilingual implementation; review brand/proper-name spelling before production.
SMART-I18N-1441,database_public_cms,companyinfos.json::info@smartagency.com,address,"صنعاء, اليمن","Sana’a, Yemen",add-en-content-field,Proposed English copy for bilingual implementation; review brand/proper-name spelling before production.
SMART-I18N-1442,database_public_cms,companyinfos.json::info@smartagency.com,workingHours,الأحد - الخميس: 8 ص - 5 م,Sunday - Thursday: 8 AM - 5 PM,add-en-content-field,Proposed English copy for bilingual implementation; review brand/proper-name spelling before production.
SMART-I18N-1443,database_public_cms,faqs.json::ما هي الخدمات التي تقدمونها؟,question,ما هي الخدمات التي تقدمونها؟,What services do you offer?,add-en-content-field,Proposed English copy for bilingual implementation; review brand/proper-name spelling before production.
SMART-I18N-1444,database_public_cms,faqs.json::ما هي الخدمات التي تقدمونها؟,answer,نقدم مجموعة واسعة من الخدمات التقنية بما في ذلك تطوير تطبيقات الويب، تطبيقات الجوال، أنظمة ERP، أنظمة التجارة الإلكترونية، وأتمتة العمليات.,"We offer a wide range of technology services, including web application development, mobile applications, ERP systems, e-commerce systems, and process automation.",add-en-content-field,Proposed English copy for bilingual implementation; review brand/proper-name spelling before production.
SMART-I18N-1445,database_public_cms,faqs.json::ما هي الخدمات التي تقدمونها؟ | faqs.json::كم تستغرق عملية تطوير التطبيق؟ | faqs.json::كيف يمكنني طلب عرض سعر؟,category,عام,General,add-en-content-field,Proposed English copy for bilingual implementation; review brand/proper-name spelling before production.
SMART-I18N-1446,database_public_cms,faqs.json::كم تستغرق عملية تطوير التطبيق؟,question,كم تستغرق عملية تطوير التطبيق؟,How long does application development take?,add-en-content-field,Proposed English copy for bilingual implementation; review brand/proper-name spelling before production.
SMART-I18N-1447,database_public_cms,faqs.json::كم تستغرق عملية تطوير التطبيق؟,answer,مدة التطوير تعتمد على حجم المشروع وتعقيده. التطبيقات البسيطة قد تستغرق من 2-4 أسابيع، بينما المشاريع الكبيرة قد تستغرق عدة أشهر.,"Development time depends on the size and complexity of the project. Simple applications may take 2–4 weeks, while larger projects may take several months.",add-en-content-field,Proposed English copy for bilingual implementation; review brand/proper-name spelling before production.
SMART-I18N-1448,database_public_cms,faqs.json::ما هي التقنيات التي تستخدمونها؟,question,ما هي التقنيات التي تستخدمونها؟,What technologies do you use?,add-en-content-field,Proposed English copy for bilingual implementation; review brand/proper-name spelling before production.
SMART-I18N-1449,database_public_cms,faqs.json::ما هي التقنيات التي تستخدمونها؟,answer,نستخدم أحدث التقنيات والأدوات مثل React، Vue.js، Angular للواجهات الأمامية، و NestJS، Node.js للواجهات الخلفية، بالإضافة إلى MongoDB و PostgreSQL لقواعد البيانات.,"We use modern technologies and tools such as React, Vue.js, and Angular for frontends; NestJS and Node.js for backends; and MongoDB and PostgreSQL for databases.",add-en-content-field,Proposed English copy for bilingual implementation; review brand/proper-name spelling before production.
SMART-I18N-1450,database_public_cms,faqs.json::ما هي التقنيات التي تستخدمونها؟,category,تقني,Technical,add-en-content-field,Proposed English copy for bilingual implementation; review brand/proper-name spelling before production.
SMART-I18N-1451,database_public_cms,faqs.json::هل تقدمون خدمات الصيانة والدعم؟,question,هل تقدمون خدمات الصيانة والدعم؟,Do you provide maintenance and support services?,add-en-content-field,Proposed English copy for bilingual implementation; review brand/proper-name spelling before production.
SMART-I18N-1452,database_public_cms,faqs.json::هل تقدمون خدمات الصيانة والدعم؟,answer,نعم، نقدم خدمات الصيانة والدعم الفني المستمر لجميع المشاريع التي نطورها. يمكنك اختيار خطة دعم تناسب احتياجاتك.,Yes. We provide ongoing maintenance and technical support for all projects we develop. You can choose a support plan that fits your needs.,add-en-content-field,Proposed English copy for bilingual implementation; review brand/proper-name spelling before production.
SMART-I18N-1453,database_public_cms,faqs.json::هل تقدمون خدمات الصيانة والدعم؟,category,خدمات,Services,add-en-content-field,Proposed English copy for bilingual implementation; review brand/proper-name spelling before production.
SMART-I18N-1454,database_public_cms,faqs.json::كيف يمكنني طلب عرض سعر؟,question,كيف يمكنني طلب عرض سعر؟,How can I request a quotation?,add-en-content-field,Proposed English copy for bilingual implementation; review brand/proper-name spelling before production.
SMART-I18N-1455,database_public_cms,faqs.json::كيف يمكنني طلب عرض سعر؟,answer,يمكنك ملء نموذج التواصل على موقعنا أو إرسال بريد إلكتروني إلينا. سنقوم بالرد عليك خلال 24 ساعة مع عرض سعر مفصل.,You can complete the contact form on our website or send us an email. We will respond within 24 hours with a detailed quotation.,add-en-content-field,Proposed English copy for bilingual implementation; review brand/proper-name spelling before production.
SMART-I18N-1456,database_public_cms,faqs.json::هل تقدمون استضافة المواقع؟,question,هل تقدمون استضافة المواقع؟,Do you provide web hosting?,add-en-content-field,Proposed English copy for bilingual implementation; review brand/proper-name spelling before production.
SMART-I18N-1457,database_public_cms,faqs.json::هل تقدمون استضافة المواقع؟,answer,نعم، نقدم خدمات استضافة متنوعة تشمل الاستضافة المشتركة، VPS، والخوادم المخصصة. جميع خططنا تتضمن دعم فني 24/7.,"Yes. We offer various hosting services, including shared hosting, VPS, and dedicated servers. All our plans include 24/7 technical support.",add-en-content-field,Proposed English copy for bilingual implementation; review brand/proper-name spelling before production.
SMART-I18N-1458,database_public_cms,faqs.json::هل تقدمون استضافة المواقع؟,category,استضافة,Hosting,add-en-content-field,Proposed English copy for bilingual implementation; review brand/proper-name spelling before production.
SMART-I18N-1459,database_public_cms,hostingpackages.json::الخطة الأساسية,name,الخطة الأساسية,Basic Plan,add-en-content-field,Proposed English copy for bilingual implementation; review brand/proper-name spelling before production.
SMART-I18N-1460,database_public_cms,hostingpackages.json::الخطة الأساسية,description,مثالية للمواقع الصغيرة والمدونات الشخصية,Ideal for small websites and personal blogs,add-en-content-field,Proposed English copy for bilingual implementation; review brand/proper-name spelling before production.
SMART-I18N-1461,database_public_cms,hostingpackages.json::الخطة الأساسية,features[0],10GB مساحة تخزين,10GB Storage,add-en-content-field,Proposed English copy for bilingual implementation; review brand/proper-name spelling before production.
SMART-I18N-1462,database_public_cms,hostingpackages.json::الخطة الأساسية,features[1],نطاق مجاني,Free Domain,add-en-content-field,Proposed English copy for bilingual implementation; review brand/proper-name spelling before production.
SMART-I18N-1463,database_public_cms,hostingpackages.json::الخطة الأساسية | hostingpackages.json::الخطة المتوسطة | hostingpackages.json::الخطة المتقدمة,features[2],بريد إلكتروني غير محدود,Unlimited Email,add-en-content-field,Proposed English copy for bilingual implementation; review brand/proper-name spelling before production.
SMART-I18N-1464,database_public_cms,hostingpackages.json::الخطة الأساسية | hostingpackages.json::الخطة المتوسطة | hostingpackages.json::الخطة المتقدمة | hostingpackages.json::استضافة WordPress,features[3] | features[5],دعم SSL مجاني,Free SSL Support,add-en-content-field,Proposed English copy for bilingual implementation; review brand/proper-name spelling before production.
SMART-I18N-1465,database_public_cms,hostingpackages.json::الخطة الأساسية | hostingpackages.json::الخطة المتوسطة | hostingpackages.json::الخطة المتقدمة,features[4],نسخ احتياطي يومي,Daily Backups,add-en-content-field,Proposed English copy for bilingual implementation; review brand/proper-name spelling before production.
SMART-I18N-1466,database_public_cms,hostingpackages.json::الخطة الأساسية | hostingpackages.json::الخطة المتوسطة | hostingpackages.json::الخطة المتقدمة | hostingpackages.json::استضافة WordPress,bandwidth | domains,غير محدود,Unlimited,add-en-content-field,Proposed English copy for bilingual implementation; review brand/proper-name spelling before production.
SMART-I18N-1467,database_public_cms,hostingpackages.json::الخطة الأساسية,domains,نطاق واحد,One Domain,add-en-content-field,Proposed English copy for bilingual implementation; review brand/proper-name spelling before production.
SMART-I18N-1468,database_public_cms,hostingpackages.json::الخطة المتوسطة,name,الخطة المتوسطة,Standard Plan,add-en-content-field,Proposed English copy for bilingual implementation; review brand/proper-name spelling before production.
SMART-I18N-1469,database_public_cms,hostingpackages.json::الخطة المتوسطة,description,مناسبة للمواقع المتوسطة الحجم والمتاجر الإلكترونية الصغيرة,Suitable for medium-sized websites and small e-commerce stores,add-en-content-field,Proposed English copy for bilingual implementation; review brand/proper-name spelling before production.
SMART-I18N-1470,database_public_cms,hostingpackages.json::الخطة المتوسطة,features[0],50GB مساحة تخزين,50GB Storage,add-en-content-field,Proposed English copy for bilingual implementation; review brand/proper-name spelling before production.
SMART-I18N-1471,database_public_cms,hostingpackages.json::الخطة المتوسطة,features[1] | domains,5 نطاقات,5 Domains,add-en-content-field,Proposed English copy for bilingual implementation; review brand/proper-name spelling before production.
SMART-I18N-1472,database_public_cms,hostingpackages.json::الخطة المتوسطة,features[5],أداء محسّن,Enhanced Performance,add-en-content-field,Proposed English copy for bilingual implementation; review brand/proper-name spelling before production.
SMART-I18N-1473,database_public_cms,hostingpackages.json::الخطة المتقدمة,name,الخطة المتقدمة,Advanced Plan,add-en-content-field,Proposed English copy for bilingual implementation; review brand/proper-name spelling before production.
SMART-I18N-1474,database_public_cms,hostingpackages.json::الخطة المتقدمة,description,مثالية للمواقع الكبيرة والتطبيقات عالية الأداء,Ideal for large websites and high-performance applications,add-en-content-field,Proposed English copy for bilingual implementation; review brand/proper-name spelling before production.
SMART-I18N-1475,database_public_cms,hostingpackages.json::الخطة المتقدمة,features[0],100GB مساحة تخزين,100GB Storage,add-en-content-field,Proposed English copy for bilingual implementation; review brand/proper-name spelling before production.
SMART-I18N-1476,database_public_cms,hostingpackages.json::الخطة المتقدمة,features[1],نطاقات غير محدودة,Unlimited Domains,add-en-content-field,Proposed English copy for bilingual implementation; review brand/proper-name spelling before production.
SMART-I18N-1477,database_public_cms,hostingpackages.json::الخطة المتقدمة | services.json::تصميم وتطوير مواقع الويب | services.json::تطوير تطبيقات الجوال,features[5] | features[2] | features[1],أداء عالي,High Performance,add-en-content-field,Proposed English copy for bilingual implementation; review brand/proper-name spelling before production.
SMART-I18N-1478,database_public_cms,hostingpackages.json::الخطة المتقدمة | services.json::استضافة وإدارة السحابة,features[6] | features[3],دعم فني 24/7,24/7 Technical Support,add-en-content-field,Proposed English copy for bilingual implementation; review brand/proper-name spelling before production.
SMART-I18N-1479,database_public_cms,hostingpackages.json::استضافة WordPress,name,استضافة WordPress,WordPress Hosting,add-en-content-field,Proposed English copy for bilingual implementation; review brand/proper-name spelling before production.
SMART-I18N-1480,database_public_cms,hostingpackages.json::استضافة WordPress,description,مخصصة لمواقع WordPress مع أداء محسّن,Purpose-built for WordPress websites with optimized performance,add-en-content-field,Proposed English copy for bilingual implementation; review brand/proper-name spelling before production.
SMART-I18N-1481,database_public_cms,hostingpackages.json::استضافة WordPress,features[0],30GB مساحة تخزين,30GB Storage,add-en-content-field,Proposed English copy for bilingual implementation; review brand/proper-name spelling before production.
SMART-I18N-1482,database_public_cms,hostingpackages.json::استضافة WordPress,features[1] | domains,3 نطاقات,3 Domains,add-en-content-field,Proposed English copy for bilingual implementation; review brand/proper-name spelling before production.
SMART-I18N-1483,database_public_cms,hostingpackages.json::استضافة WordPress,features[2],تثبيت WordPress تلقائي,Automatic WordPress Installation,add-en-content-field,Proposed English copy for bilingual implementation; review brand/proper-name spelling before production.
SMART-I18N-1484,database_public_cms,hostingpackages.json::استضافة WordPress,features[3],قوالب مميزة,Premium Themes,add-en-content-field,Proposed English copy for bilingual implementation; review brand/proper-name spelling before production.
SMART-I18N-1485,database_public_cms,hostingpackages.json::استضافة WordPress,features[4],إضافات مجانية,Free Plugins,add-en-content-field,Proposed English copy for bilingual implementation; review brand/proper-name spelling before production.
SMART-I18N-1522,database_public_cms,projectcategories.json::مواقع إلكترونية,label,مواقع إلكترونية,Websites,add-en-content-field,Proposed English copy for bilingual implementation; review brand/proper-name spelling before production.
SMART-I18N-1523,database_public_cms,projectcategories.json::مواقع إلكترونية,description,تطبيقات ومواقع ويب متكاملة,Integrated web applications and websites,add-en-content-field,Proposed English copy for bilingual implementation; review brand/proper-name spelling before production.
SMART-I18N-1524,database_public_cms,projectcategories.json::تطبيقات الجوال,label,تطبيقات الجوال,Mobile Applications,add-en-content-field,Proposed English copy for bilingual implementation; review brand/proper-name spelling before production.
SMART-I18N-1525,database_public_cms,projectcategories.json::تطبيقات الجوال | services.json::تطوير تطبيقات الجوال,description | features[0],تطبيقات iOS و Android,iOS and Android Applications,add-en-content-field,Proposed English copy for bilingual implementation; review brand/proper-name spelling before production.
SMART-I18N-1526,database_public_cms,projectcategories.json::متاجر إلكترونية,label,متاجر إلكترونية,E-Commerce Stores,add-en-content-field,Proposed English copy for bilingual implementation; review brand/proper-name spelling before production.
SMART-I18N-1527,database_public_cms,projectcategories.json::متاجر إلكترونية,description,منصات تجارة إلكترونية متكاملة,Integrated e-commerce platforms,add-en-content-field,Proposed English copy for bilingual implementation; review brand/proper-name spelling before production.
SMART-I18N-1528,database_public_cms,projectcategories.json::أتمتة,label,أتمتة,Automation,add-en-content-field,Proposed English copy for bilingual implementation; review brand/proper-name spelling before production.
SMART-I18N-1529,database_public_cms,projectcategories.json::أتمتة,description,أنظمة أتمتة العمليات,Process automation systems,add-en-content-field,Proposed English copy for bilingual implementation; review brand/proper-name spelling before production.
SMART-I18N-1530,database_public_cms,projectcategories.json::أخرى,label,أخرى,Other,add-en-content-field,Proposed English copy for bilingual implementation; review brand/proper-name spelling before production.
SMART-I18N-1531,database_public_cms,projectcategories.json::أخرى,description,مشاريع أخرى,Other projects,add-en-content-field,Proposed English copy for bilingual implementation; review brand/proper-name spelling before production.
SMART-I18N-1532,database_public_cms,projectcategories.json::منصات Saas,value,ٍSaaS,SaaS,add-en-content-field,Proposed English copy for bilingual implementation; review brand/proper-name spelling before production.
SMART-I18N-1533,database_public_cms,projectcategories.json::منصات Saas,label,منصات Saas,SaaS Platforms,add-en-content-field,Proposed English copy for bilingual implementation; review brand/proper-name spelling before production.
SMART-I18N-1534,database_public_cms,projectcategories.json::منصات Saas,description,بناء منصات SaaS,Building SaaS Platforms,add-en-content-field,Proposed English copy for bilingual implementation; review brand/proper-name spelling before production.
SMART-I18N-1535,database_public_cms,projects .json::المنصة الرقمية للجمعية اليمنية للأوعية الدموية,title,المنصة الرقمية للجمعية اليمنية للأوعية الدموية,Digital Platform for the Yemeni Vascular Association,add-en-content-field,Proposed English copy for bilingual implementation; review brand/proper-name spelling before production.
SMART-I18N-1536,database_public_cms,projects .json::المنصة الرقمية للجمعية اليمنية للأوعية الدموية,summary,منصة رقمية متكاملة للجمعيات الطبية والعلمية تجمع بين الموقع العام، وبوابة الأعضاء، ولوحة الإدارة، وإدارة المؤتمرات والفعاليات، ونظام التسجيل الديناميكي، والشهادات الرقمية القابلة للتحقق، وإدارة الأخبار والمحتوى، والنشرة البريدية، ورسائل التواصل، ضمن بنية حديثة وآمنة وقابلة للتوسع.,"An integrated digital platform for medical and scientific associations that combines a public website, member portal, admin dashboard, conference and event management, dynamic registration, verifiable digital certificates, news and content management, newsletters, and contact messages within a modern, secure, and scalable architecture.",add-en-content-field,Proposed English copy for bilingual implementation; review brand/proper-name spelling before production.
SMART-I18N-1537,database_public_cms,projects .json::المنصة الرقمية للجمعية اليمنية للأوعية الدموية,challenge,"كانت الجمعية بحاجة إلى منصة مركزية توحّد حضورها الرقمي وخدماتها التشغيلية بدل الاعتماد على أدوات متفرقة. 
 كما تمثّل التحدي في تقديم تجربة احترافية للأعضاء والزوار ورفع كفاءة التشغيل والإدارة.
تم تطوير منصة ويب متكاملة صُممت خصيصًا لتناسب احتياجات الجمعيات الطبية الحديثة، حيث توحّد الإدارات والأقسام داخل نظام واحد مرن وآمن و يدعم النظام التسجيل وربط السجلات السابقة تلقائيًا، والتحقق العام من الشهادات، والإشعارات الإدارية اللحظية.","The association needed a centralized platform to unify its digital presence and operational services instead of relying on fragmented tools. The challenge also involved delivering a professional experience for members and visitors while improving operational and administrative efficiency. An integrated web platform was developed specifically for the needs of modern medical associations, bringing departments and functions together in one flexible and secure system. The system supports registration, automatic linking of historical records, public certificate verification, and real-time administrative notifications.",add-en-content-field,Proposed English copy for bilingual implementation; review brand/proper-name spelling before production.
SMART-I18N-1538,database_public_cms,projects .json::المنصة الرقمية للجمعية اليمنية للأوعية الدموية,solution,تم تطوير منصة ويب متكاملة صُممت خصيصًا لتناسب احتياجات الجمعيات الطبية الحديثة، حيث توحّد الإدارات والأقسام داخل نظام واحد مرن وآمن و يدعم النظام التسجيل وربط السجلات السابقة تلقائيًا، والتحقق العام من الشهادات، والإشعارات الإدارية اللحظية.,"An integrated web platform was developed specifically for the needs of modern medical associations, unifying departments and functions within one flexible and secure system. The system supports registration, automatic linking of previous records, public certificate verification, and real-time administrative notifications.",add-en-content-field,Proposed English copy for bilingual implementation; review brand/proper-name spelling before production.
SMART-I18N-1539,database_public_cms,projects .json::المنصة الرقمية للجمعية اليمنية للأوعية الدموية,results[0].label,منصة موحدة,Unified Platform,add-en-content-field,Proposed English copy for bilingual implementation; review brand/proper-name spelling before production.
SMART-I18N-1540,database_public_cms,projects .json::المنصة الرقمية للجمعية اليمنية للأوعية الدموية,results[0].value,جمع إدارة الموقع والفعاليات والعضوية والشهادات داخل نظام واحد.,"Combined website, event, membership, and certificate management in one system.",add-en-content-field,Proposed English copy for bilingual implementation; review brand/proper-name spelling before production.
SMART-I18N-1541,database_public_cms,projects .json::المنصة الرقمية للجمعية اليمنية للأوعية الدموية,results[1].label,تجربة تسجيل مرنة,Flexible Registration Experience,add-en-content-field,Proposed English copy for bilingual implementation; review brand/proper-name spelling before production.
SMART-I18N-1542,database_public_cms,projects .json::المنصة الرقمية للجمعية اليمنية للأوعية الدموية,results[1].value,نماذج تسجيل ديناميكية قابلة للتخصيص لكل فعالية,Dynamic registration forms that can be customized for each event.,add-en-content-field,Proposed English copy for bilingual implementation; review brand/proper-name spelling before production.
SMART-I18N-1543,database_public_cms,projects .json::المنصة الرقمية للجمعية اليمنية للأوعية الدموية,results[2].label,تحول رقمي للشهادات,Digital Certificate Transformation,add-en-content-field,Proposed English copy for bilingual implementation; review brand/proper-name spelling before production.
SMART-I18N-1544,database_public_cms,projects .json::المنصة الرقمية للجمعية اليمنية للأوعية الدموية,results[2].value,إصدار شهادات PDF موثقة مع QR والتحقق العام من صحتها.,Issue verified PDF certificates with QR codes and public authenticity checks.,add-en-content-field,Proposed English copy for bilingual implementation; review brand/proper-name spelling before production.
SMART-I18N-1545,database_public_cms,projects .json::المنصة الرقمية للجمعية اليمنية للأوعية الدموية,results[3].label,رفع كفاءة الإدارة,Improved Administrative Efficiency,add-en-content-field,Proposed English copy for bilingual implementation; review brand/proper-name spelling before production.
SMART-I18N-1546,database_public_cms,projects .json::المنصة الرقمية للجمعية اليمنية للأوعية الدموية,results[3].value,لوحة تحكم مركزية لإدارة المحتوى والتسجيلات والرسائل والإحصائيات.,"A centralized dashboard for managing content, registrations, messages, and statistics.",add-en-content-field,Proposed English copy for bilingual implementation; review brand/proper-name spelling before production.
SMART-I18N-1547,database_public_cms,projects .json::المنصة الرقمية للجمعية اليمنية للأوعية الدموية,results[4].label,خدمة أفضل للأعضاء والضيوف,Better Service for Members and Guests,add-en-content-field,Proposed English copy for bilingual implementation; review brand/proper-name spelling before production.
SMART-I18N-1548,database_public_cms,projects .json::المنصة الرقمية للجمعية اليمنية للأوعية الدموية,results[4].value,بوابة أعضاء متكاملة مع دعم التسجيل وربط السجلات السابقة.,An integrated member portal with registration support and linking to historical records.,add-en-content-field,Proposed English copy for bilingual implementation; review brand/proper-name spelling before production.
SMART-I18N-1549,database_public_cms,projects .json::المنصة الرقمية للجمعية اليمنية للأوعية الدموية,results[5].label,جاهزية تشغيلية عالية,High Operational Readiness,add-en-content-field,Proposed English copy for bilingual implementation; review brand/proper-name spelling before production.
SMART-I18N-1550,database_public_cms,projects .json::المنصة الرقمية للجمعية اليمنية للأوعية الدموية,results[5].value,إشعارات لحظية وتخزين مرن وبنية تقنية قابلة للتوسع.,"Real-time notifications, flexible storage, and a scalable technical architecture.",add-en-content-field,Proposed English copy for bilingual implementation; review brand/proper-name spelling before production.
SMART-I18N-1551,database_public_cms,projects .json::المنصة الرقمية للجمعية اليمنية للأوعية الدموية,features[0],موقع عام احترافي,Professional Public Website,add-en-content-field,Proposed English copy for bilingual implementation; review brand/proper-name spelling before production.
SMART-I18N-1552,database_public_cms,projects .json::المنصة الرقمية للجمعية اليمنية للأوعية الدموية,features[1],بوابة أعضاء متكاملة,Integrated Member Portal,add-en-content-field,Proposed English copy for bilingual implementation; review brand/proper-name spelling before production.
SMART-I18N-1553,database_public_cms,projects .json::المنصة الرقمية للجمعية اليمنية للأوعية الدموية,features[2],لوحة تحكم إدارية شاملة,Comprehensive Admin Dashboard,add-en-content-field,Proposed English copy for bilingual implementation; review brand/proper-name spelling before production.
SMART-I18N-1554,database_public_cms,projects .json::المنصة الرقمية للجمعية اليمنية للأوعية الدموية,features[3],إدارة المؤتمرات والفعاليات ودعمها,Conference and Event Management and Support,add-en-content-field,Proposed English copy for bilingual implementation; review brand/proper-name spelling before production.
SMART-I18N-1555,database_public_cms,projects .json::المنصة الرقمية للجمعية اليمنية للأوعية الدموية,features[4],منشئ نماذج تسجيل ديناميكي,Dynamic Registration Form Builder,add-en-content-field,Proposed English copy for bilingual implementation; review brand/proper-name spelling before production.
SMART-I18N-1556,database_public_cms,projects .json::المنصة الرقمية للجمعية اليمنية للأوعية الدموية,features[5],دعم أنواع متعددة من الحقول، نظام التذاكر والرسوم وإدارته,Support for Multiple Field Types and a Ticketing and Fee Management System,add-en-content-field,Proposed English copy for bilingual implementation; review brand/proper-name spelling before production.
SMART-I18N-1557,database_public_cms,projects .json::المنصة الرقمية للجمعية اليمنية للأوعية الدموية,features[6],دعم إدارة معلومات البث المباشر,Live-Streaming Information Management,add-en-content-field,Proposed English copy for bilingual implementation; review brand/proper-name spelling before production.
SMART-I18N-1558,database_public_cms,projects .json::المنصة الرقمية للجمعية اليمنية للأوعية الدموية,features[7],إصدار شهادات رقمية PDF وموثقة برقم تسلسلي وQr Code,Issue PDF Digital Certificates Verified by Serial Number and QR Code,add-en-content-field,Proposed English copy for bilingual implementation; review brand/proper-name spelling before production.
SMART-I18N-1559,database_public_cms,projects .json::المنصة الرقمية للجمعية اليمنية للأوعية الدموية,features[8],إدارة المحتوى العام للموقع، نظام نشرة بريدية,Public Website Content Management and Newsletter System,add-en-content-field,Proposed English copy for bilingual implementation; review brand/proper-name spelling before production.
SMART-I18N-1560,database_public_cms,projects .json::المنصة الرقمية للجمعية اليمنية للأوعية الدموية,features[9],إشعارات إدارية لحظية، نموذج تواصل معنا، لوحة إحصائيات مركزية,"Real-Time Admin Notifications, Contact Form, and Centralized Analytics Dashboard",add-en-content-field,Proposed English copy for bilingual implementation; review brand/proper-name spelling before production.
SMART-I18N-1561,database_public_cms,projects .json::المنصة الرقمية للجمعية اليمنية للأوعية الدموية,features[10],مكتبة وسائط داخلية,Internal Media Library,add-en-content-field,Proposed English copy for bilingual implementation; review brand/proper-name spelling before production.
SMART-I18N-1562,database_public_cms,projects .json::المنصة الرقمية للجمعية اليمنية للأوعية الدموية,features[11],تحسين الصور وتخزين مرن محلي أو سحابي,Image Optimization and Flexible Local or Cloud Storage,add-en-content-field,Proposed English copy for bilingual implementation; review brand/proper-name spelling before production.
SMART-I18N-1563,database_public_cms,projects .json::المنصة الرقمية للجمعية اليمنية للأوعية الدموية,features[12],نظام صلاحيات متعدد الأدوار للإدارة والأعضاء والزوار,"Multi-Role Permission System for Administrators, Members, and Visitors",add-en-content-field,Proposed English copy for bilingual implementation; review brand/proper-name spelling before production.
SMART-I18N-1564,database_public_cms,projects .json::المنصة الرقمية للجمعية اليمنية للأوعية الدموية | projects .json::نظام إدارة طلبات الصيانة والبلاغات الذكي,features[13] | features[21],مصادقة آمنة,Secure Authentication,add-en-content-field,Proposed English copy for bilingual implementation; review brand/proper-name spelling before production.
SMART-I18N-1565,database_public_cms,projects .json::المنصة الرقمية للجمعية اليمنية للأوعية الدموية,features[14],جاهزية نشر احترافية وبنية حديثة قابلة للتوسع,"Production-Ready Deployment with a Modern, Scalable Architecture",add-en-content-field,Proposed English copy for bilingual implementation; review brand/proper-name spelling before production.
SMART-I18N-1566,database_public_cms,projects .json::المنصة الرقمية للجمعية اليمنية للأوعية الدموية,features[15],إصدار شهادات فردي أو جماعي للمشاركين,Individual or Bulk Certificate Issuance for Participants,add-en-content-field,Proposed English copy for bilingual implementation; review brand/proper-name spelling before production.
SMART-I18N-1567,database_public_cms,projects .json::المنصة الرقمية للجمعية اليمنية للأوعية الدموية,features[16],إدارة قوالب الشهادات والتحكم فيها,Certificate Template Management and Control,add-en-content-field,Proposed English copy for bilingual implementation; review brand/proper-name spelling before production.
SMART-I18N-1568,database_public_cms,projects .json::المنصة الرقمية للجمعية اليمنية للأوعية الدموية,features[17],إبطال الشهادات عند الحاجة مع حفظ سبب الإلغاء,Certificate Revocation When Needed with Revocation Reason Tracking,add-en-content-field,Proposed English copy for bilingual implementation; review brand/proper-name spelling before production.
SMART-I18N-1569,database_public_cms,projects .json::المنصة الرقمية للجمعية اليمنية للأوعية الدموية,features[18],التحقق العام من الشهادات عبر صفحة مخصصة للتأكد من صحة الشهادة,Public Certificate Verification Through a Dedicated Authenticity-Check Page,add-en-content-field,Proposed English copy for bilingual implementation; review brand/proper-name spelling before production.
SMART-I18N-1570,database_public_cms,projects .json::المنصة الرقمية للجمعية اليمنية للأوعية الدموية,clientName,الجمعية اليمنية للأوعية الدموية,Yemeni Vascular Association,add-en-content-field,Proposed English copy for bilingual implementation; review brand/proper-name spelling before production.
SMART-I18N-1571,database_public_cms,projects .json::المنصة الرقمية للجمعية اليمنية للأوعية الدموية,seo.metaTitle,المنصة الرقمية للجمعية اليمنية للأوعية الدموية | إدارة الفعاليات والشهادات والعضوية,"Yemeni Vascular Association Digital Platform | Event, Certificate & Membership Management",add-en-content-field,Proposed English copy for bilingual implementation; review brand/proper-name spelling before production.
SMART-I18N-1572,database_public_cms,projects .json::المنصة الرقمية للجمعية اليمنية للأوعية الدموية,seo.metaDescription,منصة رقمية متكاملة لإدارة الجمعية الطبية والفعاليات العلمية والتسجيلات والشهادات الرقمية وبوابة الأعضاء والأخبار والمحتوى والتواصل، ضمن نظام حديث وآمن وقابل للتوسع.,"An integrated digital platform for managing a medical association, scientific events, registrations, digital certificates, the member portal, news, content, and communication within a modern, secure, and scalable system.",add-en-content-field,Proposed English copy for bilingual implementation; review brand/proper-name spelling before production.
SMART-I18N-1573,database_public_cms,projects .json::TalentGate Sports Academy Management Platform,summary,بوابة المواهب (TalentGate) هي منصة متكاملة لإدارة وتشغيل الأكاديميات الرياضية، توحد العمليات اليومية داخل نظام واحد يشمل إدارة الحسابات واللاعبين، تنظيم الفئات والجداول، متابعة الفعاليات، تسجيل الحضور، إدارة الاشتراكات، تنظيم المباريات والتقييمات، ونشر الإعلانات والتقارير. المشروع مبني على هندسة تقنية قوية وواجهة إدارية عملية، مع جاهزية حقيقية للتوسع كنظام متعدد الأكاديميات.,"TalentGate is an integrated platform for managing and operating sports academies, bringing daily operations into one system that covers account and player management, category and schedule organization, event tracking, attendance, subscriptions, matches, evaluations, announcements, and reports. The project is built on a strong technical architecture and a practical administration interface, with genuine readiness to scale as a multi-academy system.",add-en-content-field,Proposed English copy for bilingual implementation; review brand/proper-name spelling before production.
SMART-I18N-1574,database_public_cms,projects .json::TalentGate Sports Academy Management Platform,challenge,الحاجة إلى توحيد تشغيل أكاديميات كرة القدم وإدارة اللاعبين والمدربين والفئات والجداول والحضور والمباريات والتقييمات والاشتراكات داخل منظومة مركزية، مع فصل بيانات كل أكاديمية وصلاحيات مستخدميها.,"The need was to unify football academy operations and manage players, coaches, categories, schedules, attendance, matches, evaluations, and subscriptions within a centralized system while isolating each academy’s data and enforcing user permissions.",add-en-content-field,Proposed English copy for bilingual implementation; review brand/proper-name spelling before production.
SMART-I18N-1575,database_public_cms,projects .json::TalentGate Sports Academy Management Platform,solution,تم بناء TalentGate Football كمنظومة متعددة الواجهات حول Backend مركزي بـNestJS وPostgreSQL: موقع عام، لوحة لمالك المنصة، لوحة تشغيل للأكاديمية والمدربين، وتطبيق Flutter للاعب. يفرض النظام نطاق الأكاديمية والصلاحيات حسب الدور، ويغطي التسجيل والإدارة الرياضية والحضور والمباريات والتقييمات والاشتراكات والفوترة والتقارير والإعلانات، مع Redis وBullMQ للمعالجة غير المتزامنة ودعم تخزين الوسائط عبر Cloudflare R2 وبنية Push عبر Firebase Cloud Messaging.,"TalentGate Football was built as a multi-interface system around a centralized NestJS and PostgreSQL backend: a public website, a platform-owner dashboard, an operations dashboard for academies and coaches, and a Flutter player app. The system enforces academy scope and role-based permissions and covers registration, sports administration, attendance, matches, evaluations, subscriptions, billing, reports, and announcements, with Redis and BullMQ for asynchronous processing, Cloudflare R2 for media storage, and Firebase Cloud Messaging for push notifications.",add-en-content-field,Proposed English copy for bilingual implementation; review brand/proper-name spelling before production.
SMART-I18N-1576,database_public_cms,projects .json::TalentGate Sports Academy Management Platform,results[0].label,توحيد دورة تشغيل الأكاديمية,Unified Academy Operations,add-en-content-field,Proposed English copy for bilingual implementation; review brand/proper-name spelling before production.
SMART-I18N-1577,database_public_cms,projects .json::TalentGate Sports Academy Management Platform,results[0].value,جمع إدارة اللاعبين والفئات والجداول والحضور والمباريات والتقييمات والاشتراكات ضمن منظومة مترابطة.,"Combined player, category, schedule, attendance, match, evaluation, and subscription management in one connected system.",add-en-content-field,Proposed English copy for bilingual implementation; review brand/proper-name spelling before production.
SMART-I18N-1578,database_public_cms,projects .json::TalentGate Sports Academy Management Platform | projects .json::Mohd.dev — موقع Portfolio تقني ونظام إدارة محتوى | projects .json::Kaleem Store — منصة SaaS للتجارة الإلكترونية,results[1].label | results[2].label,فصل الصلاحيات,Permission Separation,add-en-content-field,Proposed English copy for bilingual implementation; review brand/proper-name spelling before production.
SMART-I18N-1579,database_public_cms,projects .json::TalentGate Sports Academy Management Platform,results[1].value,توفير نطاقات وصول مستقلة لإدارة المنصة والأكاديمية والمدرب واللاعب، مع حصر المدرب في الفئات المسندة إليه.,"Provided independent access scopes for platform administration, academy management, coaches, and players, while limiting coaches to their assigned categories.",add-en-content-field,Proposed English copy for bilingual implementation; review brand/proper-name spelling before production.
SMART-I18N-1580,database_public_cms,projects .json::TalentGate Sports Academy Management Platform,results[2].label,فصل بيانات الأكاديميات,Academy Data Isolation,add-en-content-field,Proposed English copy for bilingual implementation; review brand/proper-name spelling before production.
SMART-I18N-1581,database_public_cms,projects .json::TalentGate Sports Academy Management Platform,results[2].value,اعتماد نطاق الأكاديمية في الطلبات وطبقة البيانات لدعم تشغيل عدة أكاديميات على المنصة نفسها.,Applied academy scope at the request and data layers to support multiple academies on the same platform.,add-en-content-field,Proposed English copy for bilingual implementation; review brand/proper-name spelling before production.
SMART-I18N-1582,database_public_cms,projects .json::TalentGate Sports Academy Management Platform,results[3].label,تجربة ذاتية للاعب,Player Self-Service Experience,add-en-content-field,Proposed English copy for bilingual implementation; review brand/proper-name spelling before production.
SMART-I18N-1583,database_public_cms,projects .json::TalentGate Sports Academy Management Platform,results[3].value,إتاحة تطبيق للاعب لمتابعة جدوله ومبارياته وحضوره وأدائه واشتراكه وفريقه والشارات والمحتوى التدريبي.,"A player app for following schedules, matches, attendance, performance, subscription, team, badges, and training content.",add-en-content-field,Proposed English copy for bilingual implementation; review brand/proper-name spelling before production.
SMART-I18N-1584,database_public_cms,projects .json::TalentGate Sports Academy Management Platform,results[4].label,إدارة الاشتراك والفوترة,Subscription and Billing Management,add-en-content-field,Proposed English copy for bilingual implementation; review brand/proper-name spelling before production.
SMART-I18N-1585,database_public_cms,projects .json::TalentGate Sports Academy Management Platform,results[4].value,ربط الباقات وطلبات الاشتراك وإثباتات الدفع والفواتير والمدفوعات وأكواد التفعيل بدورة مراجعة من إدارة المنصة.,"Connected plans, subscription requests, payment proofs, invoices, payments, and activation codes to a platform-admin review workflow.",add-en-content-field,Proposed English copy for bilingual implementation; review brand/proper-name spelling before production.
SMART-I18N-1586,database_public_cms,projects .json::TalentGate Sports Academy Management Platform,results[5].label,تقارير تشغيلية مركزية,Centralized Operational Reports,add-en-content-field,Proposed English copy for bilingual implementation; review brand/proper-name spelling before production.
SMART-I18N-1587,database_public_cms,projects .json::TalentGate Sports Academy Management Platform,results[5].value,توفير لوحات وتقارير للحضور والاشتراكات والمباريات والتقييمات لمتابعة تشغيل الأكاديمي.,"Dashboards and reports for attendance, subscriptions, matches, and evaluations to monitor academy operations.",add-en-content-field,Proposed English copy for bilingual implementation; review brand/proper-name spelling before production.
SMART-I18N-1588,database_public_cms,projects .json::TalentGate Sports Academy Management Platform,features[0],•	نظام مصادقة وصلاحيات متعدد الأدوار للتحكم الدقيق في الوصول,• Multi-role authentication and permissions for precise access control,add-en-content-field,Proposed English copy for bilingual implementation; review brand/proper-name spelling before production.
SMART-I18N-1589,database_public_cms,projects .json::TalentGate Sports Academy Management Platform,features[1],•	عزل بيانات الأكاديميات داخل قاعدة البيانات والاستعلامات,• Academy data isolation at the database and query layers,add-en-content-field,Proposed English copy for bilingual implementation; review brand/proper-name spelling before production.
SMART-I18N-1590,database_public_cms,projects .json::TalentGate Sports Academy Management Platform,features[2],•	إدارة طلبات حسابات اللاعبين من التسجيل وحتى القبول أو الرفض أو إعادة الفتح أو الحظر عبر مسارات إدارية واضحة,"• Player account request management from registration through approval, rejection, reopening, or blocking using clear administrative workflows",add-en-content-field,Proposed English copy for bilingual implementation; review brand/proper-name spelling before production.
SMART-I18N-1591,database_public_cms,projects .json::TalentGate Sports Academy Management Platform,features[3],•	إدارة اللاعبين والفئات مع إمكانية نقل اللاعب بين الفئات والاحتفاظ بسجل انتقالات تاريخي,• Player and category management with the ability to transfer players between categories while retaining a historical transfer record,add-en-content-field,Proposed English copy for bilingual implementation; review brand/proper-name spelling before production.
SMART-I18N-1592,database_public_cms,projects .json::TalentGate Sports Academy Management Platform,features[4],• إدارة الفئات العمرية والجداول الأسبوعية وبرنامج الفريق,"• Age-category management, weekly schedules, and team programs",add-en-content-field,Proposed English copy for bilingual implementation; review brand/proper-name spelling before production.
SMART-I18N-1593,database_public_cms,projects .json::TalentGate Sports Academy Management Platform,features[5],•	دورة حياة متكاملة للفعالية تشمل الحالات: مجدولة، مؤجلة، ملغاة، ومكتملة، مع قواعد انتقال حالة واضحة,"• Integrated event lifecycle covering scheduled, postponed, cancelled, and completed states with explicit transition rules",add-en-content-field,Proposed English copy for bilingual implementation; review brand/proper-name spelling before production.
SMART-I18N-1594,database_public_cms,projects .json::TalentGate Sports Academy Management Platform,features[6],•	إدارة الحضور وربطه بالفعاليات واللاعبين مع تقارير دقيقة لحالات الحضور,• Attendance management linked to events and players with accurate attendance-status reporting,add-en-content-field,Proposed English copy for bilingual implementation; review brand/proper-name spelling before production.
SMART-I18N-1595,database_public_cms,projects .json::TalentGate Sports Academy Management Platform,features[7],إدارة باقات الأكاديميات وطلبات الاشتراك والفواتير وإثباتات الدفع وأكواد التفعيل,"Academy plan management, subscription requests, invoices, payment proofs, and activation codes",add-en-content-field,Proposed English copy for bilingual implementation; review brand/proper-name spelling before production.
SMART-I18N-1596,database_public_cms,projects .json::TalentGate Sports Academy Management Platform,features[8],•	إدارة المباريات كمجال مستقل يشمل إنشاء المباراة، التشكيلة، أحداث المباراة، وتحديث مجريات اللعب,"• Match management as an independent domain covering match creation, lineups, match events, and live match updates",add-en-content-field,Proposed English copy for bilingual implementation; review brand/proper-name spelling before production.
SMART-I18N-1597,database_public_cms,projects .json::TalentGate Sports Academy Management Platform,features[9],•	نظام تقييمات متكامل يتضمن القوالب، المعايير، التقييمات الأسبوعية، والتقارير الشهرية المرتبطة بالفئات واللاعبين,"• Integrated evaluation system including templates, criteria, weekly evaluations, and monthly reports linked to categories and players",add-en-content-field,Proposed English copy for bilingual implementation; review brand/proper-name spelling before production.
SMART-I18N-1598,database_public_cms,projects .json::TalentGate Sports Academy Management Platform,features[10],•	نظام إعلانات داخلي للأكاديمية مع إمكانية التثبيت والاستهداف سواء لجميع المستخدمين أو لفئة محددة,• Internal academy announcement system with pinning and targeting for all users or a specific category,add-en-content-field,Proposed English copy for bilingual implementation; review brand/proper-name spelling before production.
SMART-I18N-1599,database_public_cms,projects .json::TalentGate Sports Academy Management Platform,features[11],•	لوحة تحكم وتقارير تشغيلية في الواجهة الإدارية مع مؤشرات أداء ورسوم بيانية,• Administrative dashboard and operational reports with KPIs and charts,add-en-content-field,Proposed English copy for bilingual implementation; review brand/proper-name spelling before production.
SMART-I18N-1600,database_public_cms,projects .json::TalentGate Sports Academy Management Platform,clientName,أكاديمية بوابة المواهب (TalentGate) الرياضية,TalentGate Sports Academy,add-en-content-field,Proposed English copy for bilingual implementation; review brand/proper-name spelling before production.
SMART-I18N-1601,database_public_cms,projects .json::TalentGate Sports Academy Management Platform,seo.metaTitle,TalentGate Football | منصة إدارة أكاديميات كرة القدم,TalentGate Football | Football Academy Management Platform,add-en-content-field,Proposed English copy for bilingual implementation; review brand/proper-name spelling before production.
SMART-I18N-1602,database_public_cms,projects .json::TalentGate Sports Academy Management Platform,seo.metaDescription,منصة SaaS لإدارة أكاديميات كرة القدم تشمل اللاعبين والمدربين والحضور والمباريات والتقييمات والاشتراكات، مع لوحات إدارة وتطبيق للاعب.,"A SaaS platform for managing football academies, including players, coaches, attendance, matches, evaluations, and subscriptions, with admin dashboards and a player app.",add-en-content-field,Proposed English copy for bilingual implementation; review brand/proper-name spelling before production.
SMART-I18N-1603,database_public_cms,projects .json::TalentGate Sports Academy Management Platform,seo.keywords[1],إدارة الأكاديميات الرياضية,Sports Academy Management,add-en-content-field,Proposed English copy for bilingual implementation; review brand/proper-name spelling before production.
SMART-I18N-1604,database_public_cms,projects .json::TalentGate Sports Academy Management Platform,seo.keywords[3],منصة رياضية,Sports Platform,add-en-content-field,Proposed English copy for bilingual implementation; review brand/proper-name spelling before production.
SMART-I18N-1605,database_public_cms,projects .json::TalentGate Sports Academy Management Platform,seo.keywords[4] | seo.keywords[14],إدارة اللاعبين,Player Management,add-en-content-field,Proposed English copy for bilingual implementation; review brand/proper-name spelling before production.
SMART-I18N-1606,database_public_cms,projects .json::TalentGate Sports Academy Management Platform,seo.keywords[5],إدارة الحضور,Attendance Management,add-en-content-field,Proposed English copy for bilingual implementation; review brand/proper-name spelling before production.
SMART-I18N-1607,database_public_cms,projects .json::TalentGate Sports Academy Management Platform,seo.keywords[6],إدارة الاشتراكات,Subscription Management,add-en-content-field,Proposed English copy for bilingual implementation; review brand/proper-name spelling before production.
SMART-I18N-1608,database_public_cms,projects .json::TalentGate Sports Academy Management Platform,seo.keywords[7],إدارة المباريات,Match Management,add-en-content-field,Proposed English copy for bilingual implementation; review brand/proper-name spelling before production.
SMART-I18N-1609,database_public_cms,projects .json::TalentGate Sports Academy Management Platform,seo.keywords[8],لوحة تحكم أكاديمية,Academy Dashboard,add-en-content-field,Proposed English copy for bilingual implementation; review brand/proper-name spelling before production.
SMART-I18N-1610,database_public_cms,projects .json::TalentGate Sports Academy Management Platform,seo.keywords[13],إدارة أكاديميات كرة القدم,Football Academy Management,add-en-content-field,Proposed English copy for bilingual implementation; review brand/proper-name spelling before production.
SMART-I18N-1611,database_public_cms,projects .json::TalentGate Sports Academy Management Platform,seo.keywords[15],إدارة المدربين,Coach Management,add-en-content-field,Proposed English copy for bilingual implementation; review brand/proper-name spelling before production.
SMART-I18N-1612,database_public_cms,projects .json::TalentGate Sports Academy Management Platform,seo.keywords[16],حضور اللاعبين,Player Attendance,add-en-content-field,Proposed English copy for bilingual implementation; review brand/proper-name spelling before production.
SMART-I18N-1613,database_public_cms,projects .json::TalentGate Sports Academy Management Platform,seo.keywords[17],تقييم اللاعبين,Player Evaluation,add-en-content-field,Proposed English copy for bilingual implementation; review brand/proper-name spelling before production.
SMART-I18N-1614,database_public_cms,projects .json::TalentGate Sports Academy Management Platform,seo.keywords[18],منصة SaaS رياضية,Sports SaaS Platform,add-en-content-field,Proposed English copy for bilingual implementation; review brand/proper-name spelling before production.
SMART-I18N-1615,database_public_cms,projects .json::TalentGate Sports Academy Management Platform | projects .json::منصة تجدد للتجارة الإلكترونية والخدمات الفنية | projects .json::منصة  TRAS Phone لقطع غيار الهواتف,duration,3 أشهر,3 Months,add-en-content-field,Proposed English copy for bilingual implementation; review brand/proper-name spelling before production.
SMART-I18N-1616,database_public_cms,projects .json::TalentGate Sports Academy Management Platform,industry,رياضة,Sports,add-en-content-field,Proposed English copy for bilingual implementation; review brand/proper-name spelling before production.
SMART-I18N-1617,database_public_cms,projects .json::TalentGate Sports Academy Management Platform,stats[0].label,ميزة,Features,add-en-content-field,Proposed English copy for bilingual implementation; review brand/proper-name spelling before production.
SMART-I18N-1618,database_public_cms,projects .json::TalentGate Sports Academy Management Platform,stats[0].description,مميزات يحتوي عليها المشروع,Features included in the project,add-en-content-field,Proposed English copy for bilingual implementation; review brand/proper-name spelling before production.
SMART-I18N-1619,database_public_cms,projects .json::TalentGate Sports Academy Management Platform,stats[1].label,شاشة,Screens,add-en-content-field,Proposed English copy for bilingual implementation; review brand/proper-name spelling before production.
SMART-I18N-1620,database_public_cms,projects .json::TalentGate Sports Academy Management Platform,stats[1].description,عدد شاشات لوحة التحكم الخاصة بالمدرب,Number of screens in the coach dashboard,add-en-content-field,Proposed English copy for bilingual implementation; review brand/proper-name spelling before production.
SMART-I18N-1621,database_public_cms,projects .json::TalentGate Sports Academy Management Platform | projects .json::موقع الوصابي للتجارة,stats[2].label | stats[0].label,مكونات المنظومة,System Components,add-en-content-field,Proposed English copy for bilingual implementation; review brand/proper-name spelling before production.
SMART-I18N-1622,database_public_cms,projects .json::TalentGate Sports Academy Management Platform,stats[2].description,موقع عام، لوحة مالك المنصة، لوحة الأكاديمية والمدرب، تطبيق اللاعب، و Backend API.,"Public website, platform-owner dashboard, academy and coach dashboard, player app, and Backend API.",add-en-content-field,Proposed English copy for bilingual implementation; review brand/proper-name spelling before production.
SMART-I18N-1623,database_public_cms,projects .json::منصة تجدد للتجارة الإلكترونية والخدمات الفنية,title | seo.metaTitle,منصة تجدد للتجارة الإلكترونية والخدمات الفنية,Tajaddod E-Commerce and Technical Services Platform,add-en-content-field,Proposed English copy for bilingual implementation; review brand/proper-name spelling before production.
SMART-I18N-1624,database_public_cms,projects .json::منصة تجدد للتجارة الإلكترونية والخدمات الفنية,summary,تجدد هي منصة رقمية متكاملة تجمع بين متجر ويب احترافي، وتطبيق موبايل فعلي، ولوحة إدارة شاملة، وباك إند قوي لإدارة دورة العمل بالكامل. المنصة لا تقدم تجربة بيع إلكتروني فقط، بل تبني بيئة تشغيل موحدة تربط بين المنتجات والطلبات والعناوين والدعم والإشعارات والخدمات الفنية، مع مسارات واضحة للعميل والمهندس والتاجر والإدارة داخل نفس النظام.,"Tajaddod is an integrated digital platform combining a professional web store, a full mobile application, a comprehensive admin dashboard, and a robust backend for managing the complete business cycle. The platform goes beyond e-commerce by creating a unified operating environment that connects products, orders, addresses, support, notifications, and technical services, with clear journeys for customers, engineers, merchants, and administrators within the same system.",add-en-content-field,Proposed English copy for bilingual implementation; review brand/proper-name spelling before production.
SMART-I18N-1625,database_public_cms,projects .json::منصة تجدد للتجارة الإلكترونية والخدمات الفنية,challenge,هو الحاجة إلى منصة واحدة تجمع بين التجارة الإلكترونية والخدمات الفنية والتشغيل اليومي والدعم، بدل الاعتماد على أدوات متفرقة تؤدي إلى تشتت البيانات، وضعف المتابعة، وصعوبة إدارة العلاقة بين العميل والفريق الفني والإدارة.,"The challenge was the need for a single platform combining e-commerce, technical services, daily operations, and support instead of relying on fragmented tools that scatter data, weaken follow-up, and make it difficult to manage the relationship between customers, the technical team, and administration.",add-en-content-field,Proposed English copy for bilingual implementation; review brand/proper-name spelling before production.
SMART-I18N-1626,database_public_cms,projects .json::منصة تجدد للتجارة الإلكترونية والخدمات الفنية,solution,تم بناء المنصة كحل تشغيلي متكامل يضم متجر ويب، وتطبيق موبايل، ولوحة إدارة، وباك إند مركزي يدير المنتجات والطلبات والعروض والكوبونات والإشعارات وطلبات الصيانة والدعم، بما يخلق تجربة مترابطة ومرنة وقابلة للتوسع داخل بيئة رقمية واحدة.,"The platform was built as an integrated operating solution comprising a web store, mobile app, admin dashboard, and centralized backend that manages products, orders, promotions, coupons, notifications, maintenance requests, and support, creating a connected, flexible, and scalable experience within one digital environment.",add-en-content-field,Proposed English copy for bilingual implementation; review brand/proper-name spelling before production.
SMART-I18N-1627,database_public_cms,projects .json::منصة تجدد للتجارة الإلكترونية والخدمات الفنية,results[0].label,تجربة موحدة,Unified Experience,add-en-content-field,Proposed English copy for bilingual implementation; review brand/proper-name spelling before production.
SMART-I18N-1628,database_public_cms,projects .json::منصة تجدد للتجارة الإلكترونية والخدمات الفنية,results[0].value,جمع المتجر والموبايل والإدارة والخدمات داخل منظومة رقمية واحدة,"Combined the store, mobile app, administration, and services within one digital ecosystem",add-en-content-field,Proposed English copy for bilingual implementation; review brand/proper-name spelling before production.
SMART-I18N-1629,database_public_cms,projects .json::منصة تجدد للتجارة الإلكترونية والخدمات الفنية,results[1].label,تشغيل أكثر ترابطًا,More Connected Operations,add-en-content-field,Proposed English copy for bilingual implementation; review brand/proper-name spelling before production.
SMART-I18N-1630,database_public_cms,projects .json::منصة تجدد للتجارة الإلكترونية والخدمات الفنية,results[1].value,ربط الطلبات والمنتجات والصيانة والدعم ضمن مسار تشغيلي متكامل,"Connected orders, products, maintenance, and support through an integrated operational workflow",add-en-content-field,Proposed English copy for bilingual implementation; review brand/proper-name spelling before production.
SMART-I18N-1631,database_public_cms,projects .json::منصة تجدد للتجارة الإلكترونية والخدمات الفنية,results[2].label,مرونة للأدوار المختلفة,Flexibility for Different Roles,add-en-content-field,Proposed English copy for bilingual implementation; review brand/proper-name spelling before production.
SMART-I18N-1632,database_public_cms,projects .json::منصة تجدد للتجارة الإلكترونية والخدمات الفنية,results[2].value,تمكين العميل والمهندس والتاجر والإدارة من العمل داخل نفس النظام,"Enabled customers, engineers, merchants, and administrators to work within the same system",add-en-content-field,Proposed English copy for bilingual implementation; review brand/proper-name spelling before production.
SMART-I18N-1633,database_public_cms,projects .json::منصة تجدد للتجارة الإلكترونية والخدمات الفنية,results[3].label,جاهزية للنمو,Ready for Growth,add-en-content-field,Proposed English copy for bilingual implementation; review brand/proper-name spelling before production.
SMART-I18N-1634,database_public_cms,projects .json::منصة تجدد للتجارة الإلكترونية والخدمات الفنية,results[3].value,بنية تقنية تدعم التوسع والتكاملات والتحليلات والتجارب المستقبلية,"A technical architecture that supports scaling, integrations, analytics, and future experiences",add-en-content-field,Proposed English copy for bilingual implementation; review brand/proper-name spelling before production.
SMART-I18N-1635,database_public_cms,projects .json::منصة تجدد للتجارة الإلكترونية والخدمات الفنية,features[0],متجر إلكتروني متكامل لعرض المنتجات، التصنيفات، العلامات، العروض، البنرات، المنتجات الجديدة والمميزة، والبحث داخل المنتجات.,"An integrated e-commerce store for showcasing products, categories, brands, promotions, banners, new and featured products, and product search.",add-en-content-field,Proposed English copy for bilingual implementation; review brand/proper-name spelling before production.
SMART-I18N-1636,database_public_cms,projects .json::منصة تجدد للتجارة الإلكترونية والخدمات الفنية,features[1],تطبيق موبايل فعلي مبني لخدمة المستخدمين مع تسجيل الدخول، التحقق، التصفح، السلة، الطلبات، المفضلة، العناوين، الإشعارات، والدعم.,"A full mobile application built for users, including login, verification, browsing, cart, orders, favorites, addresses, notifications, and support.",add-en-content-field,Proposed English copy for bilingual implementation; review brand/proper-name spelling before production.
SMART-I18N-1637,database_public_cms,projects .json::منصة تجدد للتجارة الإلكترونية والخدمات الفنية,features[2],سلة مشتريات حقيقية مع تخزين محلي ومزامنة مع الخادم، وإدارة عناصر السلة وتحديث الكميات وتطبيق الكوبونات.,"A real shopping cart with local storage and server synchronization, cart item management, quantity updates, and coupon application.",add-en-content-field,Proposed English copy for bilingual implementation; review brand/proper-name spelling before production.
SMART-I18N-1638,database_public_cms,projects .json::منصة تجدد للتجارة الإلكترونية والخدمات الفنية,features[3],نظام طلبات متكامل يشمل إنشاء الطلب، اختيار العنوان، اختيار وسيلة الدفع المتاحة، متابعة الحالة، عرض التفاصيل، والفواتير.,"An integrated order system covering order creation, address selection, available payment methods, status tracking, details, and invoices.",add-en-content-field,Proposed English copy for bilingual implementation; review brand/proper-name spelling before production.
SMART-I18N-1639,database_public_cms,projects .json::منصة تجدد للتجارة الإلكترونية والخدمات الفنية,features[4],دعم اللغتين العربية والإنجليزية على مستوى الويب والموبايل ولوحة الإدارة.,"Arabic and English support across the web, mobile app, and admin dashboard.",add-en-content-field,Proposed English copy for bilingual implementation; review brand/proper-name spelling before production.
SMART-I18N-1640,database_public_cms,projects .json::منصة تجدد للتجارة الإلكترونية والخدمات الفنية,features[5],دعم العملات المتعددة داخل المنصة.,Multi-currency support across the platform.,add-en-content-field,Proposed English copy for bilingual implementation; review brand/proper-name spelling before production.
SMART-I18N-1641,database_public_cms,projects .json::منصة تجدد للتجارة الإلكترونية والخدمات الفنية,features[6],نظام حسابات وأدوار متعدد يشمل عميل، مهندس، تاجر، أدمن، وسوبر أدمن.,"A multi-account and role system covering customer, engineer, merchant, admin, and super admin.",add-en-content-field,Proposed English copy for bilingual implementation; review brand/proper-name spelling before production.
SMART-I18N-1642,database_public_cms,projects .json::منصة تجدد للتجارة الإلكترونية والخدمات الفنية,features[7],مسار خدمات وصيانة متكامل يتيح للعميل إنشاء طلب صيانة، واسنفيذ، ثم إكمال الخدمة وتقييمتقبال عروض من المهندسين، وقبول العرض، ومتابعة التها.,"An integrated service and maintenance workflow that lets customers create maintenance requests, receive engineer quotations, accept an offer, follow execution, complete the service, and submit an evaluation.",add-en-content-field,Proposed English copy for bilingual implementation; review brand/proper-name spelling before production.
SMART-I18N-1643,database_public_cms,projects .json::منصة تجدد للتجارة الإلكترونية والخدمات الفنية,features[8],مسار مستقل للمهندس يتيح له استعراض الطلبات، تقديم العروض، متابعة الطلبات المقبولة، وإدارة ملفه المهني والمالي.,"A dedicated engineer workflow for browsing requests, submitting quotations, tracking accepted jobs, and managing professional and financial profiles.",add-en-content-field,Proposed English copy for bilingual implementation; review brand/proper-name spelling before production.
SMART-I18N-1644,database_public_cms,projects .json::منصة تجدد للتجارة الإلكترونية والخدمات الفنية,features[9],إدارة العناوين والموقع الجغرافي والخرائط داخل التطبيق.,"Address, geolocation, and map management within the application.",add-en-content-field,Proposed English copy for bilingual implementation; review brand/proper-name spelling before production.
SMART-I18N-1645,database_public_cms,projects .json::منصة تجدد للتجارة الإلكترونية والخدمات الفنية,features[10],نظام مفضلة فعلي على الويب والموبايل.,A fully functional favorites system across web and mobile.,add-en-content-field,Proposed English copy for bilingual implementation; review brand/proper-name spelling before production.
SMART-I18N-1646,database_public_cms,projects .json::منصة تجدد للتجارة الإلكترونية والخدمات الفنية,features[11],نظام إشعارات داخل المنصة مع دعم للإشعارات الفورية وربطها بمسارات داخل التطبيق والنظام.,An in-platform notification system with push notification support and deep navigation to relevant application and system flows.,add-en-content-field,Proposed English copy for bilingual implementation; review brand/proper-name spelling before production.
SMART-I18N-1647,database_public_cms,projects .json::منصة تجدد للتجارة الإلكترونية والخدمات الفنية,features[12],نظام دعم ومحادثة قائم على التذاكر والرسائل.,A ticket- and message-based support and chat system.,add-en-content-field,Proposed English copy for bilingual implementation; review brand/proper-name spelling before production.
SMART-I18N-1648,database_public_cms,projects .json::منصة تجدد للتجارة الإلكترونية والخدمات الفنية,features[13],دعم Deep Linking / App Links لفتح مسارات محددة داخل التطبيق من خارج المنصة.,Deep Linking / App Links support to open specific in-app routes from outside the platform.,add-en-content-field,Proposed English copy for bilingual implementation; review brand/proper-name spelling before production.
SMART-I18N-1649,database_public_cms,projects .json::منصة تجدد للتجارة الإلكترونية والخدمات الفنية,features[14],إعدادات مستخدم متقدمة تشمل اللغة، الثيم، العملة، الملف الشخصي، وبعض خيارات الأمان.,"Advanced user settings covering language, theme, currency, profile, and selected security options.",add-en-content-field,Proposed English copy for bilingual implementation; review brand/proper-name spelling before production.
SMART-I18N-1650,database_public_cms,projects .json::منصة تجدد للتجارة الإلكترونية والخدمات الفنية,features[15],دعم المصادقة داخل التطبيق.,In-app authentication support.,add-en-content-field,Proposed English copy for bilingual implementation; review brand/proper-name spelling before production.
SMART-I18N-1651,database_public_cms,projects .json::منصة تجدد للتجارة الإلكترونية والخدمات الفنية,features[16],نظام تحقق للحسابات للمهندسين والتجار مع حالات واضحة لإدارة التحقق.,Account verification for engineers and merchants with clear verification-management states.,add-en-content-field,Proposed English copy for bilingual implementation; review brand/proper-name spelling before production.
SMART-I18N-1652,database_public_cms,projects .json::منصة تجدد للتجارة الإلكترونية والخدمات الفنية,features[17],لوحة إدارة كبيرة تغطي إدارة المنتجات، التصنيفات، السمات، البراندات، الطلبات، المستخدمين، البانرات، الكوبونات، الخدمات، الإشعارات، والتحليلات.,"A large admin dashboard covering products, categories, attributes, brands, orders, users, banners, coupons, services, notifications, and analytics.",add-en-content-field,Proposed English copy for bilingual implementation; review brand/proper-name spelling before production.
SMART-I18N-1653,database_public_cms,projects .json::منصة تجدد للتجارة الإلكترونية والخدمات الفنية,features[18],وجود مساعد ذكي / دردشة ذكية داخل المشروع مع إدارة للمحادثات والـ prompts وقاعدة معرفة.,"An intelligent assistant / smart chat within the project, including conversation management, prompts, and a knowledge base.",add-en-content-field,Proposed English copy for bilingual implementation; review brand/proper-name spelling before production.
SMART-I18N-1654,database_public_cms,projects .json::منصة تجدد للتجارة الإلكترونية والخدمات الفنية,features[19],وجود بنية تشغيلية قوية تشمل التقارير، التحليلات، السجلات، والنسخ الاحتياطي.,"A strong operational foundation covering reports, analytics, logs, and backups.",add-en-content-field,Proposed English copy for bilingual implementation; review brand/proper-name spelling before production.
SMART-I18N-1655,database_public_cms,projects .json::منصة تجدد للتجارة الإلكترونية والخدمات الفنية,features[20],دعم وضع الزائر موجود في أجزاء من التجربة.,Guest mode is available in parts of the experience.,add-en-content-field,Proposed English copy for bilingual implementation; review brand/proper-name spelling before production.
SMART-I18N-1656,database_public_cms,projects .json::منصة تجدد للتجارة الإلكترونية والخدمات الفنية,clientName | seo.keywords[0],تجدد,Tajaddod,add-en-content-field,Proposed English copy for bilingual implementation; review brand/proper-name spelling before production.
SMART-I18N-1657,database_public_cms,projects .json::منصة تجدد للتجارة الإلكترونية والخدمات الفنية,seo.metaDescription,تجدد منصة رقمية متكاملة تضم متجر ويب، تطبيق موبايل، ولوحة إدارة لإدارة المنتجات والطلبات والخدمات الفنية والدعم والإشعارات ضمن نظام موحد.,"Tajaddod is an integrated digital platform combining a web store, mobile application, and admin dashboard to manage products, orders, technical services, support, and notifications within one unified system.",add-en-content-field,Proposed English copy for bilingual implementation; review brand/proper-name spelling before production.
SMART-I18N-1658,database_public_cms,projects .json::منصة تجدد للتجارة الإلكترونية والخدمات الفنية | projects .json::Kaleem Store — منصة SaaS للتجارة الإلكترونية,seo.keywords[2],منصة تجارة إلكترونية,E-Commerce Platform,add-en-content-field,Proposed English copy for bilingual implementation; review brand/proper-name spelling before production.
SMART-I18N-1659,database_public_cms,projects .json::منصة تجدد للتجارة الإلكترونية والخدمات الفنية,seo.keywords[3],متجر إلكتروني,Online Store,add-en-content-field,Proposed English copy for bilingual implementation; review brand/proper-name spelling before production.
SMART-I18N-1660,database_public_cms,projects .json::منصة تجدد للتجارة الإلكترونية والخدمات الفنية,seo.keywords[4],تطبيق موبايل للتجارة الإلكترونية,E-Commerce Mobile App,add-en-content-field,Proposed English copy for bilingual implementation; review brand/proper-name spelling before production.
SMART-I18N-1661,database_public_cms,projects .json::منصة تجدد للتجارة الإلكترونية والخدمات الفنية | projects .json::قطعتي (Qit3ati ) نظام توافق قطع الغيار الذكي,seo.keywords[5] | seo.keywords[4],لوحة إدارة,Admin Dashboard,add-en-content-field,Proposed English copy for bilingual implementation; review brand/proper-name spelling before production.
SMART-I18N-1662,database_public_cms,projects .json::منصة تجدد للتجارة الإلكترونية والخدمات الفنية,seo.keywords[6],خدمات فنية,Technical Services,add-en-content-field,Proposed English copy for bilingual implementation; review brand/proper-name spelling before production.
SMART-I18N-1663,database_public_cms,projects .json::منصة تجدد للتجارة الإلكترونية والخدمات الفنية,seo.keywords[7],طلبات صيانة,Maintenance Requests,add-en-content-field,Proposed English copy for bilingual implementation; review brand/proper-name spelling before production.
SMART-I18N-1664,database_public_cms,projects .json::منصة تجدد للتجارة الإلكترونية والخدمات الفنية,seo.keywords[8],نظام دعم ومحادثة,Support and Chat System,add-en-content-field,Proposed English copy for bilingual implementation; review brand/proper-name spelling before production.
SMART-I18N-1665,database_public_cms,projects .json::منصة تجدد للتجارة الإلكترونية والخدمات الفنية,seo.keywords[9],إشعارات فورية,Push Notifications,add-en-content-field,Proposed English copy for bilingual implementation; review brand/proper-name spelling before production.
SMART-I18N-1666,database_public_cms,projects .json::منصة تجدد للتجارة الإلكترونية والخدمات الفنية,seo.keywords[10],منصة متعددة القنوات,Omnichannel Platform,add-en-content-field,Proposed English copy for bilingual implementation; review brand/proper-name spelling before production.
SMART-I18N-1667,database_public_cms,projects .json::منصة تجدد للتجارة الإلكترونية والخدمات الفنية,seo.keywords[13],منصة عربية للتجارة والخدمات,Arabic Commerce and Services Platform,add-en-content-field,Proposed English copy for bilingual implementation; review brand/proper-name spelling before production.
SMART-I18N-1668,database_public_cms,projects .json::منصة تجدد للتجارة الإلكترونية والخدمات الفنية | projects .json::منصة  TRAS Phone لقطع غيار الهواتف,industry,تجارة الكترونية,E-Commerce,add-en-content-field,Proposed English copy for bilingual implementation; review brand/proper-name spelling before production.
SMART-I18N-1669,database_public_cms,projects .json::منصة  TRAS Phone لقطع غيار الهواتف,title,منصة  TRAS Phone لقطع غيار الهواتف,TRAS Phone Spare Parts Platform,add-en-content-field,Proposed English copy for bilingual implementation; review brand/proper-name spelling before production.
SMART-I18N-1670,database_public_cms,projects .json::منصة  TRAS Phone لقطع غيار الهواتف,summary,تراس فون (TRAS Phone) هو مشروع تقني متكامل لتشغيل تجارة قطع غيار الهواتف بنمط B2B، يجمع بين تطبيق جوال للعملاء التجاريين، ولوحة إدارة ويب، وواجهة API خلفية ضمن منظومة واحدة. يوفّر المشروع رحلة عملية متكاملة تبدأ من التسجيل والتصفح والبحث والطلب والمتابعة والدعم من جهة العميل، وتقابلها طبقة تشغيل قوية لإدارة المنتجات والتسعير والمخزون والموردين والمرتجعات والمحتوى والإشعارات والتحليلات من جهة الإدارة.,"TRAS Phone is an integrated technology solution for B2B mobile-phone spare-parts commerce, combining a mobile app for business customers, a web admin dashboard, and a backend API in one ecosystem. The project delivers an end-to-end journey covering registration, browsing, search, ordering, tracking, and support for customers, backed by a powerful operations layer for product, pricing, inventory, supplier, returns, content, notification, and analytics management.",add-en-content-field,Proposed English copy for bilingual implementation; review brand/proper-name spelling before production.
SMART-I18N-1671,database_public_cms,projects .json::منصة  TRAS Phone لقطع غيار الهواتف,challenge,تجارة قطع غيار الهواتف تحتاج إلى نظام يتجاوز فكرة عرض المنتجات، لأنها تعتمد على توافق القطع مع الأجهزة، وإدارة العملاء التجاريين، ومستويات التسعير، والمخزون، والمرتجعات، والدعم، والموردين. وعندما تكون هذه العمليات موزعة بين أدوات منفصلة، تصبح الإدارة أكثر تعقيدًا، وترتفع الأخطاء، ويصعب التوسع بثبات.,"Mobile-phone spare-parts commerce requires more than simply listing products. It depends on part-device compatibility, business customer management, pricing tiers, inventory, returns, support, and suppliers. When these operations are spread across disconnected tools, management becomes more complex, errors increase, and scaling reliably becomes difficult.",add-en-content-field,Proposed English copy for bilingual implementation; review brand/proper-name spelling before production.
SMART-I18N-1672,database_public_cms,projects .json::منصة  TRAS Phone لقطع غيار الهواتف,solution,تم تطوير هذا المشروع كمنصة B2B متكاملة توحّد تجربة العميل والتشغيل الداخلي داخل نظام واحد. التطبيق الجوال يوفّر تجربة طلب ومتابعة ودعم احترافية للعملاء التجاريين، بينما توفّر لوحة الإدارة والـ API بنية تشغيل قوية لإدارة الكتالوج والطلبات والمخزون والمحتوى والدعم والتحليلات، بما يجعل العمل أكثر تنظيمًا واستقرارًا وقابلية للنمو.,"The project was developed as an integrated B2B platform that unifies the customer experience and internal operations in one system. The mobile app provides business customers with a professional ordering, tracking, and support experience, while the admin dashboard and API provide a robust operating foundation for catalog, order, inventory, content, support, and analytics management, making the business more organized, stable, and scalable.",add-en-content-field,Proposed English copy for bilingual implementation; review brand/proper-name spelling before production.
SMART-I18N-1673,database_public_cms,projects .json::منصة  TRAS Phone لقطع غيار الهواتف,results[0].label,منظومة موحدة,Unified Ecosystem,add-en-content-field,Proposed English copy for bilingual implementation; review brand/proper-name spelling before production.
SMART-I18N-1674,database_public_cms,projects .json::منصة  TRAS Phone لقطع غيار الهواتف,results[0].value,ربط تطبيق العملاء مع لوحة الإدارة والـ API ضمن بيئة تشغيل واحدة,"Connected the customer app, admin dashboard, and API within one operating environment",add-en-content-field,Proposed English copy for bilingual implementation; review brand/proper-name spelling before production.
SMART-I18N-1675,database_public_cms,projects .json::منصة  TRAS Phone لقطع غيار الهواتف,results[1].label,رحلة عميل متكاملة,End-to-End Customer Journey,add-en-content-field,Proposed English copy for bilingual implementation; review brand/proper-name spelling before production.
SMART-I18N-1676,database_public_cms,projects .json::منصة  TRAS Phone لقطع غيار الهواتف,results[1].value,إتاحة التصفح والطلب والمتابعة والمرتجعات والدعم عبر تطبيق جوال فعلي,"Enabled browsing, ordering, tracking, returns, and support through a full mobile application",add-en-content-field,Proposed English copy for bilingual implementation; review brand/proper-name spelling before production.
SMART-I18N-1677,database_public_cms,projects .json::منصة  TRAS Phone لقطع غيار الهواتف,results[2].label,تحكم تشغيلي أعلى,Greater Operational Control,add-en-content-field,Proposed English copy for bilingual implementation; review brand/proper-name spelling before production.
SMART-I18N-1678,database_public_cms,projects .json::منصة  TRAS Phone لقطع غيار الهواتف,results[2].value,إدارة المنتجات والطلبات والمخزون والموردين والدعم من لوحة مركزية,"Managed products, orders, inventory, suppliers, and support from one central dashboard",add-en-content-field,Proposed English copy for bilingual implementation; review brand/proper-name spelling before production.
SMART-I18N-1679,database_public_cms,projects .json::منصة  TRAS Phone لقطع غيار الهواتف,results[3].label,جاهزية للتوسع,Ready to Scale,add-en-content-field,Proposed English copy for bilingual implementation; review brand/proper-name spelling before production.
SMART-I18N-1680,database_public_cms,projects .json::منصة  TRAS Phone لقطع غيار الهواتف,results[3].value,تقنية Modular تدعم إضافة مزايا وتكاملات مستقبلية بسهولة,A modular architecture that makes future features and integrations easier to add,add-en-content-field,Proposed English copy for bilingual implementation; review brand/proper-name spelling before production.
SMART-I18N-1681,database_public_cms,projects .json::منصة  TRAS Phone لقطع غيار الهواتف,features[0],تطبيق جوال Flutter متكامل للعملاء التجاريين.,Integrated Flutter mobile application for business customers.,add-en-content-field,Proposed English copy for bilingual implementation; review brand/proper-name spelling before production.
SMART-I18N-1682,database_public_cms,projects .json::منصة  TRAS Phone لقطع غيار الهواتف,features[1],دعم الدخول بالبصمة وFace ID عبر local_auth مع تخزين آمن للبيانات.,"Biometric login with fingerprint and Face ID through local_auth, with secure data storage.",add-en-content-field,Proposed English copy for bilingual implementation; review brand/proper-name spelling before production.
SMART-I18N-1683,database_public_cms,projects .json::منصة  TRAS Phone لقطع غيار الهواتف,features[2],تسجيل وإدارة حسابات B2B ببيانات تجارية مثل اسم المحل والمدينة ونوع النشاط وبيانات المسؤول.,"B2B account registration and management with business data such as store name, city, business type, and responsible-person details.",add-en-content-field,Proposed English copy for bilingual implementation; review brand/proper-name spelling before production.
SMART-I18N-1684,database_public_cms,projects .json::منصة  TRAS Phone لقطع غيار الهواتف,features[3],كتالوج منتجات متقدم يشمل التصنيفات، البراندات، الأجهزة، المنتجات المميزة، الأحدث، والأكثر مبيعًا.,"Advanced product catalog covering categories, brands, devices, featured products, newest products, and best sellers.",add-en-content-field,Proposed English copy for bilingual implementation; review brand/proper-name spelling before production.
SMART-I18N-1685,database_public_cms,projects .json::منصة  TRAS Phone لقطع غيار الهواتف,features[4],بحث متقدم داخل التطبيق يشمل البحث المباشر، الاقتراحات، الإكمال التلقائي، الوسوم الشائعة، وسجل البحث.,"Advanced in-app search covering live search, suggestions, autocomplete, popular tags, and search history.",add-en-content-field,Proposed English copy for bilingual implementation; review brand/proper-name spelling before production.
SMART-I18N-1686,database_public_cms,projects .json::منصة  TRAS Phone لقطع غيار الهواتف,features[5],صفحة منتج تفصيلية تحتوي على صور متعددة، معلومات التوافق مع الأجهزة، الوصف، الكمية، حالة التوفر، والمراجعات.,"Detailed product pages with multiple images, device-compatibility information, description, quantity, availability status, and reviews.",add-en-content-field,Proposed English copy for bilingual implementation; review brand/proper-name spelling before production.
SMART-I18N-1687,database_public_cms,projects .json::منصة  TRAS Phone لقطع غيار الهواتف,features[6],نظام مفضلة وسجل مشاهدة حديثة وتنبيهات توفر المخزون.,"Favorites, recently viewed items, and inventory availability alerts.",add-en-content-field,Proposed English copy for bilingual implementation; review brand/proper-name spelling before production.
SMART-I18N-1688,database_public_cms,projects .json::منصة  TRAS Phone لقطع غيار الهواتف,features[7],سلة مشتريات و Checkout متكاملان مع العناوين والكوبونات واختيار وسيلة الدفع.,"Integrated shopping cart and checkout with addresses, coupons, and payment-method selection.",add-en-content-field,Proposed English copy for bilingual implementation; review brand/proper-name spelling before production.
SMART-I18N-1689,database_public_cms,projects .json::منصة  TRAS Phone لقطع غيار الهواتف,features[8],إدارة الطلبات داخل التطبيق تشمل عرض الطلبات، التفاصيل، التتبع، إعادة الطلب، إلغاء الطلب، رفع إيصال التحويل، وعرض الفاتورة.,"In-app order management covering order lists, details, tracking, reordering, cancellation, bank-transfer receipt upload, and invoice display.",add-en-content-field,Proposed English copy for bilingual implementation; review brand/proper-name spelling before production.
SMART-I18N-1690,database_public_cms,projects .json::منصة  TRAS Phone لقطع غيار الهواتف,features[9],نظام مرتجعات فعلي يبدأ من اختيار العناصر المؤهلة للإرجاع ثم إنشاء طلب الإرجاع ومتابعة حالته.,"A functional returns system starting with eligible-item selection, return-request creation, and status tracking.",add-en-content-field,Proposed English copy for bilingual implementation; review brand/proper-name spelling before production.
SMART-I18N-1691,database_public_cms,projects .json::منصة  TRAS Phone لقطع غيار الهواتف,features[10],نظام مراجعات وتقييمات للمنتجات يشمل عرض المراجعات وكتابة مراجعة وتعديلها.,"Product reviews and ratings, including viewing, creating, and editing reviews.",add-en-content-field,Proposed English copy for bilingual implementation; review brand/proper-name spelling before production.
SMART-I18N-1692,database_public_cms,projects .json::منصة  TRAS Phone لقطع غيار الهواتف,features[11],محفظة رقمية ونظام ولاء يشمل الرصيد، الحركات المالية، النقاط، المستويات، وسجل معاملات الولاء.,"Digital wallet and loyalty system covering balance, financial transactions, points, levels, and loyalty transaction history.",add-en-content-field,Proposed English copy for bilingual implementation; review brand/proper-name spelling before production.
SMART-I18N-1693,database_public_cms,projects .json::منصة  TRAS Phone لقطع غيار الهواتف,features[12],إدارة الملف الشخصي والعناوين مع خرائط Google وتحديد الموقع الجغرافي.,Profile and address management with Google Maps and geolocation.,add-en-content-field,Proposed English copy for bilingual implementation; review brand/proper-name spelling before production.
SMART-I18N-1694,database_public_cms,projects .json::منصة  TRAS Phone لقطع غيار الهواتف,features[13],دعم فني متكامل يجمع بين التذاكر والمحادثة المباشرة.,Integrated technical support combining tickets and live chat.,add-en-content-field,Proposed English copy for bilingual implementation; review brand/proper-name spelling before production.
SMART-I18N-1695,database_public_cms,projects .json::منصة  TRAS Phone لقطع غيار الهواتف,features[14],إشعارات Push عبر Firebase/FCM مع شاشة إشعارات وإعدادات خاصة بها.,Push notifications through Firebase/FCM with a dedicated notification screen and notification settings.,add-en-content-field,Proposed English copy for bilingual implementation; review brand/proper-name spelling before production.
SMART-I18N-1696,database_public_cms,projects .json::منصة  TRAS Phone لقطع غيار الهواتف,features[15],محتوى تعليمي ومحتوى ثابت مثل الأسئلة الشائعة، الشروط، الخصوصية، وعن التطبيق.,"Educational and static content such as FAQs, terms, privacy policy, and About the App.",add-en-content-field,Proposed English copy for bilingual implementation; review brand/proper-name spelling before production.
SMART-I18N-1697,database_public_cms,projects .json::منصة  TRAS Phone لقطع غيار الهواتف,features[16],دعم العربية والإنجليزية مع RTL/LTR والثيم الفاتح والداكن.,Arabic and English support with RTL/LTR and light/dark themes.,add-en-content-field,Proposed English copy for bilingual implementation; review brand/proper-name spelling before production.
SMART-I18N-1698,database_public_cms,projects .json::منصة  TRAS Phone لقطع غيار الهواتف,features[17],طبقة أمان متقدمة في التطبيق تشمل فحص سلامة الجهاز، كشف البيئة غير الآمنة، وتهيئة لحماية أعلى.,"Advanced application security layer including device-integrity checks, unsafe-environment detection, and preparation for stronger protection.",add-en-content-field,Proposed English copy for bilingual implementation; review brand/proper-name spelling before production.
SMART-I18N-1699,database_public_cms,projects .json::منصة  TRAS Phone لقطع غيار الهواتف,features[18],كاش محلي وتحسينات أداء وخدمات تخزين محلية.,"Local caching, performance optimizations, and local storage services.",add-en-content-field,Proposed English copy for bilingual implementation; review brand/proper-name spelling before production.
SMART-I18N-1700,database_public_cms,projects .json::منصة  TRAS Phone لقطع غيار الهواتف,features[19],لوحة إدارة ويب احترافية تشمل إدارة المنتجات، التصنيفات، البراندات، العملاء، الطلبات، المرتجعات، المخزون، الموردين، المحافظ، المحتوى، الإشعارات، التحليلات، وسجل التدقيق.,"A professional web admin dashboard covering products, categories, brands, customers, orders, returns, inventory, suppliers, wallets, content, notifications, analytics, and the audit log.",add-en-content-field,Proposed English copy for bilingual implementation; review brand/proper-name spelling before production.
SMART-I18N-1701,database_public_cms,projects .json::منصة  TRAS Phone لقطع غيار الهواتف,features[20],واجهة API خلفية مبنية على NestJS تغطي المنطق التجاري والتشغيلي الرئيسي للنظام.,A NestJS backend API covering the system’s primary business and operational logic.,add-en-content-field,Proposed English copy for bilingual implementation; review brand/proper-name spelling before production.
SMART-I18N-1702,database_public_cms,projects .json::منصة  TRAS Phone لقطع غيار الهواتف,features[21],إدارة مخزون ومستودعات تشمل الحركات، الحجوزات، الجرد، والتنبيهات المرتبطة بالمخزون.,"Inventory and warehouse management covering movements, reservations, stock counts, and inventory-related alerts.",add-en-content-field,Proposed English copy for bilingual implementation; review brand/proper-name spelling before production.
SMART-I18N-1703,database_public_cms,projects .json::منصة  TRAS Phone لقطع غيار الهواتف,features[22],إدارة موردين ومشتريات وأوامر شراء ومنتجات الموردين.,"Supplier, procurement, purchase-order, and supplier-product management.",add-en-content-field,Proposed English copy for bilingual implementation; review brand/proper-name spelling before production.
SMART-I18N-1704,database_public_cms,projects .json::منصة  TRAS Phone لقطع غيار الهواتف,features[23],مستويات أسعار وصلاحيات وأدوار إدارية دقيقة.,Pricing tiers with granular administrative roles and permissions.,add-en-content-field,Proposed English copy for bilingual implementation; review brand/proper-name spelling before production.
SMART-I18N-1705,database_public_cms,projects .json::منصة  TRAS Phone لقطع غيار الهواتف,features[24],استيراد وتصدير المنتجات والبيانات عبر Excel، مع إنشاء ملفات وتقارير وفواتير PDF.,"Product and data import/export through Excel, with file, report, and PDF invoice generation.",add-en-content-field,Proposed English copy for bilingual implementation; review brand/proper-name spelling before production.
SMART-I18N-1706,database_public_cms,projects .json::منصة  TRAS Phone لقطع غيار الهواتف,features[25],رفع ملفات وصور وفيديوهات مع تخزين سحابي متوافق مع S3.,"File, image, and video uploads with S3-compatible cloud storage.",add-en-content-field,Proposed English copy for bilingual implementation; review brand/proper-name spelling before production.
SMART-I18N-1707,database_public_cms,projects .json::منصة  TRAS Phone لقطع غيار الهواتف,features[26],تحليلات وتشغيل ومؤشرات إدارية داخل لوحة التحكم.,Operational analytics and management indicators within the dashboard.,add-en-content-field,Proposed English copy for bilingual implementation; review brand/proper-name spelling before production.
SMART-I18N-1708,database_public_cms,projects .json::منصة  TRAS Phone لقطع غيار الهواتف,features[27],تحديثات لحظية في الدعم والمحادثات عبر Socket.IO / WebSocket.,Real-time support and chat updates through Socket.IO / WebSocket.,add-en-content-field,Proposed English copy for bilingual implementation; review brand/proper-name spelling before production.
SMART-I18N-1709,database_public_cms,projects .json::منصة  TRAS Phone لقطع غيار الهواتف,features[28],نظام الإحالات موجود في البنية وبعض الشاشات,A referral system exists in the architecture and selected screens.,add-en-content-field,Proposed English copy for bilingual implementation; review brand/proper-name spelling before production.
SMART-I18N-1710,database_public_cms,projects .json::منصة  TRAS Phone لقطع غيار الهواتف,seo.metaTitle,TRAS Phone | منصة B2B لتجارة وإدارة قطع غيار الهواتف,TRAS Phone | B2B Mobile Spare Parts Commerce & Management Platform,add-en-content-field,Proposed English copy for bilingual implementation; review brand/proper-name spelling before production.
SMART-I18N-1711,database_public_cms,projects .json::منصة  TRAS Phone لقطع غيار الهواتف,seo.metaDescription,منصة متكاملة لتجارة قطع غيار الهواتف بنمط B2B تشمل تطبيق جوال للعملاء التجاريين ولوحة إدارة وواجهة API لإدارة المنتجات والطلبات والمخزون والمرتجعات والدعم.,"An integrated B2B mobile-phone spare-parts platform with a mobile app for business customers, an admin dashboard, and an API for managing products, orders, inventory, returns, and support.",add-en-content-field,Proposed English copy for bilingual implementation; review brand/proper-name spelling before production.
SMART-I18N-1712,database_public_cms,projects .json::منصة  TRAS Phone لقطع غيار الهواتف,seo.keywords[1],تطبيق قطع غيار الهواتف,Mobile Spare Parts App,add-en-content-field,Proposed English copy for bilingual implementation; review brand/proper-name spelling before production.
SMART-I18N-1713,database_public_cms,projects .json::منصة  TRAS Phone لقطع غيار الهواتف,seo.keywords[2],منصة B2B,B2B Platform,add-en-content-field,Proposed English copy for bilingual implementation; review brand/proper-name spelling before production.
SMART-I18N-1714,database_public_cms,projects .json::منصة  TRAS Phone لقطع غيار الهواتف,seo.keywords[3],إدارة تجارة قطع الغيار,Spare Parts Commerce Management,add-en-content-field,Proposed English copy for bilingual implementation; review brand/proper-name spelling before production.
SMART-I18N-1715,database_public_cms,projects .json::منصة  TRAS Phone لقطع غيار الهواتف,seo.keywords[4],تطبيق طلبات قطع غيار,Spare Parts Ordering App,add-en-content-field,Proposed English copy for bilingual implementation; review brand/proper-name spelling before production.
SMART-I18N-1716,database_public_cms,projects .json::منصة  TRAS Phone لقطع غيار الهواتف,seo.keywords[5],لوحة إدارة قطع غيار الهواتف,Mobile Spare Parts Admin Dashboard,add-en-content-field,Proposed English copy for bilingual implementation; review brand/proper-name spelling before production.
SMART-I18N-1717,database_public_cms,projects .json::قطعتي (Qit3ati ) نظام توافق قطع الغيار الذكي,title,قطعتي (Qit3ati ) نظام توافق قطع الغيار الذكي,Qit3ati — Smart Spare-Part Compatibility System,add-en-content-field,Proposed English copy for bilingual implementation; review brand/proper-name spelling before production.
SMART-I18N-1718,database_public_cms,projects .json::قطعتي (Qit3ati ) نظام توافق قطع الغيار الذكي,summary,قطعتي (Qit3ati) هي منصة ويب متكاملة لحل مشكلة توافق قطع الغيار، حيث توفر نظامًا رقميًا يساعد على البحث عن القطع المناسبة للأجهزة المختلفة والتحقق من توافقها بسرعة ودقة. تجمع المنصة بين لوحة إدارة قوية، وواجهة API منظمة، ونظام اشتراكات وأمان متعدد الطبقات، مما يجعلها مناسبة للجهات التي تحتاج إلى إدارة معلومات التوافق بشكل احترافي وقابل للتوسع.,"Qit3ati is an integrated web platform designed to solve spare-part compatibility challenges. It provides a digital system that helps users find suitable parts for different devices and verify compatibility quickly and accurately. The platform combines a powerful admin dashboard, a well-structured API, subscriptions, and multi-layer security, making it suitable for organizations that need to manage compatibility information professionally and at scale.",add-en-content-field,Proposed English copy for bilingual implementation; review brand/proper-name spelling before production.
SMART-I18N-1719,database_public_cms,projects .json::قطعتي (Qit3ati ) نظام توافق قطع الغيار الذكي,challenge,تواجه ورش الصيانة والتجار والموزعون تحديًا متكررًا في تحديد القطعة المناسبة لكل جهاز أو موديل بدقة، مما يؤدي إلى أخطاء في التوريد، وزيادة في المرتجعات، وهدر في الوقت، وتراجع في ثقة العملاء. كما أن غياب نظام مركزي واضح لإدارة هذه المعلومات يجعل العمل أكثر تعقيدًا ويؤثر على كفاءة التشغيل.,"Repair shops, traders, and distributors repeatedly face the challenge of identifying the correct part for each device or model. This can lead to supply errors, more returns, wasted time, and lower customer confidence. The absence of a clear centralized system for managing compatibility information also makes operations more complex and less efficient.",add-en-content-field,Proposed English copy for bilingual implementation; review brand/proper-name spelling before production.
SMART-I18N-1720,database_public_cms,projects .json::قطعتي (Qit3ati ) نظام توافق قطع الغيار الذكي,solution,قدّم قطعتي ( Qit3ati) حلاً رقميًا عمليًا من خلال بناء منصة موحدة تجمع قاعدة بيانات للأجهزة وقطع الغيار مع واجهة بحث واضحة ونظام إدارة متكامل. يتيح ذلك للمستخدمين التحقق من التوافق بسرعة، بينما يمنح الإدارة أدوات فعالة لتنظيم البيانات وتحديثها وإدارتها بسهولة. كما أن دعم استيراد Excel ونظام الاشتراكات والحماية متعددة الطبقات يجعل المنصة أكثر جاهزية للاستخدام الفعلي والتوسع المستقبلي.,"Qit3ati provides a practical digital solution through a unified platform that combines a database of devices and spare parts with a clear search interface and an integrated administration system. Users can verify compatibility quickly, while administrators get effective tools to organize, update, and manage data easily. Excel import, subscriptions, and multi-layer protection further prepare the platform for real-world use and future growth.",add-en-content-field,Proposed English copy for bilingual implementation; review brand/proper-name spelling before production.
SMART-I18N-1721,database_public_cms,projects .json::قطعتي (Qit3ati ) نظام توافق قطع الغيار الذكي,results[0].label,تقليل أخطاء التوافق,Fewer Compatibility Errors,add-en-content-field,Proposed English copy for bilingual implementation; review brand/proper-name spelling before production.
SMART-I18N-1722,database_public_cms,projects .json::قطعتي (Qit3ati ) نظام توافق قطع الغيار الذكي,results[0].value,توفير نظام بحث وتحقيق يساعد على الوصول إلى القطعة الصحيحة بسرعة ودقة,A search and verification system that helps users reach the correct part quickly and accurately,add-en-content-field,Proposed English copy for bilingual implementation; review brand/proper-name spelling before production.
SMART-I18N-1723,database_public_cms,projects .json::قطعتي (Qit3ati ) نظام توافق قطع الغيار الذكي,results[1].label,إدارة مركزية للبيانات,Centralized Data Management,add-en-content-field,Proposed English copy for bilingual implementation; review brand/proper-name spelling before production.
SMART-I18N-1724,database_public_cms,projects .json::قطعتي (Qit3ati ) نظام توافق قطع الغيار الذكي,results[1].value,لوحة تحكم متكاملة لتنظيم المستخدمين والخطط والعلامات التجارية والبيانات الأساسية,"An integrated dashboard for organizing users, plans, brands, and core data",add-en-content-field,Proposed English copy for bilingual implementation; review brand/proper-name spelling before production.
SMART-I18N-1725,database_public_cms,projects .json::قطعتي (Qit3ati ) نظام توافق قطع الغيار الذكي,results[2].label,كفاءة تشغيل أعلى,Higher Operational Efficiency,add-en-content-field,Proposed English copy for bilingual implementation; review brand/proper-name spelling before production.
SMART-I18N-1726,database_public_cms,projects .json::قطعتي (Qit3ati ) نظام توافق قطع الغيار الذكي,results[2].value,استيراد البيانات عبر Excel وتوثيق API وحماية المسارات يعزز من سهولة الإدارة والتكامل,"Excel imports, API documentation, and route protection improve administration and integration",add-en-content-field,Proposed English copy for bilingual implementation; review brand/proper-name spelling before production.
SMART-I18N-1727,database_public_cms,projects .json::قطعتي (Qit3ati ) نظام توافق قطع الغيار الذكي,features[0],نظام بحث وتحقق من توافق قطع الغيار يتيح للمستخدمين البحث في الأجهزة والعلامات التجارية وأنواع القطع، والتحقق من مدى توافق القطعة مع الجهاز المطلوب.,"A spare-part compatibility search and verification system that lets users search devices, brands, and part types and verify whether a part is compatible with the required device.",add-en-content-field,Proposed English copy for bilingual implementation; review brand/proper-name spelling before production.
SMART-I18N-1728,database_public_cms,projects .json::قطعتي (Qit3ati ) نظام توافق قطع الغيار الذكي,features[1],نظام مصادقة متكامل مع حماية دقيقة للمسارات.,Integrated authentication with granular route protection.,add-en-content-field,Proposed English copy for bilingual implementation; review brand/proper-name spelling before production.
SMART-I18N-1729,database_public_cms,projects .json::قطعتي (Qit3ati ) نظام توافق قطع الغيار الذكي,features[2],لوحة إدارة متكاملة تمكّن المسؤولين من إدارة المستخدمين والخطط والعلامات التجارية والبيانات الأساسية بسهولة من خلال واجهة عملية ومنظمة.,"An integrated admin dashboard that enables administrators to manage users, plans, brands, and core data through a practical, well-organized interface.",add-en-content-field,Proposed English copy for bilingual implementation; review brand/proper-name spelling before production.
SMART-I18N-1730,database_public_cms,projects .json::قطعتي (Qit3ati ) نظام توافق قطع الغيار الذكي,features[3],دعم استيراد البيانات من ملفات Excel بصيغ xlsx و xls، مما يسهل إدخال البيانات وتحديثها بشكل أسرع وأكثر كفاءة.,"Excel data import supporting xlsx and xls formats, making data entry and updates faster and more efficient.",add-en-content-field,Proposed English copy for bilingual implementation; review brand/proper-name spelling before production.
SMART-I18N-1731,database_public_cms,projects .json::قطعتي (Qit3ati ) نظام توافق قطع الغيار الذكي,features[4],توثيق API تفاعلي عبر Swagger، مع وجود مسارات واضحة للفحص والتحقق، مما يسهل التطوير والاختبار والتكامل مع أي أنظمة أو تطبيقات أخرى.,"Interactive API documentation through Swagger, with clear inspection and verification endpoints that simplify development, testing, and integration with other systems or applications.",add-en-content-field,Proposed English copy for bilingual implementation; review brand/proper-name spelling before production.
SMART-I18N-1732,database_public_cms,projects .json::قطعتي (Qit3ati ) نظام توافق قطع الغيار الذكي,features[5],نظام Rate Limiting لحماية المسارات العامة ومسارات المصادقة من الضغط أو الاستخدام المفرط.,Rate limiting to protect public and authentication routes from excessive traffic or abuse.,add-en-content-field,Proposed English copy for bilingual implementation; review brand/proper-name spelling before production.
SMART-I18N-1733,database_public_cms,projects .json::قطعتي (Qit3ati ) نظام توافق قطع الغيار الذكي,features[6],دعم فعلي للاشتراكات، بما يشمل عرض الخطط العامة وجلب معلومات اشتراك المستخدم الحالي داخل النظام.,"Functional subscription support, including public plan display and retrieval of the current user’s subscription information.",add-en-content-field,Proposed English copy for bilingual implementation; review brand/proper-name spelling before production.
SMART-I18N-1734,database_public_cms,projects .json::قطعتي (Qit3ati ) نظام توافق قطع الغيار الذكي,features[7],وجود نقطة نهاية مخصصة لفحص الصحة لمراقبة حالة الخدمة والتحقق من جاهزية النظام.,A dedicated health-check endpoint for monitoring service status and system readiness.,add-en-content-field,Proposed English copy for bilingual implementation; review brand/proper-name spelling before production.
SMART-I18N-1735,database_public_cms,projects .json::قطعتي (Qit3ati ) نظام توافق قطع الغيار الذكي,features[8],فصل واضح بين مصادقة المستخدمين العاديين ومصادقة الإدارة عبر AdminAuthGuard، بما يمنع توكنات المستخدمين من الوصول إلى المسارات الإدارية.,"Clear separation between regular-user authentication and administrator authentication through AdminAuthGuard, preventing user tokens from reaching administrative routes.",add-en-content-field,Proposed English copy for bilingual implementation; review brand/proper-name spelling before production.
SMART-I18N-1736,database_public_cms,projects .json::قطعتي (Qit3ati ) نظام توافق قطع الغيار الذكي,features[9],اعتماد تقنيات حديثة في بناء المشروع.,Built with modern technologies.,add-en-content-field,Proposed English copy for bilingual implementation; review brand/proper-name spelling before production.
SMART-I18N-1737,database_public_cms,projects .json::قطعتي (Qit3ati ) نظام توافق قطع الغيار الذكي,clientName,قطعتي (Qit3ati) منشأة متخصصة في تجارة و صيانة قطع الغيار,"Qit3ati, an establishment specializing in spare-parts trade and maintenance",add-en-content-field,Proposed English copy for bilingual implementation; review brand/proper-name spelling before production.
SMART-I18N-1738,database_public_cms,projects .json::قطعتي (Qit3ati ) نظام توافق قطع الغيار الذكي,seo.metaTitle,Qit3ati | قطعتي  منصة ذكية لإدارة وتوافق قطع الغيار,Qit3ati | Smart Spare-Part Management & Compatibility Platform,add-en-content-field,Proposed English copy for bilingual implementation; review brand/proper-name spelling before production.
SMART-I18N-1739,database_public_cms,projects .json::قطعتي (Qit3ati ) نظام توافق قطع الغيار الذكي,seo.metaDescription,قطعتي (Qit3ati) منصة ويب متكاملة لإدارة توافق قطع الغيار، توفر البحث الذكي، والتحقق من التوافق، ولوحة إدارة احترافية، ونظام اشتراكات وحماية متقدمة لتحسين الكفاءة وتقليل الأخطاء.,"Qit3ati is an integrated web platform for spare-part compatibility management, offering smart search, compatibility verification, a professional admin dashboard, subscriptions, and advanced protection to improve efficiency and reduce errors.",add-en-content-field,Proposed English copy for bilingual implementation; review brand/proper-name spelling before production.
SMART-I18N-1740,database_public_cms,projects .json::قطعتي (Qit3ati ) نظام توافق قطع الغيار الذكي,seo.keywords[0],نظام توافق قطع الغيار,Spare-Part Compatibility System,add-en-content-field,Proposed English copy for bilingual implementation; review brand/proper-name spelling before production.
SMART-I18N-1741,database_public_cms,projects .json::قطعتي (Qit3ati ) نظام توافق قطع الغيار الذكي,seo.keywords[1],منصة قطع غيار,Spare Parts Platform,add-en-content-field,Proposed English copy for bilingual implementation; review brand/proper-name spelling before production.
SMART-I18N-1742,database_public_cms,projects .json::قطعتي (Qit3ati ) نظام توافق قطع الغيار الذكي,seo.keywords[2],إدارة قطع الغيار,Spare Parts Management,add-en-content-field,Proposed English copy for bilingual implementation; review brand/proper-name spelling before production.
SMART-I18N-1743,database_public_cms,projects .json::قطعتي (Qit3ati ) نظام توافق قطع الغيار الذكي,seo.keywords[3],التحقق من التوافق,Compatibility Verification,add-en-content-field,Proposed English copy for bilingual implementation; review brand/proper-name spelling before production.
SMART-I18N-1744,database_public_cms,projects .json::قطعتي (Qit3ati ) نظام توافق قطع الغيار الذكي,seo.keywords[5],نظام اشتراكات,Subscription System,add-en-content-field,Proposed English copy for bilingual implementation; review brand/proper-name spelling before production.
SMART-I18N-1745,database_public_cms,projects .json::قطعتي (Qit3ati ) نظام توافق قطع الغيار الذكي,seo.keywords[6],قطعتي Qit3ati,Qit3ati,add-en-content-field,Proposed English copy for bilingual implementation; review brand/proper-name spelling before production.
SMART-I18N-1746,database_public_cms,projects .json::قطعتي (Qit3ati ) نظام توافق قطع الغيار الذكي,seo.keywords[7],حلول الصيانة الرقمية,Digital Maintenance Solutions,add-en-content-field,Proposed English copy for bilingual implementation; review brand/proper-name spelling before production.
SMART-I18N-1747,database_public_cms,projects .json::قطعتي (Qit3ati ) نظام توافق قطع الغيار الذكي,seo.keywords[8],استيراد Excel,Excel Import,add-en-content-field,Proposed English copy for bilingual implementation; review brand/proper-name spelling before production.
SMART-I18N-1748,database_public_cms,projects .json::قطعتي (Qit3ati ) نظام توافق قطع الغيار الذكي,seo.keywords[9],منصة صيانة,Maintenance Platform,add-en-content-field,Proposed English copy for bilingual implementation; review brand/proper-name spelling before production.
SMART-I18N-1749,database_public_cms,projects .json::قطعتي (Qit3ati ) نظام توافق قطع الغيار الذكي,duration,شهرين,2 Months,add-en-content-field,Proposed English copy for bilingual implementation; review brand/proper-name spelling before production.
SMART-I18N-1750,database_public_cms,projects .json::قطعتي (Qit3ati ) نظام توافق قطع الغيار الذكي,stats[0].label,موديل هاتف,Phone Models,add-en-content-field,Proposed English copy for bilingual implementation; review brand/proper-name spelling before production.
SMART-I18N-1751,database_public_cms,projects .json::قطعتي (Qit3ati ) نظام توافق قطع الغيار الذكي,stats[1].label,براند,Brands,add-en-content-field,Proposed English copy for bilingual implementation; review brand/proper-name spelling before production.
SMART-I18N-1752,database_public_cms,projects .json::قطعتي (Qit3ati ) نظام توافق قطع الغيار الذكي,stats[1].description,عدد براندات الهواتف التي لدينا,Number of phone brands in the system,add-en-content-field,Proposed English copy for bilingual implementation; review brand/proper-name spelling before production.
SMART-I18N-1753,database_public_cms,projects .json::نظام إدارة طلبات الصيانة والبلاغات الذكي,title,نظام إدارة طلبات الصيانة والبلاغات الذكي,Smart Maintenance Request and Incident Management System,add-en-content-field,Proposed English copy for bilingual implementation; review brand/proper-name spelling before production.
SMART-I18N-1754,database_public_cms,projects .json::نظام إدارة طلبات الصيانة والبلاغات الذكي,summary,منصة رقمية متكاملة لإدارة البلاغات وطلبات الصيانة والصيانة الوقائية داخل المنشآت، تجمع بين التقديم العام للبلاغات، وإدارة سير العمل الهندسي، وجدولة المهام الوقائية، والإشعارات اللحظية، والتقارير التنفيذية، والإحصائيات التفاعلية، ضمن نظام واحد حديث وآمن وقابل للتوسع.,"An integrated digital platform for managing incidents, maintenance requests, and preventive maintenance within facilities. It combines public incident submission, engineering workflow management, preventive-task scheduling, real-time notifications, executive reports, and interactive analytics in one modern, secure, and scalable system.",add-en-content-field,Proposed English copy for bilingual implementation; review brand/proper-name spelling before production.
SMART-I18N-1755,database_public_cms,projects .json::نظام إدارة طلبات الصيانة والبلاغات الذكي,challenge,كانت إدارة البلاغات وأعمال الصيانة في الجهات الكبيرة تعاني غالبًا من التشتت بين التبليغ الورقي أو العشوائي، وضعف التتبع، وصعوبة معرفة حالة الطلب، وتأخر تنفيذ الصيانة الوقائية، وغياب مؤشرات الأداء الدقيقة، إضافة إلى محدودية الرقابة على من عدّل أو نفّذ أو أوقف الطلبات.,"In large organizations, incident and maintenance management often suffers from fragmented paper-based or ad hoc reporting, weak tracking, difficulty identifying request status, delayed preventive maintenance, lack of accurate performance indicators, and limited oversight of who modified, executed, or stopped requests.",add-en-content-field,Proposed English copy for bilingual implementation; review brand/proper-name spelling before production.
SMART-I18N-1756,database_public_cms,projects .json::نظام إدارة طلبات الصيانة والبلاغات الذكي,solution,قمنا بتطوير نظام صيانة متكامل يوحّد دورة العمل كاملة من لحظة تقديم البلاغ وحتى إغلاق طلب الصيانة، مع ربط البلاغات بطلبات التنفيذ، وتمكين الإدارة من جدولة الصيانة الوقائية، وتوزيع المهام على المهندسين، ومتابعة الحالات لحظيًا، وتوليد التقارير والإحصائيات، مع نظام صلاحيات دقيق وسجل عمليات شامل يرفع مستوى الحوكمة والشفافية التشغيلية.,"We developed an integrated maintenance system that unifies the entire workflow from incident submission to maintenance-request closure. Incidents are linked to execution requests, while administrators can schedule preventive maintenance, assign tasks to engineers, monitor statuses in real time, and generate reports and analytics. Granular permissions and a comprehensive audit log raise governance and operational transparency.",add-en-content-field,Proposed English copy for bilingual implementation; review brand/proper-name spelling before production.
SMART-I18N-1757,database_public_cms,projects .json::نظام إدارة طلبات الصيانة والبلاغات الذكي,results[0].label,توحيد دورة العمل,Unified Workflow,add-en-content-field,Proposed English copy for bilingual implementation; review brand/proper-name spelling before production.
SMART-I18N-1758,database_public_cms,projects .json::نظام إدارة طلبات الصيانة والبلاغات الذكي,results[0].value,رقمنة كاملة لمسار البلاغات والصيانة بدل التتبع التقليدي,Fully digitized incident and maintenance workflows instead of traditional tracking,add-en-content-field,Proposed English copy for bilingual implementation; review brand/proper-name spelling before production.
SMART-I18N-1759,database_public_cms,projects .json::نظام إدارة طلبات الصيانة والبلاغات الذكي,results[1].label,رفع سرعة المتابعة,Faster Follow-Up,add-en-content-field,Proposed English copy for bilingual implementation; review brand/proper-name spelling before production.
SMART-I18N-1760,database_public_cms,projects .json::نظام إدارة طلبات الصيانة والبلاغات الذكي,results[1].value,تنبيهات فورية ومتابعة مرئية لحالة الطلبات والمهام,Instant alerts and visual tracking of request and task status,add-en-content-field,Proposed English copy for bilingual implementation; review brand/proper-name spelling before production.
SMART-I18N-1761,database_public_cms,projects .json::نظام إدارة طلبات الصيانة والبلاغات الذكي,results[2].label,تعزيز الصيانة الوقائية,Stronger Preventive Maintenance,add-en-content-field,Proposed English copy for bilingual implementation; review brand/proper-name spelling before production.
SMART-I18N-1762,database_public_cms,projects .json::نظام إدارة طلبات الصيانة والبلاغات الذكي,results[2].value,إدارة وجدولة الصيانة الوقائية مع التكرار التلقائي,Preventive maintenance management and scheduling with automatic recurrence,add-en-content-field,Proposed English copy for bilingual implementation; review brand/proper-name spelling before production.
SMART-I18N-1763,database_public_cms,projects .json::نظام إدارة طلبات الصيانة والبلاغات الذكي,results[3].label,تحسين الرقابة,Improved Oversight,add-en-content-field,Proposed English copy for bilingual implementation; review brand/proper-name spelling before production.
SMART-I18N-1764,database_public_cms,projects .json::نظام إدارة طلبات الصيانة والبلاغات الذكي,results[3].value,سجل عمليات كامل مع صلاحيات دقيقة وسلة محذوفات قابلة للاستعادة,"Complete audit trail, granular permissions, and a recoverable recycle bin",add-en-content-field,Proposed English copy for bilingual implementation; review brand/proper-name spelling before production.
SMART-I18N-1765,database_public_cms,projects .json::نظام إدارة طلبات الصيانة والبلاغات الذكي,results[4].label,دعم القرار,Decision Support,add-en-content-field,Proposed English copy for bilingual implementation; review brand/proper-name spelling before production.
SMART-I18N-1766,database_public_cms,projects .json::نظام إدارة طلبات الصيانة والبلاغات الذكي,results[4].value,لوحات إحصائية وتقارير PDF وExcel وتصدير جماعي احترافي وتحليلات تساعد الإدارة على اتخاذ القرار,"Dashboards, PDF and Excel reports, professional bulk exports, and analytics that support management decisions",add-en-content-field,Proposed English copy for bilingual implementation; review brand/proper-name spelling before production.
SMART-I18N-1767,database_public_cms,projects .json::نظام إدارة طلبات الصيانة والبلاغات الذكي,results[5].label,رفع كفاءة التنفيذ,More Efficient Execution,add-en-content-field,Proposed English copy for bilingual implementation; review brand/proper-name spelling before production.
SMART-I18N-1768,database_public_cms,projects .json::نظام إدارة طلبات الصيانة والبلاغات الذكي,results[5].value,ربط المواقع والأقسام والأنظمة والآلات ضمن مسار تشغيل منظم,"Linked locations, departments, systems, and machines within an organized operating workflow",add-en-content-field,Proposed English copy for bilingual implementation; review brand/proper-name spelling before production.
SMART-I18N-1769,database_public_cms,projects .json::نظام إدارة طلبات الصيانة والبلاغات الذكي,features[0],بوابة بلاغات عامة تتيح لأي مستخدم تقديم بلاغ جديد دون تسجيل دخول.,A public incident portal that allows any user to submit a new incident without signing in.,add-en-content-field,Proposed English copy for bilingual implementation; review brand/proper-name spelling before production.
SMART-I18N-1770,database_public_cms,projects .json::نظام إدارة طلبات الصيانة والبلاغات الذكي,features[1],ربط البلاغ بطلب صيانة,Link incidents to maintenance requests,add-en-content-field,Proposed English copy for bilingual implementation; review brand/proper-name spelling before production.
SMART-I18N-1771,database_public_cms,projects .json::نظام إدارة طلبات الصيانة والبلاغات الذكي,features[2],إدارة كاملة لطلبات الصيانة بنوعيها طارئة ووقائية,Complete management of both emergency and preventive maintenance requests,add-en-content-field,Proposed English copy for bilingual implementation; review brand/proper-name spelling before production.
SMART-I18N-1772,database_public_cms,projects .json::نظام إدارة طلبات الصيانة والبلاغات الذكي,features[3],صيانة وقائية مجدولة مع إمكانية إنشاء مهام مستقبلية حسب التاريخ,Scheduled preventive maintenance with the ability to create future tasks by date,add-en-content-field,Proposed English copy for bilingual implementation; review brand/proper-name spelling before production.
SMART-I18N-1773,database_public_cms,projects .json::نظام إدارة طلبات الصيانة والبلاغات الذكي,features[4],تكرار تلقائي للمهام الوقائية,Automatic recurrence for preventive tasks,add-en-content-field,Proposed English copy for bilingual implementation; review brand/proper-name spelling before production.
SMART-I18N-1774,database_public_cms,projects .json::نظام إدارة طلبات الصيانة والبلاغات الذكي,features[5],مهام متاحة لجميع المهندسين أو مخصصة لمهندس محدد,Tasks available to all engineers or assigned to a specific engineer,add-en-content-field,Proposed English copy for bilingual implementation; review brand/proper-name spelling before production.
SMART-I18N-1775,database_public_cms,projects .json::نظام إدارة طلبات الصيانة والبلاغات الذكي,features[6],كشف المهام المتأخرة تلقائيًا وإشعار المهندسين بها,Automatic detection of overdue tasks with engineer notifications,add-en-content-field,Proposed English copy for bilingual implementation; review brand/proper-name spelling before production.
SMART-I18N-1776,database_public_cms,projects .json::نظام إدارة طلبات الصيانة والبلاغات الذكي,features[7],إشعارات لحظية عبر WebSocket,Real-time notifications through WebSocket,add-en-content-field,Proposed English copy for bilingual implementation; review brand/proper-name spelling before production.
SMART-I18N-1777,database_public_cms,projects .json::نظام إدارة طلبات الصيانة والبلاغات الذكي,features[8],لوحة تحكم وإحصائيات تفاعلية,Interactive dashboard and analytics,add-en-content-field,Proposed English copy for bilingual implementation; review brand/proper-name spelling before production.
SMART-I18N-1778,database_public_cms,projects .json::نظام إدارة طلبات الصيانة والبلاغات الذكي,features[9],تقارير احترافية بصيغ PDF وExcel.,Professional PDF and Excel reports.,add-en-content-field,Proposed English copy for bilingual implementation; review brand/proper-name spelling before production.
SMART-I18N-1779,database_public_cms,projects .json::نظام إدارة طلبات الصيانة والبلاغات الذكي,features[10],تصدير جماعي متقدم لطلبات الصيانة مع تتبع حي لنسبة التقدم.,Advanced bulk export of maintenance requests with live progress tracking.,add-en-content-field,Proposed English copy for bilingual implementation; review brand/proper-name spelling before production.
SMART-I18N-1780,database_public_cms,projects .json::نظام إدارة طلبات الصيانة والبلاغات الذكي,features[11],تقرير تفصيلي لكل طلب صيانة مع إمكانية المعاينة أو التنزيل,Detailed report for each maintenance request with preview and download options,add-en-content-field,Proposed English copy for bilingual implementation; review brand/proper-name spelling before production.
SMART-I18N-1781,database_public_cms,projects .json::نظام إدارة طلبات الصيانة والبلاغات الذكي,features[12],إدارة مرجعية كاملة للمواقع، الأقسام، الأنظمة، والآلات.,"Complete reference-data management for locations, departments, systems, and machines.",add-en-content-field,Proposed English copy for bilingual implementation; review brand/proper-name spelling before production.
SMART-I18N-1782,database_public_cms,projects .json::نظام إدارة طلبات الصيانة والبلاغات الذكي,features[13],دعم مكونات الآلة بحيث يمكن تنفيذ الصيانة على كامل الآلة أو على مكونات محددة فقط.,Support for machine components so maintenance can be performed on an entire machine or selected components only.,add-en-content-field,Proposed English copy for bilingual implementation; review brand/proper-name spelling before production.
SMART-I18N-1783,database_public_cms,projects .json::نظام إدارة طلبات الصيانة والبلاغات الذكي,features[14],صلاحيات متعددة متقدمة: مدير النظام، استشاري، مدير صيانة، مهندس، مراقب سلامة، مدير مشروع.,"Advanced multi-role permissions: System Administrator, Consultant, Maintenance Manager, Engineer, Safety Supervisor, and Project Manager.",add-en-content-field,Proposed English copy for bilingual implementation; review brand/proper-name spelling before production.
SMART-I18N-1784,database_public_cms,projects .json::نظام إدارة طلبات الصيانة والبلاغات الذكي,features[15],صلاحيات مبنية على الدور والإدارة؛ مثل تقييد بعض المستخدمين حسب الأقسام,"Role- and department-based permissions, including restricting selected users by department",add-en-content-field,Proposed English copy for bilingual implementation; review brand/proper-name spelling before production.
SMART-I18N-1785,database_public_cms,projects .json::نظام إدارة طلبات الصيانة والبلاغات الذكي,features[16],سجل عمليات Audit Log يوثق الإنشاء والتعديل والحذف وتغيير الحالة وتسجيل الدخول والخروج.,"Audit Log documenting creation, modification, deletion, status changes, sign-in, and sign-out.",add-en-content-field,Proposed English copy for bilingual implementation; review brand/proper-name spelling before production.
SMART-I18N-1786,database_public_cms,projects .json::نظام إدارة طلبات الصيانة والبلاغات الذكي,features[17],سلة محذوفات احترافية مع دعم الحذف الناعم والاستعادة والحذف النهائي.,"Professional recycle bin with soft delete, restore, and permanent deletion support.",add-en-content-field,Proposed English copy for bilingual implementation; review brand/proper-name spelling before production.
SMART-I18N-1787,database_public_cms,projects .json::نظام إدارة طلبات الصيانة والبلاغات الذكي,features[18],واجهة حديثة Responsive مناسبة للأجهزة المختلفة.,Modern responsive interface for different devices.,add-en-content-field,Proposed English copy for bilingual implementation; review brand/proper-name spelling before production.
SMART-I18N-1788,database_public_cms,projects .json::نظام إدارة طلبات الصيانة والبلاغات الذكي,features[19],دعم الوضع الداكن والفاتح.,Light and dark mode support.,add-en-content-field,Proposed English copy for bilingual implementation; review brand/proper-name spelling before production.
SMART-I18N-1789,database_public_cms,projects .json::نظام إدارة طلبات الصيانة والبلاغات الذكي,features[20],إمكانية تثبيت النظام كتطبيق PWA على الأجهزة.,Installable Progressive Web App (PWA).,add-en-content-field,Proposed English copy for bilingual implementation; review brand/proper-name spelling before production.
SMART-I18N-1790,database_public_cms,projects .json::نظام إدارة طلبات الصيانة والبلاغات الذكي,features[22],حماية تقنية عبر validation وhelmet و rate limiting وcaching,"Technical protection through validation, Helmet, rate limiting, and caching",add-en-content-field,Proposed English copy for bilingual implementation; review brand/proper-name spelling before production.
SMART-I18N-1791,database_public_cms,projects .json::نظام إدارة طلبات الصيانة والبلاغات الذكي,features[23],جاهزية نشر احترافية باستخدام Docker مع ملفات إعداد وتشغيل.,Production-ready Docker deployment with configuration and startup files.,add-en-content-field,Proposed English copy for bilingual implementation; review brand/proper-name spelling before production.
SMART-I18N-1792,database_public_cms,projects .json::نظام إدارة طلبات الصيانة والبلاغات الذكي,clientName,جامعة الملك سعود,King Saud University,add-en-content-field,Proposed English copy for bilingual implementation; review brand/proper-name spelling before production.
SMART-I18N-1793,database_public_cms,projects .json::نظام إدارة طلبات الصيانة والبلاغات الذكي,seo.metaTitle,نظام إدارة الصيانة والبلاغات | منصة ذكية للصيانة الوقائية والطارئة,Maintenance & Incident Management System | Smart Preventive and Emergency Maintenance Platform,add-en-content-field,Proposed English copy for bilingual implementation; review brand/proper-name spelling before production.
SMART-I18N-1794,database_public_cms,projects .json::نظام إدارة طلبات الصيانة والبلاغات الذكي,seo.metaDescription,منصة متكاملة لإدارة البلاغات وطلبات الصيانة والصيانة الوقائية داخل المنشآت، مع صلاحيات متعددة، إشعارات لحظية، تقارير PDF وExcel، ولوحات إحصائية تفاعلية.,"An integrated platform for managing incidents, maintenance requests, and preventive maintenance within facilities, with multiple roles, real-time notifications, PDF and Excel reports, and interactive dashboards.",add-en-content-field,Proposed English copy for bilingual implementation; review brand/proper-name spelling before production.
SMART-I18N-1795,database_public_cms,projects .json::نظام إدارة طلبات الصيانة والبلاغات الذكي,seo.keywords[0],نظام إدارة الصيانة,Maintenance Management System,add-en-content-field,Proposed English copy for bilingual implementation; review brand/proper-name spelling before production.
SMART-I18N-1796,database_public_cms,projects .json::نظام إدارة طلبات الصيانة والبلاغات الذكي,seo.keywords[1],نظام البلاغات,Incident Management System,add-en-content-field,Proposed English copy for bilingual implementation; review brand/proper-name spelling before production.
SMART-I18N-1797,database_public_cms,projects .json::نظام إدارة طلبات الصيانة والبلاغات الذكي,seo.keywords[2],طلبات الصيانة,Maintenance Requests,add-en-content-field,Proposed English copy for bilingual implementation; review brand/proper-name spelling before production.
SMART-I18N-1798,database_public_cms,projects .json::نظام إدارة طلبات الصيانة والبلاغات الذكي,seo.keywords[3],الصيانة الوقائية,Preventive Maintenance,add-en-content-field,Proposed English copy for bilingual implementation; review brand/proper-name spelling before production.
SMART-I18N-1799,database_public_cms,projects .json::نظام إدارة طلبات الصيانة والبلاغات الذكي,seo.keywords[4],إدارة التشغيل والصيانة,Operations and Maintenance Management,add-en-content-field,Proposed English copy for bilingual implementation; review brand/proper-name spelling before production.
SMART-I18N-1800,database_public_cms,projects .json::نظام إدارة طلبات الصيانة والبلاغات الذكي,duration,شهر,1 Month,add-en-content-field,Proposed English copy for bilingual implementation; review brand/proper-name spelling before production.
SMART-I18N-1801,database_public_cms,projects .json::نظام إدارة طلبات الصيانة والبلاغات الذكي,industry,تعليم,Education,add-en-content-field,Proposed English copy for bilingual implementation; review brand/proper-name spelling before production.
SMART-I18N-1802,database_public_cms,projects .json::منصة المرحومي لكتالوج المنتجات وطلبات عروض الأسعار,title,منصة المرحومي لكتالوج المنتجات وطلبات عروض الأسعار,Al-Marhomi Product Catalog and Request-for-Quotation Platform,add-en-content-field,Proposed English copy for bilingual implementation; review brand/proper-name spelling before production.
SMART-I18N-1803,database_public_cms,projects .json::منصة المرحومي لكتالوج المنتجات وطلبات عروض الأسعار,summary,نظام متكامل يخدم عملاء مؤسسة المرحومي وفريقها التشغيلي عبر واجهة متجر عربية وإنجليزية، ولوحة تحكم إدارية، وواجهة برمجية مبنية بـ NestJS وPostgreSQL. يتيح تصفح الأقسام والعلامات التجارية والمنتجات، واختيار الموديلات ومقارنة مواصفاتها، وإضافة كميات عشرية وملاحظات إلى سلة عرض السعر، وإرسال الطلب وتتبع حالته، بينما تدير لوحة التحكم الكتالوج والوسائط والطلبات وجهات الاتصال والإشعارات والتقارير والصلاحيات وسجل العمليات,"An integrated system serving Al-Marhomi Establishment customers and operations staff through an Arabic-English storefront, an admin dashboard, and a NestJS/PostgreSQL API. Customers can browse categories, brands, and products, select models, compare specifications, add decimal quantities and notes to an RFQ cart, submit requests, and track their status. The admin dashboard manages the catalog, media, requests, contacts, notifications, reports, permissions, and audit trail.",add-en-content-field,Proposed English copy for bilingual implementation; review brand/proper-name spelling before production.
SMART-I18N-1804,database_public_cms,projects .json::منصة المرحومي لكتالوج المنتجات وطلبات عروض الأسعار,challenge,كان المطلوب تحويل عرض المنتجات المتعدد الأقسام والموديلات إلى تجربة رقمية منظمة تسمح للعميل بتحديد المنتج والموديل والكمية المطلوبة وإرسال استفسار تجاري، مع تجنب منطق الأسعار والدفع والشحن الخاص بالمتاجر التقليدية.,"The requirement was to transform a multi-category, multi-model product offering into an organized digital experience where customers can select a product, model, and required quantity and submit a commercial inquiry, without introducing the pricing, payment, and shipping logic of a traditional e-commerce store.",add-en-content-field,Proposed English copy for bilingual implementation; review brand/proper-name spelling before production.
SMART-I18N-1805,database_public_cms,projects .json::منصة المرحومي لكتالوج المنتجات وطلبات عروض الأسعار,solution,تم بناء معمارية من ثلاثة أجزاء مترابطة: واجهة متجر تدعم العرض من الخادم وتحسين محركات البحث، ولوحة إدارة محمية بصلاحيات دقيقة، وواجهة REST تنفذ دورة طلب عرض السعر بمعاملات قاعدة بيانات وسجلات حالة ونسخ ثابتة من بيانات العناصر. أضيفت كذلك معالجة صور غير متزامنة عبر PostgreSQL مع تحويل WebP وإزالة خلفية اختيارية وعلامة مائية، إلى جانب الاستيراد والتصدير عبر Excel والإشعارات وصندوق أحداث موثوق.,"A three-part architecture was built: a server-rendered, search-optimized storefront; a permission-protected admin dashboard; and a REST API that executes the RFQ lifecycle using database transactions, status history, and immutable snapshots of request items. Asynchronous image processing through PostgreSQL was also added, including WebP conversion, optional background removal, and watermarking, alongside Excel import/export, notifications, and a reliable event outbox.",add-en-content-field,Proposed English copy for bilingual implementation; review brand/proper-name spelling before production.
SMART-I18N-1806,database_public_cms,projects .json::منصة المرحومي لكتالوج المنتجات وطلبات عروض الأسعار,results[0].label,تجربة مستخدم عالمية ومقارنة ذكية للمنتجات,Global User Experience and Smart Product Comparison,add-en-content-field,Proposed English copy for bilingual implementation; review brand/proper-name spelling before production.
SMART-I18N-1807,database_public_cms,projects .json::منصة المرحومي لكتالوج المنتجات وطلبات عروض الأسعار,results[0].value,إطلاق كتالوج منتجات تفاعلي ثنائي اللغة يكسر حاجز اللغة ويصل لشريحة أوسع من العملاء. يتيح الكتالوج استعراض المنتجات بموديلاتها المتعددة مع ميزة المقارنة المباشرة للمواصفات، مما يسهل على العميل اتخاذ قرار الشراء ويرفع من معدلات التحويل (Conversion Rates).,"Launched an interactive bilingual product catalog that removes the language barrier and reaches a wider customer base. Customers can browse products with multiple models and compare specifications directly, making purchase decisions easier and supporting higher conversion rates.",add-en-content-field,Proposed English copy for bilingual implementation; review brand/proper-name spelling before production.
SMART-I18N-1808,database_public_cms,projects .json::منصة المرحومي لكتالوج المنتجات وطلبات عروض الأسعار,results[1].label,مرونة فائقة في تلبية الطلبات التجارية (B2B),Exceptional Flexibility for B2B Commercial Requests,add-en-content-field,Proposed English copy for bilingual implementation; review brand/proper-name spelling before production.
SMART-I18N-1809,database_public_cms,projects .json::منصة المرحومي لكتالوج المنتجات وطلبات عروض الأسعار,results[1].value,تطوير سلة طلبات عروض أسعار متقدمة تدعم إدخال الكميات بالأرقام العشرية، مما يلبي الاحتياجات الدقيقة والمخصصة للعملاء والموردين، ويسهل عمليات التسعير المخصصة للمواد التي تتطلب قياسات دقيقة.,"Developed an advanced quotation-request cart that supports decimal quantities, meeting precise and customized requirements for customers and suppliers and simplifying custom pricing for materials that require exact measurements.",add-en-content-field,Proposed English copy for bilingual implementation; review brand/proper-name spelling before production.
SMART-I18N-1810,database_public_cms,projects .json::منصة المرحومي لكتالوج المنتجات وطلبات عروض الأسعار,results[2].label,شفافية تامة وبناء ثقة مستدامة مع العملاء,Complete Transparency and Sustainable Customer Trust,add-en-content-field,Proposed English copy for bilingual implementation; review brand/proper-name spelling before production.
SMART-I18N-1811,database_public_cms,projects .json::منصة المرحومي لكتالوج المنتجات وطلبات عروض الأسعار,results[2].value,تزويد كل عملية برقم طلب فريد ورمز تتبع عام، مما يمنح العملاء القدرة على متابعة حالة طلباتهم بشفافية تامة واستقلالية، ويقلل من الضغط على خدمة العملاء مع رفع مستوى الرضا والولاء.,"Every request receives a unique request number and public tracking code, giving customers independent and transparent visibility into request status, reducing pressure on customer service, and improving satisfaction and loyalty.",add-en-content-field,Proposed English copy for bilingual implementation; review brand/proper-name spelling before production.
SMART-I18N-1812,database_public_cms,projects .json::منصة المرحومي لكتالوج المنتجات وطلبات عروض الأسعار,results[3].label,أتمتة إدارية ذكية لتسريع دورة العمل,Smart Administrative Automation to Accelerate the Workflow,add-en-content-field,Proposed English copy for bilingual implementation; review brand/proper-name spelling before production.
SMART-I18N-1813,database_public_cms,projects .json::منصة المرحومي لكتالوج المنتجات وطلبات عروض الأسعار,results[3].value,بناء مسار إداري متكامل (Workflow) يتيح لفريق العمل تعيين الطلبات للموظفين المختصين، وتحديث حالاتها بسلاسة، مع توثيق كافة الملاحظات وقنوات التواصل في مكان واحد، مما يرفع من كفاءة التشغيل ويقلل من الأخطاء البشرية.,"Built an integrated administrative workflow that lets the team assign requests to the appropriate staff, update statuses smoothly, and document all notes and communication channels in one place, improving operational efficiency and reducing human error.",add-en-content-field,Proposed English copy for bilingual implementation; review brand/proper-name spelling before production.
SMART-I18N-1814,database_public_cms,projects .json::منصة المرحومي لكتالوج المنتجات وطلبات عروض الأسعار,results[4].label,حماية سيبرانية وإدارة دقيقة لبيئة العمل,Cybersecurity and Granular Workplace Administration,add-en-content-field,Proposed English copy for bilingual implementation; review brand/proper-name spelling before production.
SMART-I18N-1815,database_public_cms,projects .json::منصة المرحومي لكتالوج المنتجات وطلبات عروض الأسعار,results[4].value,"تأمين المنصة بأحدث أنظمة المصادقة وإدارة الجلسات (مع التجديد التلقائي للرموز الموثوقة). كما يتيح النظام تحكماً دقيقاً عبر تخصيص ""الأدوار والصلاحيات""، مما يضمن عدم وصول أي مستخدم إلا للبيانات والوظائف المطابقة لمهام عمله.","Secured the platform with modern authentication and session-management mechanisms, including trusted token renewal. The system also provides granular role and permission controls so each user can access only the data and functions relevant to their responsibilities.",add-en-content-field,Proposed English copy for bilingual implementation; review brand/proper-name spelling before production.
SMART-I18N-1816,database_public_cms,projects .json::منصة المرحومي لكتالوج المنتجات وطلبات عروض الأسعار,results[5].label,رقابة شاملة وقرارات استراتيجية مبنية على البيانات,Comprehensive Oversight and Data-Driven Strategic Decisions,add-en-content-field,Proposed English copy for bilingual implementation; review brand/proper-name spelling before production.
SMART-I18N-1817,database_public_cms,projects .json::منصة المرحومي لكتالوج المنتجات وطلبات عروض الأسعار,results[5].value,دمج سجل تدقيق متكامل (Audit Log) لتتبع كافة الإجراءات والتغييرات التي تتم على النظام، مدعوماً بلوحات تحليلات تشغيلية دقيقة توفر للإدارة رؤى واضحة حول أداء المنصة، مما يدعم اتخاذ القرارات الاستراتيجية بثقة.,"Integrated a complete Audit Log to track system actions and changes, supported by detailed operational analytics dashboards that give management clear visibility into platform performance and enable confident strategic decision-making.",add-en-content-field,Proposed English copy for bilingual implementation; review brand/proper-name spelling before production.
SMART-I18N-1818,database_public_cms,projects .json::منصة المرحومي لكتالوج المنتجات وطلبات عروض الأسعار,results[6].label,بنية تحتية مستقرة وقابلة للتوسع المستقبلي,Stable Infrastructure Designed for Future Scale,add-en-content-field,Proposed English copy for bilingual implementation; review brand/proper-name spelling before production.
SMART-I18N-1819,database_public_cms,projects .json::منصة المرحومي لكتالوج المنتجات وطلبات عروض الأسعار,results[6].value,"ضمان استمرارية العمل بأعلى جودة وخلو النظام من الثغرات من خلال اختبارات الأمان والعقود المسبقة وفحوصات الصحة الدورية. كما تم بناء المشروع على ""حاويات نشر مستقلة"" (Containers) تضمن سرعة التحديث والتوسع المستقبلي في استيعاب الزيارات دون أي انقطاع في الخدمة.","Maintained high-quality continuity and reduced vulnerabilities through security testing, contract checks, and recurring health checks. The project was also built with independently deployable containers that support rapid updates and future traffic scaling without service interruption.",add-en-content-field,Proposed English copy for bilingual implementation; review brand/proper-name spelling before production.
SMART-I18N-1820,database_public_cms,projects .json::منصة المرحومي لكتالوج المنتجات وطلبات عروض الأسعار,features[0],عرض المنتجات على شكل كتالوج إلكتروني احترافي بدل متجر بيع تقليدي.,Professional digital product catalog instead of a traditional online retail store.,add-en-content-field,Proposed English copy for bilingual implementation; review brand/proper-name spelling before production.
SMART-I18N-1821,database_public_cms,projects .json::منصة المرحومي لكتالوج المنتجات وطلبات عروض الأسعار,features[1],نظام طلب عرض سعر (RFQ) بدل الدفع والشراء المباشر.,Request-for-Quotation (RFQ) system instead of direct payment and purchase.,add-en-content-field,Proposed English copy for bilingual implementation; review brand/proper-name spelling before production.
SMART-I18N-1822,database_public_cms,projects .json::منصة المرحومي لكتالوج المنتجات وطلبات عروض الأسعار,features[2],إمكانية إضافة المنتجات إلى السلة مع تحديد الكميات المطلوبة ثم إرسال الطلب.,"Add products to a cart, specify required quantities, and submit the request.",add-en-content-field,Proposed English copy for bilingual implementation; review brand/proper-name spelling before production.
SMART-I18N-1823,database_public_cms,projects .json::منصة المرحومي لكتالوج المنتجات وطلبات عروض الأسعار,features[3],هيكل متكامل للفئات: فئات رئيسية + فئات فرعية.,Integrated category hierarchy: main categories and subcategories.,add-en-content-field,Proposed English copy for bilingual implementation; review brand/proper-name spelling before production.
SMART-I18N-1824,database_public_cms,projects .json::منصة المرحومي لكتالوج المنتجات وطلبات عروض الأسعار,features[4],فلترة المنتجات حسب الفئات والفئات الفرعية.,Product filtering by category and subcategory.,add-en-content-field,Proposed English copy for bilingual implementation; review brand/proper-name spelling before production.
SMART-I18N-1825,database_public_cms,projects .json::منصة المرحومي لكتالوج المنتجات وطلبات عروض الأسعار,features[5],دعم المنتج الذي يحتوي على عدة موديلات.,Support for products with multiple models.,add-en-content-field,Proposed English copy for bilingual implementation; review brand/proper-name spelling before production.
SMART-I18N-1826,database_public_cms,projects .json::منصة المرحومي لكتالوج المنتجات وطلبات عروض الأسعار,features[6],مواصفات مستقلة لكل موديل من المنتج.,Independent specifications for each product model.,add-en-content-field,Proposed English copy for bilingual implementation; review brand/proper-name spelling before production.
SMART-I18N-1827,database_public_cms,projects .json::منصة المرحومي لكتالوج المنتجات وطلبات عروض الأسعار,features[7],دعم صور متعددة للمنتجات والموديلات.,Multiple images for products and models.,add-en-content-field,Proposed English copy for bilingual implementation; review brand/proper-name spelling before production.
SMART-I18N-1828,database_public_cms,projects .json::منصة المرحومي لكتالوج المنتجات وطلبات عروض الأسعار,features[8],إدارة العلامات التجارية Brands.,Brand management.,add-en-content-field,Proposed English copy for bilingual implementation; review brand/proper-name spelling before production.
SMART-I18N-1829,database_public_cms,projects .json::منصة المرحومي لكتالوج المنتجات وطلبات عروض الأسعار,features[9],إدارة المواصفات والخصائص الفنية للمنتجات.,Product specification and technical-attribute management.,add-en-content-field,Proposed English copy for bilingual implementation; review brand/proper-name spelling before production.
SMART-I18N-1830,database_public_cms,projects .json::منصة المرحومي لكتالوج المنتجات وطلبات عروض الأسعار,features[10],بحث وفلترة متقدمة للوصول للمنتجات بسرعة.,Advanced search and filtering for fast product discovery.,add-en-content-field,Proposed English copy for bilingual implementation; review brand/proper-name spelling before production.
SMART-I18N-1831,database_public_cms,projects .json::منصة المرحومي لكتالوج المنتجات وطلبات عروض الأسعار,features[11],صفحة تفاصيل متكاملة لكل منتج وموديل.,Complete detail page for every product and model.,add-en-content-field,Proposed English copy for bilingual implementation; review brand/proper-name spelling before production.
SMART-I18N-1832,database_public_cms,projects .json::منصة المرحومي لكتالوج المنتجات وطلبات عروض الأسعار,features[12],واجهة متجر حديثة ومتجاوبة مع الجوال والكمبيوتر.,Modern storefront responsive across mobile and desktop.,add-en-content-field,Proposed English copy for bilingual implementation; review brand/proper-name spelling before production.
SMART-I18N-1833,database_public_cms,projects .json::منصة المرحومي لكتالوج المنتجات وطلبات عروض الأسعار,features[13],لوحة تحكم إدارية متكاملة لإدارة المحتوى والمنتجات.,Integrated admin dashboard for content and product management.,add-en-content-field,Proposed English copy for bilingual implementation; review brand/proper-name spelling before production.
SMART-I18N-1834,database_public_cms,projects .json::منصة المرحومي لكتالوج المنتجات وطلبات عروض الأسعار,features[14],إدارة الطلبات وطلبات عروض الأسعار.,Request and RFQ management.,add-en-content-field,Proposed English copy for bilingual implementation; review brand/proper-name spelling before production.
SMART-I18N-1835,database_public_cms,projects .json::منصة المرحومي لكتالوج المنتجات وطلبات عروض الأسعار,features[15],إدارة جهات الاتصال واستفسارات العملاء.,Contact and customer-inquiry management.,add-en-content-field,Proposed English copy for bilingual implementation; review brand/proper-name spelling before production.
SMART-I18N-1836,database_public_cms,projects .json::منصة المرحومي لكتالوج المنتجات وطلبات عروض الأسعار,features[16],إدارة شجرة الأقسام والفئات.,Category-tree management.,add-en-content-field,Proposed English copy for bilingual implementation; review brand/proper-name spelling before production.
SMART-I18N-1837,database_public_cms,projects .json::منصة المرحومي لكتالوج المنتجات وطلبات عروض الأسعار,features[17],إدارة الوسائط والصور من لوحة التحكم.,Media and image management from the admin dashboard.,add-en-content-field,Proposed English copy for bilingual implementation; review brand/proper-name spelling before production.
SMART-I18N-1838,database_public_cms,projects .json::منصة المرحومي لكتالوج المنتجات وطلبات عروض الأسعار,features[18],معالجة الصور وإضافة العلامة المائية تلقائيًا.,Image processing with automatic watermarking.,add-en-content-field,Proposed English copy for bilingual implementation; review brand/proper-name spelling before production.
SMART-I18N-1839,database_public_cms,projects .json::منصة المرحومي لكتالوج المنتجات وطلبات عروض الأسعار,features[19],الاحتفاظ بالصور الأصلية بصورة منفصلة عن الصور المعالجة.,Original images retained separately from processed versions.,add-en-content-field,Proposed English copy for bilingual implementation; review brand/proper-name spelling before production.
SMART-I18N-1840,database_public_cms,projects .json::منصة المرحومي لكتالوج المنتجات وطلبات عروض الأسعار,features[20],نظام إشعارات داخل لوحة التحكم، خصوصًا للطلبات الجديدة.,"In-dashboard notification system, especially for new requests.",add-en-content-field,Proposed English copy for bilingual implementation; review brand/proper-name spelling before production.
SMART-I18N-1841,database_public_cms,projects .json::منصة المرحومي لكتالوج المنتجات وطلبات عروض الأسعار,features[21],إدارة حالات المنتجات مثل مسودة / منشور.,Product-state management such as Draft / Published.,add-en-content-field,Proposed English copy for bilingual implementation; review brand/proper-name spelling before production.
SMART-I18N-1842,database_public_cms,projects .json::منصة المرحومي لكتالوج المنتجات وطلبات عروض الأسعار,features[22],التحقق من الحقول المطلوبة قبل نشر المنتج مع رسائل أخطاء واضحة.,"Required-field validation before publishing, with clear error messages.",add-en-content-field,Proposed English copy for bilingual implementation; review brand/proper-name spelling before production.
SMART-I18N-1843,database_public_cms,projects .json::منصة المرحومي لكتالوج المنتجات وطلبات عروض الأسعار,features[23],سجل عمليات Audit Log لمتابعة الإجراءات الإدارية.,Audit Log for tracking administrative actions.,add-en-content-field,Proposed English copy for bilingual implementation; review brand/proper-name spelling before production.
SMART-I18N-1844,database_public_cms,projects .json::منصة المرحومي لكتالوج المنتجات وطلبات عروض الأسعار,features[24],قسم تقارير وإحصائيات داخل لوحة التحكم.,Reports and analytics section inside the admin dashboard.,add-en-content-field,Proposed English copy for bilingual implementation; review brand/proper-name spelling before production.
SMART-I18N-1845,database_public_cms,projects .json::منصة المرحومي لكتالوج المنتجات وطلبات عروض الأسعار,features[25],تحسينات SEO احترافية,Professional SEO enhancements,add-en-content-field,Proposed English copy for bilingual implementation; review brand/proper-name spelling before production.
SMART-I18N-1846,database_public_cms,projects .json::منصة المرحومي لكتالوج المنتجات وطلبات عروض الأسعار,features[26],ملفات robots.txt و sitemap.xml جاهزة لتحسين الأرشفة.,robots.txt and sitemap.xml files prepared for better indexing.,add-en-content-field,Proposed English copy for bilingual implementation; review brand/proper-name spelling before production.
SMART-I18N-1847,database_public_cms,projects .json::منصة المرحومي لكتالوج المنتجات وطلبات عروض الأسعار,features[27],تصميم وهوية بصرية موحدة بين المتجر ولوحة التحكم.,Unified visual identity across the storefront and admin dashboard.,add-en-content-field,Proposed English copy for bilingual implementation; review brand/proper-name spelling before production.
SMART-I18N-1848,database_public_cms,projects .json::منصة المرحومي لكتالوج المنتجات وطلبات عروض الأسعار,features[28],دعم واجهة عربية وتهيئة مناسبة لـ RTL.,Arabic interface support with proper RTL preparation.,add-en-content-field,Proposed English copy for bilingual implementation; review brand/proper-name spelling before production.
SMART-I18N-1849,database_public_cms,projects .json::منصة المرحومي لكتالوج المنتجات وطلبات عروض الأسعار,features[29],Backend API مستقل قابل للتوسع والتكامل مع تطبيقات أو أنظمة أخرى مستقبلًا.,Independent Backend API designed for future scaling and integration with other applications or systems.,add-en-content-field,Proposed English copy for bilingual implementation; review brand/proper-name spelling before production.
SMART-I18N-1850,database_public_cms,projects .json::منصة المرحومي لكتالوج المنتجات وطلبات عروض الأسعار,features[30],بنية منفصلة إلى Backend + Store Frontend + Admin Dashboard مما يسهل الصيانة والتطوير والنشر.,"Separated Backend + Store Frontend + Admin Dashboard architecture for easier maintenance, development, and deployment.",add-en-content-field,Proposed English copy for bilingual implementation; review brand/proper-name spelling before production.
SMART-I18N-1851,database_public_cms,projects .json::منصة المرحومي لكتالوج المنتجات وطلبات عروض الأسعار,features[31],قابل للتوسع مستقبلًا لإضافة المزيد من الخدمات، التكاملات أو أنظمة الطلبات دون إعادة بناء المشروع من البداية.,"Designed to add future services, integrations, or request systems without rebuilding the project from scratch.",add-en-content-field,Proposed English copy for bilingual implementation; review brand/proper-name spelling before production.
SMART-I18N-1852,database_public_cms,projects .json::منصة المرحومي لكتالوج المنتجات وطلبات عروض الأسعار,clientName,شركة علي سعيد المرحومي الغامدي وأبنائه المحدودة,Ali Saeed Al-Marhomi Al-Ghamdi & Sons Co. Ltd.,add-en-content-field,Proposed English copy for bilingual implementation; review brand/proper-name spelling before production.
SMART-I18N-1853,database_public_cms,projects .json::منصة المرحومي لكتالوج المنتجات وطلبات عروض الأسعار,seo.metaTitle,كتالوج المرحومي الرقمي | منصة عرض وإدارة المنتجات والفئات باحترافية,Al-Marhomi Digital Catalog | Professional Product & Category Showcase Platform,add-en-content-field,Proposed English copy for bilingual implementation; review brand/proper-name spelling before production.
SMART-I18N-1854,database_public_cms,projects .json::منصة المرحومي لكتالوج المنتجات وطلبات عروض الأسعار,seo.metaDescription,منصة رقمية متكاملة لعرض وإدارة المنتجات والفئات والصور، مع لوحة تحكم داخلية، معالجة صور بعلامة مائية، بحث وفلاتر، وصفحات تفاصيل، وتكامل SEO وتجربة تصفح حديثة.,"An integrated digital platform for showcasing and managing products, categories, and images, with an internal admin dashboard, watermarked image processing, search and filters, detail pages, SEO integration, and a modern browsing experience.",add-en-content-field,Proposed English copy for bilingual implementation; review brand/proper-name spelling before production.
SMART-I18N-1855,database_public_cms,projects .json::منصة المرحومي لكتالوج المنتجات وطلبات عروض الأسعار,seo.keywords[0],كتالوج المرحومي,Al-Marhomi Catalog,add-en-content-field,Proposed English copy for bilingual implementation; review brand/proper-name spelling before production.
SMART-I18N-1856,database_public_cms,projects .json::منصة المرحومي لكتالوج المنتجات وطلبات عروض الأسعار | projects .json::موقع الوصابي للتجارة,seo.keywords[1] | seo.keywords[3],كتالوج منتجات,Product Catalog,add-en-content-field,Proposed English copy for bilingual implementation; review brand/proper-name spelling before production.
SMART-I18N-1857,database_public_cms,projects .json::منصة المرحومي لكتالوج المنتجات وطلبات عروض الأسعار,seo.keywords[2],منصة عرض منتجات,Product Showcase Platform,add-en-content-field,Proposed English copy for bilingual implementation; review brand/proper-name spelling before production.
SMART-I18N-1858,database_public_cms,projects .json::منصة المرحومي لكتالوج المنتجات وطلبات عروض الأسعار,seo.keywords[3],إدارة كتالوج المنتجات,Product Catalog Management,add-en-content-field,Proposed English copy for bilingual implementation; review brand/proper-name spelling before production.
SMART-I18N-1859,database_public_cms,projects .json::منصة المرحومي لكتالوج المنتجات وطلبات عروض الأسعار,seo.keywords[4],موقع عرض منتجات,Product Showcase Website,add-en-content-field,Proposed English copy for bilingual implementation; review brand/proper-name spelling before production.
SMART-I18N-1860,database_public_cms,projects .json::منصة المرحومي لكتالوج المنتجات وطلبات عروض الأسعار,seo.keywords[5],لوحة تحكم منتجات,Product Admin Dashboard,add-en-content-field,Proposed English copy for bilingual implementation; review brand/proper-name spelling before production.
SMART-I18N-1861,database_public_cms,projects .json::منصة المرحومي لكتالوج المنتجات وطلبات عروض الأسعار,seo.keywords[6],إدارة الصور والمنتجات,Image and Product Management,add-en-content-field,Proposed English copy for bilingual implementation; review brand/proper-name spelling before production.
SMART-I18N-1862,database_public_cms,projects .json::متجر النجوم تليكوم,title | seo.keywords[0],متجر النجوم تليكوم,Najoom Telecom Store,add-en-content-field,Proposed English copy for bilingual implementation; review brand/proper-name spelling before production.
SMART-I18N-1863,database_public_cms,projects .json::متجر النجوم تليكوم,summary,منصة تجارة إلكترونية لمتجر النجوم تليكوم لبيع منتجات التقنية والإلكترونيات، تضم واجهة تسوق للعملاء ولوحة إدارة تشغيلية متصلة بواجهة API مركزية.,"An e-commerce platform for Najoom Telecom to sell technology and electronics products, combining a customer storefront with an operational admin dashboard connected to a centralized API.",add-en-content-field,Proposed English copy for bilingual implementation; review brand/proper-name spelling before production.
SMART-I18N-1864,database_public_cms,projects .json::متجر النجوم تليكوم,challenge,الحاجة إلى تشغيل متجر للاتصالات والإلكترونيات من منظومة مركزية تربط الكتالوج والمخزون والطلبات والمدفوعات والتوصيل وخدمة العملاء، مع الحفاظ على اتساق المخزون وحالات الطلب والدفع أثناء العمليات التجارية.,"The challenge was to operate a telecom and electronics store through a centralized ecosystem connecting the catalog, inventory, orders, payments, delivery, and customer service while maintaining consistent inventory and order/payment states throughout commercial operations.",add-en-content-field,Proposed English copy for bilingual implementation; review brand/proper-name spelling before production.
SMART-I18N-1865,database_public_cms,projects .json::متجر النجوم تليكوم,solution,تم بناء منظومة تجارة إلكترونية مخصصة لمتجر النجوم تليكوم تتكون من واجهة متجر ثنائية اللغة للعملاء، ولوحة إدارة تشغيلية، وBackend API مركزي. تربط المنظومة إدارة المنتجات والمتغيرات والمخزون متعدد المخازن بالطلبات وطرق الدفع والتوصيل وحسابات العملاء، مع دورة Checkout معاملية وآليات لحجز المخزون، وإدارة صلاحيات فريق العمل، والإشعارات والعمليات الخلفية والتقارير والتحليلات.,"A custom e-commerce ecosystem was built for Najoom Telecom consisting of a bilingual customer storefront, an operational admin dashboard, and a centralized Backend API. The system connects products, variants, and multi-warehouse inventory with orders, payment methods, delivery, and customer accounts. It includes a transactional checkout workflow, inventory reservations, staff roles and permissions, notifications, background jobs, reports, and analytics.",add-en-content-field,Proposed English copy for bilingual implementation; review brand/proper-name spelling before production.
SMART-I18N-1866,database_public_cms,projects .json::متجر النجوم تليكوم,results[0].label,توحيد تشغيل المتجر,Unified Store Operations,add-en-content-field,Proposed English copy for bilingual implementation; review brand/proper-name spelling before production.
SMART-I18N-1867,database_public_cms,projects .json::متجر النجوم تليكوم,results[0].value,جمع إدارة الكتالوج والمخزون والطلبات والمدفوعات والعملاء والتسويق داخل منظومة تشغيل مترابطة.,"Combined catalog, inventory, order, payment, customer, and marketing management in one connected operating system.",add-en-content-field,Proposed English copy for bilingual implementation; review brand/proper-name spelling before production.
SMART-I18N-1868,database_public_cms,projects .json::متجر النجوم تليكوم,results[1].label,حماية دورة إنشاء الطلب,Protected Order-Creation Lifecycle,add-en-content-field,Proposed English copy for bilingual implementation; review brand/proper-name spelling before production.
SMART-I18N-1869,database_public_cms,projects .json::متجر النجوم تليكوم,results[1].value,ربط إنشاء الطلب وحجز المخزون والتسعير والدفع والخصومات ضمن عملية معاملية تدعم Idempotency وتحد من تكرار الطلبات أو تعارض البيانات.,"Connected order creation, inventory reservation, pricing, payment, and discounts within a transactional process that supports idempotency and reduces duplicate orders and data conflicts.",add-en-content-field,Proposed English copy for bilingual implementation; review brand/proper-name spelling before production.
SMART-I18N-1870,database_public_cms,projects .json::متجر النجوم تليكوم,results[2].label,فصل الصلاحيات التشغيلية,Operational Permission Separation,add-en-content-field,Proposed English copy for bilingual implementation; review brand/proper-name spelling before production.
SMART-I18N-1871,database_public_cms,projects .json::متجر النجوم تليكوم,results[2].value,توفير أدوار مختلفة لفريق المتجر مع صلاحيات مخصصة لإدارة الطلبات والمنتجات والمخزون والعملاء والتسويق والحسابات.,"Provided different staff roles with tailored permissions for order, product, inventory, customer, marketing, and accounting management.",add-en-content-field,Proposed English copy for bilingual implementation; review brand/proper-name spelling before production.
SMART-I18N-1872,database_public_cms,projects .json::متجر النجوم تليكوم,results[3].label,إدارة مخزون أكثر اتساقًا,More Consistent Inventory Management,add-en-content-field,Proposed English copy for bilingual implementation; review brand/proper-name spelling before production.
SMART-I18N-1873,database_public_cms,projects .json::متجر النجوم تليكوم,results[3].value,ربط المتغيرات بالمخازن وحجوزات المخزون ودورة تنفيذ الطلب بدل الاعتماد على كمية منتج منفصلة عن العمليات التجارية.,"Linked variants to warehouses, inventory reservations, and order fulfillment instead of relying on product quantities disconnected from commercial operations.",add-en-content-field,Proposed English copy for bilingual implementation; review brand/proper-name spelling before production.
SMART-I18N-1874,database_public_cms,projects .json::متجر النجوم تليكوم,results[4].label,توفير خدمات ذاتية للعملاء,Customer Self-Service,add-en-content-field,Proposed English copy for bilingual implementation; review brand/proper-name spelling before production.
SMART-I18N-1875,database_public_cms,projects .json::متجر النجوم تليكوم,results[4].value,تمكين العميل من إدارة حسابه وعناوينه وطلباته ومفضلته وتقييماته ونقاط الولاء والإشعارات وطلبات الدعم من واجهة واحدة.,"Enabled customers to manage their account, addresses, orders, favorites, reviews, loyalty points, notifications, and support requests from one interface.",add-en-content-field,Proposed English copy for bilingual implementation; review brand/proper-name spelling before production.
SMART-I18N-1876,database_public_cms,projects .json::متجر النجوم تليكوم,features[0],إدارة متكاملة للمنتجات والمتغيرات والتصنيفات والعلامات التجارية والمواصفات,"Integrated product, variant, category, brand, and specification management",add-en-content-field,Proposed English copy for bilingual implementation; review brand/proper-name spelling before production.
SMART-I18N-1877,database_public_cms,projects .json::متجر النجوم تليكوم,features[1],بحث وفلاتر للكتالوج مع دعم خصائص المنتجات والمتغيرات,Catalog search and filters with support for product and variant attributes,add-en-content-field,Proposed English copy for bilingual implementation; review brand/proper-name spelling before production.
SMART-I18N-1878,database_public_cms,projects .json::متجر النجوم تليكوم,features[2],إدارة المخزون والمخازن وحجوزات الكميات وتنبيهات إعادة التوفر,"Inventory, warehouse, quantity-reservation, and back-in-stock alert management",add-en-content-field,Proposed English copy for bilingual implementation; review brand/proper-name spelling before production.
SMART-I18N-1879,database_public_cms,projects .json::متجر النجوم تليكوم,features[3],سلة مشتريات وCheckout يدعم التوصيل والاستلام والكوبونات ونقاط الولاء,"Shopping cart and checkout supporting delivery, pickup, coupons, and loyalty points",add-en-content-field,Proposed English copy for bilingual implementation; review brand/proper-name spelling before production.
SMART-I18N-1880,database_public_cms,projects .json::متجر النجوم تليكوم,features[4],إدارة دورة الطلب والتجهيز والتوصيل وإنشاء الطلبات اليدوية,"Order lifecycle, preparation, delivery, and manual-order management",add-en-content-field,Proposed English copy for bilingual implementation; review brand/proper-name spelling before production.
SMART-I18N-1881,database_public_cms,projects .json::متجر النجوم تليكوم,features[5],إدارة طرق الدفع ومراجعة إثباتات الدفع والتحصيل عند الاستلام,"Payment-method management, payment-proof review, and cash on delivery",add-en-content-field,Proposed English copy for bilingual implementation; review brand/proper-name spelling before production.
SMART-I18N-1882,database_public_cms,projects .json::متجر النجوم تليكوم,features[6],حسابات عملاء تشمل العناوين والطلبات والمفضلة والتقييمات والإشعارات والدعم,"Customer accounts covering addresses, orders, favorites, reviews, notifications, and support",add-en-content-field,Proposed English copy for bilingual implementation; review brand/proper-name spelling before production.
SMART-I18N-1883,database_public_cms,projects .json::متجر النجوم تليكوم,features[7],إدارة الكوبونات والعروض المتقدمة وبرنامج الولاء والتسويق بالعمولة,"Coupons, advanced promotions, loyalty program, and affiliate marketing management",add-en-content-field,Proposed English copy for bilingual implementation; review brand/proper-name spelling before production.
SMART-I18N-1884,database_public_cms,projects .json::متجر النجوم تليكوم,features[8],إدارة السلات المتروكة واستعادتها,Abandoned-cart management and recovery,add-en-content-field,Proposed English copy for bilingual implementation; review brand/proper-name spelling before production.
SMART-I18N-1885,database_public_cms,projects .json::متجر النجوم تليكوم,features[9],إدارة فريق العمل بصلاحيات وأدوار تشغيلية مختلفة,Staff management with different operational roles and permissions,add-en-content-field,Proposed English copy for bilingual implementation; review brand/proper-name spelling before production.
SMART-I18N-1886,database_public_cms,projects .json::متجر النجوم تليكوم,features[10],لوحات تحليلات وتقارير للمبيعات والعملاء والمخزون والمدفوعات والعمليات,"Analytics and reporting dashboards for sales, customers, inventory, payments, and operations",add-en-content-field,Proposed English copy for bilingual implementation; review brand/proper-name spelling before production.
SMART-I18N-1887,database_public_cms,projects .json::متجر النجوم تليكوم,features[11],مركز دعم وإشعارات فورية وWebhooks وربط خارجي,"Support center, push notifications, webhooks, and external integrations",add-en-content-field,Proposed English copy for bilingual implementation; review brand/proper-name spelling before production.
SMART-I18N-1888,database_public_cms,projects .json::متجر النجوم تليكوم,clientName,فيصل الفزاعي,Faisal Al-Fazaei,add-en-content-field,Proposed English copy for bilingual implementation; review brand/proper-name spelling before production.
SMART-I18N-1889,database_public_cms,projects .json::متجر النجوم تليكوم,industry,التجارة الإلكترونية للاتصالات والإلكترونيات,Telecom and Electronics E-Commerce,add-en-content-field,Proposed English copy for bilingual implementation; review brand/proper-name spelling before production.
SMART-I18N-1890,database_public_cms,projects .json::متجر النجوم تليكوم,stats[0].label,المكونات التطبيقية,Application Components,add-en-content-field,Proposed English copy for bilingual implementation; review brand/proper-name spelling before production.
SMART-I18N-1891,database_public_cms,projects .json::متجر النجوم تليكوم,stats[0].description,واجهة متجر للعملاء، لوحة إدارة، وBackend API.,"Customer storefront, admin dashboard, and Backend API.",add-en-content-field,Proposed English copy for bilingual implementation; review brand/proper-name spelling before production.
SMART-I18N-1892,database_public_cms,projects .json::متجر النجوم تليكوم,stats[1].label,أدوار فريق المتجر,Store Staff Roles,add-en-content-field,Proposed English copy for bilingual implementation; review brand/proper-name spelling before production.
SMART-I18N-1893,database_public_cms,projects .json::متجر النجوم تليكوم,stats[1].description,دور المالك إضافة إلى 8 أدوار تشغيلية جاهزة بصلاحيات مختلفة.,Owner role plus 8 preconfigured operational roles with different permissions.,add-en-content-field,Proposed English copy for bilingual implementation; review brand/proper-name spelling before production.
SMART-I18N-1894,database_public_cms,projects .json::متجر النجوم تليكوم,stats[2].label,لغات واجهة المتجر,Storefront Languages,add-en-content-field,Proposed English copy for bilingual implementation; review brand/proper-name spelling before production.
SMART-I18N-1895,database_public_cms,projects .json::متجر النجوم تليكوم,stats[2].description,العربية والإنجليزية.,Arabic and English.,add-en-content-field,Proposed English copy for bilingual implementation; review brand/proper-name spelling before production.
SMART-I18N-1896,database_public_cms,projects .json::متجر النجوم تليكوم,seo.metaTitle,متجر النجوم تليكوم | منصة تجارة إلكترونية,Najoom Telecom Store | E-Commerce Platform,add-en-content-field,Proposed English copy for bilingual implementation; review brand/proper-name spelling before production.
SMART-I18N-1897,database_public_cms,projects .json::متجر النجوم تليكوم,seo.metaDescription,منصة تجارة إلكترونية لمتجر النجوم تليكوم تضم واجهة تسوق ثنائية اللغة ولوحة إدارة متكاملة لإدارة المنتجات والمخزون والطلبات والمدفوعات والعملاء.,"An e-commerce platform for Najoom Telecom featuring a bilingual storefront and an integrated admin dashboard for products, inventory, orders, payments, and customers.",add-en-content-field,Proposed English copy for bilingual implementation; review brand/proper-name spelling before production.
SMART-I18N-1898,database_public_cms,projects .json::متجر النجوم تليكوم,seo.keywords[1],تجارة إلكترونية,E-Commerce,add-en-content-field,Proposed English copy for bilingual implementation; review brand/proper-name spelling before production.
SMART-I18N-1899,database_public_cms,projects .json::متجر النجوم تليكوم,seo.keywords[2],متجر إلكترونيات,Electronics Store,add-en-content-field,Proposed English copy for bilingual implementation; review brand/proper-name spelling before production.
SMART-I18N-1900,database_public_cms,projects .json::متجر النجوم تليكوم,seo.keywords[3],متجر اتصالات,Telecom Store,add-en-content-field,Proposed English copy for bilingual implementation; review brand/proper-name spelling before production.
SMART-I18N-1901,database_public_cms,projects .json::متجر النجوم تليكوم,seo.keywords[4],إدارة المنتجات,Product Management,add-en-content-field,Proposed English copy for bilingual implementation; review brand/proper-name spelling before production.
SMART-I18N-1902,database_public_cms,projects .json::متجر النجوم تليكوم | projects .json::Kaleem Store — منصة SaaS للتجارة الإلكترونية,seo.keywords[5] | seo.keywords[7],إدارة المخزون,Inventory Management,add-en-content-field,Proposed English copy for bilingual implementation; review brand/proper-name spelling before production.
SMART-I18N-1903,database_public_cms,projects .json::متجر النجوم تليكوم | projects .json::Kaleem Store — منصة SaaS للتجارة الإلكترونية,seo.keywords[6],إدارة الطلبات,Order Management,add-en-content-field,Proposed English copy for bilingual implementation; review brand/proper-name spelling before production.
SMART-I18N-1904,database_public_cms,projects .json::متجر النجوم تليكوم,seo.keywords[7],لوحة تحكم متجر إلكتروني,E-Commerce Admin Dashboard,add-en-content-field,Proposed English copy for bilingual implementation; review brand/proper-name spelling before production.
SMART-I18N-1905,database_public_cms,projects .json::Mohd.dev — موقع Portfolio تقني ونظام إدارة محتوى,title,Mohd.dev — موقع Portfolio تقني ونظام إدارة محتوى,Mohd.dev — Technical Portfolio and Content Management System,add-en-content-field,Proposed English copy for bilingual implementation; review brand/proper-name spelling before production.
SMART-I18N-1906,database_public_cms,projects .json::Mohd.dev — موقع Portfolio تقني ونظام إدارة محتوى,summary,منصة ويب شخصية لمهندس برمجيات تجمع المشاريع والخدمات والتقنيات والمدونة والشهادات والمؤهلات في تجربة واحدة، مع لوحة إدارة متكاملة للتحكم بالمحتوى والنشر والوسائط والتواصل.,"A personal web platform for a software engineer that brings projects, services, technologies, blog content, certifications, and qualifications together in one experience, with an integrated admin dashboard for content, publishing, media, and communication management.",add-en-content-field,Proposed English copy for bilingual implementation; review brand/proper-name spelling before production.
SMART-I18N-1907,database_public_cms,projects .json::Mohd.dev — موقع Portfolio تقني ونظام إدارة محتوى,challenge,الحاجة إلى تقديم الهوية المهنية والأعمال والخدمات والخبرة التقنية والمحتوى المعرفي في منصة مركزية قابلة للتحديث، بدل الاعتماد على صفحات Portfolio ثابتة أو إدارة أقسام المحتوى بشكل منفصل، مع توفير دورة نشر منظمة وصلاحيات وإدارة وسائط وتواصل من مكان واحد.,"The need was to present professional identity, work, services, technical expertise, and educational content in a centralized and updateable platform instead of relying on static portfolio pages or separately managed content sections, while providing an organized publishing workflow, permissions, media management, and communication from one place.",add-en-content-field,Proposed English copy for bilingual implementation; review brand/proper-name spelling before production.
SMART-I18N-1908,database_public_cms,projects .json::Mohd.dev — موقع Portfolio تقني ونظام إدارة محتوى,solution,تم بناء منصة ويب عربية متكاملة تعتمد على Next.js للواجهة العامة ولوحة الإدارة، وNestJS كواجهة API مستقلة مع MongoDB. تجمع المنصة إدارة الملف الشخصي والمشاريع والخدمات والتقنيات والمدونة والشهادات والمؤهلات والروابط والأسئلة الشائعة والوسائط ورسائل التواصل، وتضيف نظام صلاحيات متعدد الأدوار، ودورة تحرير ومراجعة وجدولة للمدونة، وتخزين وسائط على Cloudflare R2، إلى جانب أدوات SEO وتتبع التفاعل وسجل العمليات.,"An integrated Arabic web platform was built using Next.js for the public website and admin dashboard, NestJS as an independent API, and MongoDB. It combines profile, project, service, technology, blog, certification, qualification, links, FAQs, media, and contact-message management. It also adds multi-role permissions, an editorial review and scheduling workflow for the blog, Cloudflare R2 media storage, SEO tools, engagement tracking, and an audit log.",add-en-content-field,Proposed English copy for bilingual implementation; review brand/proper-name spelling before production.
SMART-I18N-1909,database_public_cms,projects .json::Mohd.dev — موقع Portfolio تقني ونظام إدارة محتوى,results[0].label,مركزية المحتوى المهني,Centralized Professional Content,add-en-content-field,Proposed English copy for bilingual implementation; review brand/proper-name spelling before production.
SMART-I18N-1910,database_public_cms,projects .json::Mohd.dev — موقع Portfolio تقني ونظام إدارة محتوى,results[0].value,جمع إدارة الملف الشخصي والمشاريع والخدمات والتقنيات والشهادات والمؤهلات والمدونة والأسئلة الشائعة والروابط داخل منظومة CMS واحدة.,"Combined profile, project, service, technology, certification, qualification, blog, FAQ, and link management in one CMS.",add-en-content-field,Proposed English copy for bilingual implementation; review brand/proper-name spelling before production.
SMART-I18N-1911,database_public_cms,projects .json::Mohd.dev — موقع Portfolio تقني ونظام إدارة محتوى,results[1].label,دورة نشر منظمة,Structured Publishing Workflow,add-en-content-field,Proposed English copy for bilingual implementation; review brand/proper-name spelling before production.
SMART-I18N-1912,database_public_cms,projects .json::Mohd.dev — موقع Portfolio تقني ونظام إدارة محتوى,results[1].value,دعم المسودات والمراجعة وطلب التعديلات والاعتماد والجدولة والنشر، مع الحفظ التلقائي والإصدارات وإمكانية استعادة النسخ السابقة.,"Supports drafts, review, change requests, approval, scheduling, and publishing, with autosave, versioning, and previous-version restoration.",add-en-content-field,Proposed English copy for bilingual implementation; review brand/proper-name spelling before production.
SMART-I18N-1913,database_public_cms,projects .json::Mohd.dev — موقع Portfolio تقني ونظام إدارة محتوى,results[2].value,توزيع عمليات إنشاء المحتوى ومراجعته ونشره وإدارة النظام على أدوار وصلاحيات مستقلة.,"Distributes content creation, review, publishing, and system administration across separate roles and permissions.",add-en-content-field,Proposed English copy for bilingual implementation; review brand/proper-name spelling before production.
SMART-I18N-1914,database_public_cms,projects .json::Mohd.dev — موقع Portfolio تقني ونظام إدارة محتوى,results[3].label,إدارة وسائط موحدة,Unified Media Management,add-en-content-field,Proposed English copy for bilingual implementation; review brand/proper-name spelling before production.
SMART-I18N-1915,database_public_cms,projects .json::Mohd.dev — موقع Portfolio تقني ونظام إدارة محتوى,results[3].value,رفع الصور والمستندات إلى مكتبة مركزية مع تحسين الصور وربط استخدامها بالمحتوى وإمكانية اكتشاف وتنظيف الملفات غير المستخدمة.,"Uploads images and documents to a centralized library with image optimization, content-usage tracking, and the ability to identify and clean unused files.",add-en-content-field,Proposed English copy for bilingual implementation; review brand/proper-name spelling before production.
SMART-I18N-1916,database_public_cms,projects .json::Mohd.dev — موقع Portfolio تقني ونظام إدارة محتوى,results[4].label,جاهزية المحتوى للاكتشاف,Content Discovery Readiness,add-en-content-field,Proposed English copy for bilingual implementation; review brand/proper-name spelling before production.
SMART-I18N-1917,database_public_cms,projects .json::Mohd.dev — موقع Portfolio تقني ونظام إدارة محتوى,results[4].value,توفير Metadata وCanonical URLs وOpen Graph وStructured Data وSitemap وRobots وRSS للمحتوى العام.,"Provides Metadata, Canonical URLs, Open Graph, Structured Data, Sitemap, Robots, and RSS for public content.",add-en-content-field,Proposed English copy for bilingual implementation; review brand/proper-name spelling before production.
SMART-I18N-1918,database_public_cms,projects .json::Mohd.dev — موقع Portfolio تقني ونظام إدارة محتوى,results[5].label,متابعة النشاط والتفاعل,Activity and Engagement Tracking,add-en-content-field,Proposed English copy for bilingual implementation; review brand/proper-name spelling before production.
SMART-I18N-1919,database_public_cms,projects .json::Mohd.dev — موقع Portfolio تقني ونظام إدارة محتوى,results[5].value,تجميع مشاهدات المشاريع والمقالات ونقرات الروابط وإحصائيات المحتوى داخل لوحة التحكم، مع سجل تدقيقي للعمليات الإدارية.,"Aggregates project and article views, link clicks, and content statistics inside the dashboard, with an audit trail for administrative actions.",add-en-content-field,Proposed English copy for bilingual implementation; review brand/proper-name spelling before production.
SMART-I18N-1920,database_public_cms,projects .json::Mohd.dev — موقع Portfolio تقني ونظام إدارة محتوى,features[0],واجهة Portfolio عربية لعرض المشاريع والخدمات والتقنيات والخبرة المهنية,"Arabic portfolio interface for showcasing projects, services, technologies, and professional experience",add-en-content-field,Proposed English copy for bilingual implementation; review brand/proper-name spelling before production.
SMART-I18N-1921,database_public_cms,projects .json::Mohd.dev — موقع Portfolio تقني ونظام إدارة محتوى,features[1],لوحة إدارة مركزية للمحتوى والوسائط والتواصل,"Central admin dashboard for content, media, and communication",add-en-content-field,Proposed English copy for bilingual implementation; review brand/proper-name spelling before production.
SMART-I18N-1922,database_public_cms,projects .json::Mohd.dev — موقع Portfolio تقني ونظام إدارة محتوى,features[2],إدارة الشهادات المهنية والمؤهلات الأكاديمية وصفحات التفاصيل الخاصة بها,Professional certification and academic qualification management with dedicated detail pages,add-en-content-field,Proposed English copy for bilingual implementation; review brand/proper-name spelling before production.
SMART-I18N-1923,database_public_cms,projects .json::Mohd.dev — موقع Portfolio تقني ونظام إدارة محتوى,features[3],مدونة تقنية متقدمة تعتمد Markdown وتدعم الأكواد والمخططات والجداول والوسائط,"Advanced technical blog using Markdown with support for code, diagrams, tables, and media",add-en-content-field,Proposed English copy for bilingual implementation; review brand/proper-name spelling before production.
SMART-I18N-1924,database_public_cms,projects .json::Mohd.dev — موقع Portfolio تقني ونظام إدارة محتوى,features[4],دورة تحرير ومراجعة واعتماد وجدولة ونشر للمقالات مع الحفظ التلقائي والإصدارات,"Editorial review, approval, scheduling, and publishing workflow with autosave and versioning",add-en-content-field,Proposed English copy for bilingual implementation; review brand/proper-name spelling before production.
SMART-I18N-1925,database_public_cms,projects .json::Mohd.dev — موقع Portfolio تقني ونظام إدارة محتوى,features[5],نظام تسجيل دخول وصلاحيات متعدد الأدوار للمحررين والمديرين,Multi-role authentication and permission system for editors and administrators,add-en-content-field,Proposed English copy for bilingual implementation; review brand/proper-name spelling before production.
SMART-I18N-1926,database_public_cms,projects .json::Mohd.dev — موقع Portfolio تقني ونظام إدارة محتوى,features[6],مكتبة وسائط مرتبطة بـ Cloudflare R2 مع معالجة وتحسين الصور ودعم ملفات PDF,Cloudflare R2-backed media library with image processing and optimization plus PDF support,add-en-content-field,Proposed English copy for bilingual implementation; review brand/proper-name spelling before production.
SMART-I18N-1927,database_public_cms,projects .json::Mohd.dev — موقع Portfolio تقني ونظام إدارة محتوى,features[7],نظام تواصل مع مكافحة الرسائل المزعجة وCloudflare Turnstile وإشعارات البريد الإلكتروني,"Contact system with anti-spam protection, Cloudflare Turnstile, and email notifications",add-en-content-field,Proposed English copy for bilingual implementation; review brand/proper-name spelling before production.
SMART-I18N-1928,database_public_cms,projects .json::Mohd.dev — موقع Portfolio تقني ونظام إدارة محتوى,features[8],بحث وفلاتر وترتيب وتقسيم صفحات لموارد لوحة الإدارة والمحتوى,"Search, filtering, sorting, and pagination for admin and content resources",add-en-content-field,Proposed English copy for bilingual implementation; review brand/proper-name spelling before production.
SMART-I18N-1929,database_public_cms,projects .json::Mohd.dev — موقع Portfolio تقني ونظام إدارة محتوى,features[9],SEO ديناميكي مع Structured Data وSitemap وRobots وRSS,"Dynamic SEO with Structured Data, Sitemap, Robots, and RSS",add-en-content-field,Proposed English copy for bilingual implementation; review brand/proper-name spelling before production.
SMART-I18N-1930,database_public_cms,projects .json::Mohd.dev — موقع Portfolio تقني ونظام إدارة محتوى,features[10],لوحة إحصائيات لمتابعة المحتوى والمشاهدات ونقرات الروابط والرسائل,"Analytics dashboard for content, views, link clicks, and messages",add-en-content-field,Proposed English copy for bilingual implementation; review brand/proper-name spelling before production.
SMART-I18N-1931,database_public_cms,projects .json::Mohd.dev — موقع Portfolio تقني ونظام إدارة محتوى,features[11],سجل تدقيقي للعمليات والتغييرات الإدارية,Audit trail for administrative actions and changes,add-en-content-field,Proposed English copy for bilingual implementation; review brand/proper-name spelling before production.
SMART-I18N-1932,database_public_cms,projects .json::Mohd.dev — موقع Portfolio تقني ونظام إدارة محتوى,industry,الخدمات التقنية والبرمجيات,Technology Services and Software,add-en-content-field,Proposed English copy for bilingual implementation; review brand/proper-name spelling before production.
SMART-I18N-1933,database_public_cms,projects .json::Mohd.dev — موقع Portfolio تقني ونظام إدارة محتوى,stats[0].label,واجهات الويب,Web Interfaces,add-en-content-field,Proposed English copy for bilingual implementation; review brand/proper-name spelling before production.
SMART-I18N-1934,database_public_cms,projects .json::Mohd.dev — موقع Portfolio تقني ونظام إدارة محتوى,stats[0].description,واجهة عامة ولوحة إدارة ضمن تطبيق Next.js,Public interface and admin dashboard within a Next.js application,add-en-content-field,Proposed English copy for bilingual implementation; review brand/proper-name spelling before production.
SMART-I18N-1935,database_public_cms,projects .json::Mohd.dev — موقع Portfolio تقني ونظام إدارة محتوى,stats[1].label,أدوار النظام,System Roles,add-en-content-field,Proposed English copy for bilingual implementation; review brand/proper-name spelling before production.
SMART-I18N-1936,database_public_cms,projects .json::Mohd.dev — موقع Portfolio تقني ونظام إدارة محتوى,stats[1].description,Admin وEditor وPublisher وReviewer وAuthor,"Admin, Editor, Publisher, Reviewer, and Author",add-en-content-field,Proposed English copy for bilingual implementation; review brand/proper-name spelling before production.
SMART-I18N-1937,database_public_cms,projects .json::Mohd.dev — موقع Portfolio تقني ونظام إدارة محتوى,stats[2].label,وحدات الباك إند,Backend Modules,add-en-content-field,Proposed English copy for bilingual implementation; review brand/proper-name spelling before production.
SMART-I18N-1938,database_public_cms,projects .json::Mohd.dev — موقع Portfolio تقني ونظام إدارة محتوى,stats[2].description,وحدات وظيفية مستقلة داخل Backend NestJS,Independent functional modules within the NestJS Backend,add-en-content-field,Proposed English copy for bilingual implementation; review brand/proper-name spelling before production.
SMART-I18N-1939,database_public_cms,projects .json::Mohd.dev — موقع Portfolio تقني ونظام إدارة محتوى,seo.metaTitle,Mohd.dev | موقع Portfolio تقني ونظام إدارة محتوى,Mohd.dev | Technical Portfolio and Content Management System,add-en-content-field,Proposed English copy for bilingual implementation; review brand/proper-name spelling before production.
SMART-I18N-1940,database_public_cms,projects .json::Mohd.dev — موقع Portfolio تقني ونظام إدارة محتوى,seo.metaDescription,منصة Portfolio عربية لمهندس برمجيات تعرض المشاريع والخدمات والمدونة والشهادات والخبرة المهنية، مع لوحة إدارة متكاملة ونظام نشر ومكتبة وسائط وBackend API.,"An Arabic portfolio platform for a software engineer showcasing projects, services, blog content, certifications, and professional experience, with an integrated admin dashboard, publishing system, media library, and Backend API.",add-en-content-field,Proposed English copy for bilingual implementation; review brand/proper-name spelling before production.
SMART-I18N-1941,database_public_cms,projects .json::Mohd.dev — موقع Portfolio تقني ونظام إدارة محتوى,seo.keywords[1],موقع شخصي للمبرمج,Programmer Personal Website,add-en-content-field,Proposed English copy for bilingual implementation; review brand/proper-name spelling before production.
SMART-I18N-1942,database_public_cms,projects .json::Mohd.dev — موقع Portfolio تقني ونظام إدارة محتوى,seo.keywords[2],Portfolio مطور برمجيات,Software Developer Portfolio,add-en-content-field,Proposed English copy for bilingual implementation; review brand/proper-name spelling before production.
SMART-I18N-1943,database_public_cms,projects .json::Mohd.dev — موقع Portfolio تقني ونظام إدارة محتوى | projects .json::موقع الوصابي للتجارة | projects .json::موقع أساس الأعماق للمقاولات,seo.keywords[3] | seo.keywords[4],نظام إدارة محتوى,Content Management System,add-en-content-field,Proposed English copy for bilingual implementation; review brand/proper-name spelling before production.
SMART-I18N-1944,database_public_cms,projects .json::Mohd.dev — موقع Portfolio تقني ونظام إدارة محتوى,seo.keywords[4],مدونة تقنية,Technical Blog,add-en-content-field,Proposed English copy for bilingual implementation; review brand/proper-name spelling before production.
SMART-I18N-1945,database_public_cms,projects .json::Mohd.dev — موقع Portfolio تقني ونظام إدارة محتوى | projects .json::موقع الوصابي للتجارة | projects .json::موقع إيمان جميل الشخصي ومعرض الأعمال,seo.keywords[8] | seo.keywords[5] | seo.keywords[7],لوحة تحكم,Admin Dashboard,add-en-content-field,Proposed English copy for bilingual implementation; review brand/proper-name spelling before production.
SMART-I18N-1946,database_public_cms,projects .json::Mohd.dev — موقع Portfolio تقني ونظام إدارة محتوى,seo.keywords[9],هندسة البرمجيات,Software Engineering,add-en-content-field,Proposed English copy for bilingual implementation; review brand/proper-name spelling before production.
SMART-I18N-1947,database_public_cms,projects .json::موقع الوصابي للتجارة,title | seo.keywords[0],موقع الوصابي للتجارة,Al-Wasabi Trading Website,add-en-content-field,Proposed English copy for bilingual implementation; review brand/proper-name spelling before production.
SMART-I18N-1948,database_public_cms,projects .json::موقع الوصابي للتجارة,summary,موقع مؤسسي ثنائي اللغة للوصابي للتجارة، يعرّف بالشركة ويقدم كتالوجًا رقميًا للمنتجات والعلامات التجارية ومدونة متكاملة، مع لوحة إدارة مركزية لتحديث المحتوى وإدارته.,"A bilingual corporate website for Al-Wasabi Trading that introduces the company and provides a digital catalog of products and brands plus an integrated blog, with a centralized admin dashboard for updating and managing content.",add-en-content-field,Proposed English copy for bilingual implementation; review brand/proper-name spelling before production.
SMART-I18N-1949,database_public_cms,projects .json::موقع الوصابي للتجارة,challenge,الحاجة إلى تقديم هوية الوصابي للتجارة ومنتجاتها وعلاماتها التجارية وشبكة توزيعها ومحتواها في موقع مركزي ثنائي اللغة، مع تمكين فريق الشركة من إدارة الكتالوج والمدونة والوسائط والمحتوى الإداري دون الاعتماد على تعديل صفحات الموقع برمجيًا في كل تحديث.,"The need was to present Al-Wasabi Trading’s identity, products, brands, distribution network, and content through one centralized bilingual website while enabling the company team to manage the catalog, blog, media, and administrative content without requiring code changes for every update.",add-en-content-field,Proposed English copy for bilingual implementation; review brand/proper-name spelling before production.
SMART-I18N-1950,database_public_cms,projects .json::موقع الوصابي للتجارة,solution,تم بناء منظومة ويب مكونة من موقع عام ثنائي اللغة، ولوحة إدارة مستقلة، وواجهة API مركزية. يعرض الموقع معلومات الشركة وكتالوج المنتجات والعلامات والفئات والفروع والمدونة ويوجه طلبات عروض الأسعار إلى واتساب، بينما تتيح لوحة الإدارة إدارة المحتوى والوسائط والمستخدمين والصلاحيات وحالات النشر. ويتولى الـAPI تخزين البيانات في PostgreSQL، وإدارة المصادقة والصلاحيات، ومعالجة الصور، وتوفير المحتوى للموقع بشكل منظم.,"A web ecosystem was built consisting of a bilingual public website, an independent admin dashboard, and a centralized API. The site presents company information, the product catalog, brands, categories, branches, and blog, and routes quotation requests to WhatsApp. The admin dashboard manages content, media, users, permissions, and publishing states. The API stores data in PostgreSQL, handles authentication and permissions, processes images, and serves structured content to the website.",add-en-content-field,Proposed English copy for bilingual implementation; review brand/proper-name spelling before production.
SMART-I18N-1951,database_public_cms,projects .json::موقع الوصابي للتجارة,results[0].label,إدارة مركزية للمحتوى,Centralized Content Management,add-en-content-field,Proposed English copy for bilingual implementation; review brand/proper-name spelling before production.
SMART-I18N-1952,database_public_cms,projects .json::موقع الوصابي للتجارة,results[0].value,إتاحة إدارة المنتجات والفئات والعلامات والمدونة والوسائط والإعدادات من لوحة تحكم واحدة بدل ربط المحتوى مباشرة بالكود.,"Manage products, categories, brands, blog content, media, and settings from one dashboard instead of coupling content directly to code.",add-en-content-field,Proposed English copy for bilingual implementation; review brand/proper-name spelling before production.
SMART-I18N-1953,database_public_cms,projects .json::موقع الوصابي للتجارة,results[1].label,تجربة ثنائية اللغة,Bilingual Experience,add-en-content-field,Proposed English copy for bilingual implementation; review brand/proper-name spelling before production.
SMART-I18N-1954,database_public_cms,projects .json::موقع الوصابي للتجارة,results[1].value,توفير محتوى ومسارات وبيانات SEO منفصلة بالعربية والإنجليزية للمنتجات والفئات والمقالات.,"Separate Arabic and English content, routes, and SEO data for products, categories, and articles.",add-en-content-field,Proposed English copy for bilingual implementation; review brand/proper-name spelling before production.
SMART-I18N-1955,database_public_cms,projects .json::موقع الوصابي للتجارة,results[2].label,كتالوج رقمي قابل للبحث,Searchable Digital Catalog,add-en-content-field,Proposed English copy for bilingual implementation; review brand/proper-name spelling before production.
SMART-I18N-1956,database_public_cms,projects .json::موقع الوصابي للتجارة,results[2].value,تنظيم المنتجات داخل فئات وعلامات تجارية مع البحث والتصفية والتنقل إلى صفحات تفاصيل مستقلة دون تحويل الموقع إلى متجر إلكتروني.,"Organize products into categories and brands with search, filtering, and dedicated detail pages without turning the website into an e-commerce store.",add-en-content-field,Proposed English copy for bilingual implementation; review brand/proper-name spelling before production.
SMART-I18N-1957,database_public_cms,projects .json::موقع الوصابي للتجارة,results[3].label,حوكمة الإدارة,Administration Governance,add-en-content-field,Proposed English copy for bilingual implementation; review brand/proper-name spelling before production.
SMART-I18N-1958,database_public_cms,projects .json::موقع الوصابي للتجارة,results[3].value,فصل صلاحيات المستخدمين عبر الأدوار والصلاحيات مع تسجيل النشاطات الإدارية وحالات واضحة لنشر المحتوى.,"Separate user access through roles and permissions, record administrative activity, and maintain clear content-publishing states.",add-en-content-field,Proposed English copy for bilingual implementation; review brand/proper-name spelling before production.
SMART-I18N-1959,database_public_cms,projects .json::موقع الوصابي للتجارة,results[4].label,توحيد إدارة الوسائط,Unified Media Management,add-en-content-field,Proposed English copy for bilingual implementation; review brand/proper-name spelling before production.
SMART-I18N-1960,database_public_cms,projects .json::موقع الوصابي للتجارة,results[4].value,توفير مكتبة وسائط مركزية مع تحسين الصور وإنشاء أحجام متعددة وإمكانية استخدام تخزين S3-compatible.,"A centralized media library with image optimization, multiple generated sizes, and S3-compatible storage support.",add-en-content-field,Proposed English copy for bilingual implementation; review brand/proper-name spelling before production.
SMART-I18N-1961,database_public_cms,projects .json::موقع الوصابي للتجارة,features[0],موقع مؤسسي متجاوب يدعم العربية والإنجليزية وRTL,"Responsive corporate website supporting Arabic, English, and RTL",add-en-content-field,Proposed English copy for bilingual implementation; review brand/proper-name spelling before production.
SMART-I18N-1962,database_public_cms,projects .json::موقع الوصابي للتجارة,features[1],كتالوج منتجات رقمي بدون أسعار أو عمليات شراء,Digital product catalog without prices or purchasing flows,add-en-content-field,Proposed English copy for bilingual implementation; review brand/proper-name spelling before production.
SMART-I18N-1963,database_public_cms,projects .json::موقع الوصابي للتجارة,features[2],إدارة الفئات والعلامات التجارية وصفحات تفاصيل المنتجات,"Category, brand, and product-detail page management",add-en-content-field,Proposed English copy for bilingual implementation; review brand/proper-name spelling before production.
SMART-I18N-1964,database_public_cms,projects .json::موقع الوصابي للتجارة,features[3],البحث عن المنتجات والتصفية حسب الفئة والعلامة التجارية,Product search and filtering by category and brand,add-en-content-field,Proposed English copy for bilingual implementation; review brand/proper-name spelling before production.
SMART-I18N-1965,database_public_cms,projects .json::موقع الوصابي للتجارة,features[4],مدونة متكاملة مع تصنيفات ووسوم ومحرر محتوى غني,"Integrated blog with categories, tags, and rich-content editor",add-en-content-field,Proposed English copy for bilingual implementation; review brand/proper-name spelling before production.
SMART-I18N-1966,database_public_cms,projects .json::موقع الوصابي للتجارة,features[5],إدارة حالات نشر المحتوى والمسودات والمحتوى المميز,"Publishing-state, draft, and featured-content management",add-en-content-field,Proposed English copy for bilingual implementation; review brand/proper-name spelling before production.
SMART-I18N-1967,database_public_cms,projects .json::موقع الوصابي للتجارة,features[6],إدارة SEO مستقلة للمحتوى العربي والإنجليزي,Independent SEO management for Arabic and English content,add-en-content-field,Proposed English copy for bilingual implementation; review brand/proper-name spelling before production.
SMART-I18N-1968,database_public_cms,projects .json::موقع الوصابي للتجارة,features[7],مكتبة وسائط مع معالجة الصور وإنشاء أحجام متعددة,Media library with image processing and multiple generated sizes,add-en-content-field,Proposed English copy for bilingual implementation; review brand/proper-name spelling before production.
SMART-I18N-1969,database_public_cms,projects .json::موقع الوصابي للتجارة,features[8],إدارة المستخدمين والأدوار والصلاحيات,"User, role, and permission management",add-en-content-field,Proposed English copy for bilingual implementation; review brand/proper-name spelling before production.
SMART-I18N-1970,database_public_cms,projects .json::موقع الوصابي للتجارة,features[9],Dashboard وسجل للعمليات والتغييرات الإدارية,Dashboard and administrative audit log,add-en-content-field,Proposed English copy for bilingual implementation; review brand/proper-name spelling before production.
SMART-I18N-1971,database_public_cms,projects .json::موقع الوصابي للتجارة,features[10],طلب عرض سعر والتواصل المباشر عبر WhatsApp,Request a quotation and contact directly through WhatsApp,add-en-content-field,Proposed English copy for bilingual implementation; review brand/proper-name spelling before production.
SMART-I18N-1972,database_public_cms,projects .json::موقع الوصابي للتجارة,features[11],استيراد بيانات الكتالوج من ملفات CSV وXLSX,Catalog data import from CSV and XLSX files,add-en-content-field,Proposed English copy for bilingual implementation; review brand/proper-name spelling before production.
SMART-I18N-1973,database_public_cms,projects .json::موقع الوصابي للتجارة,clientName | seo.keywords[1],الوصابي للتجارة,Al-Wasabi Trading,add-en-content-field,Proposed English copy for bilingual implementation; review brand/proper-name spelling before production.
SMART-I18N-1974,database_public_cms,projects .json::موقع الوصابي للتجارة,industry,التجارة والتوزيع,Trading and Distribution,add-en-content-field,Proposed English copy for bilingual implementation; review brand/proper-name spelling before production.
SMART-I18N-1975,database_public_cms,projects .json::موقع الوصابي للتجارة,stats[0].description,موقع عام ولوحة إدارة وواجهة API مستقلة,"Public website, admin dashboard, and independent API",add-en-content-field,Proposed English copy for bilingual implementation; review brand/proper-name spelling before production.
SMART-I18N-1976,database_public_cms,projects .json::موقع الوصابي للتجارة | projects .json::موقع أساس الأعماق للمقاولات,stats[1].label | stats[0].label,اللغات,Languages,add-en-content-field,Proposed English copy for bilingual implementation; review brand/proper-name spelling before production.
SMART-I18N-1977,database_public_cms,projects .json::موقع الوصابي للتجارة,stats[1].description,العربية والإنجليزية,Arabic and English,add-en-content-field,Proposed English copy for bilingual implementation; review brand/proper-name spelling before production.
SMART-I18N-1978,database_public_cms,projects .json::موقع الوصابي للتجارة,stats[2].label,الأدوار الإدارية الافتراضية,Default Administrative Roles,add-en-content-field,Proposed English copy for bilingual implementation; review brand/proper-name spelling before production.
SMART-I18N-1979,database_public_cms,projects .json::موقع الوصابي للتجارة,stats[2].description,Super Admin وContent Manager وBlog Editor,"Super Admin, Content Manager, and Blog Editor",add-en-content-field,Proposed English copy for bilingual implementation; review brand/proper-name spelling before production.
SMART-I18N-1980,database_public_cms,projects .json::موقع الوصابي للتجارة,seo.metaTitle,موقع الوصابي للتجارة | موقع مؤسسي وكتالوج رقمي,Al-Wasabi Trading | Corporate Website and Digital Catalog,add-en-content-field,Proposed English copy for bilingual implementation; review brand/proper-name spelling before production.
SMART-I18N-1981,database_public_cms,projects .json::موقع الوصابي للتجارة,seo.metaDescription,تطوير موقع ثنائي اللغة للوصابي للتجارة يضم كتالوج منتجات وعلامات تجارية ومدونة ولوحة إدارة متكاملة لإدارة المحتوى والوسائط والمستخدمين والصلاحيات.,"A bilingual website for Al-Wasabi Trading featuring a product catalog, brands, a blog, and an integrated admin dashboard for content, media, user, and permission management.",add-en-content-field,Proposed English copy for bilingual implementation; review brand/proper-name spelling before production.
SMART-I18N-1982,database_public_cms,projects .json::موقع الوصابي للتجارة,seo.keywords[2],موقع شركات,Corporate Website,add-en-content-field,Proposed English copy for bilingual implementation; review brand/proper-name spelling before production.
SMART-I18N-1983,database_public_cms,projects .json::موقع الوصابي للتجارة | projects .json::موقع أساس الأعماق للمقاولات,seo.keywords[6] | seo.keywords[3],موقع ثنائي اللغة,Bilingual Website,add-en-content-field,Proposed English copy for bilingual implementation; review brand/proper-name spelling before production.
SMART-I18N-1984,database_public_cms,projects .json::موقع أساس الأعماق للمقاولات,title,موقع أساس الأعماق للمقاولات,Asas Al-Amaq Contracting Website,add-en-content-field,Proposed English copy for bilingual implementation; review brand/proper-name spelling before production.
SMART-I18N-1985,database_public_cms,projects .json::موقع أساس الأعماق للمقاولات,summary,موقع مؤسسي ثنائي اللغة لشركة أساس الأعماق للمقاولات، يعرض خدمات هندسة الأرض والمشاريع الميدانية، مع لوحة إدارة ومدونة ومكتبة وسائط لإدارة المحتوى ودعم الظهور في محركات البحث.,"A bilingual corporate website for Asas Al-Amaq Contracting that showcases geotechnical engineering services and field projects, with an admin dashboard, blog, and media library for content management and search-engine visibility.",add-en-content-field,Proposed English copy for bilingual implementation; review brand/proper-name spelling before production.
SMART-I18N-1986,database_public_cms,projects .json::موقع أساس الأعماق للمقاولات,challenge,الحاجة إلى تقديم خدمات شركة متخصصة في هندسة الأرض وسند الحفريات بصورة رقمية واضحة وموثوقة بالعربية والإنجليزية، مع عرض الأعمال الميدانية وتسهيل وصول العملاء إلى قنوات التواصل، وفي الوقت نفسه تمكين فريق الشركة من تحديث المشاريع والمقالات والوسائط وبيانات الموقع دون الحاجة إلى تعديل الواجهة البرمجية في كل مرة.,"The need was to present the services of a company specializing in geotechnical engineering and excavation support clearly and reliably in Arabic and English, showcase field work, and make communication channels easy for customers to reach, while enabling the company team to update projects, articles, media, and site information without modifying frontend code every time.",add-en-content-field,Proposed English copy for bilingual implementation; review brand/proper-name spelling before production.
SMART-I18N-1987,database_public_cms,projects .json::موقع أساس الأعماق للمقاولات,solution,تم بناء موقع مؤسسي متجاوب وثنائي اللغة باستخدام Next.js، يعرض خدمات الشركة ومنهجية العمل والمشاريع والمحتوى الهندسي ضمن تجربة بصرية مخصصة لهوية أساس الأعماق. وربط الموقع بنظام CMS مستقل مبني بـNestJS وMongoDB يتيح إدارة المقالات والمشاريع والتصنيفات والوسائط وإعدادات الموقع من لوحة تحكم محمية، مع تخزين الملفات في Cloudflare R2، وإضافة بنية SEO تشمل الصفحات الديناميكية وSitemap وStructured Data وتتبع التفاعلات عبر Google Tag Manager.,"A responsive bilingual corporate website was built with Next.js to present the company’s services, methodology, projects, and engineering content through a visual experience tailored to the Asas Al-Amaq identity. The site was connected to an independent CMS built with NestJS and MongoDB that lets administrators manage articles, projects, categories, media, and site settings from a protected dashboard. Files are stored in Cloudflare R2, and the SEO architecture includes dynamic pages, sitemap, Structured Data, and interaction tracking through Google Tag Manager.",add-en-content-field,Proposed English copy for bilingual implementation; review brand/proper-name spelling before production.
SMART-I18N-1988,database_public_cms,projects .json::موقع أساس الأعماق للمقاولات,results[0].label,إدارة المحتوى مركزيًا,Centralized Content Management,add-en-content-field,Proposed English copy for bilingual implementation; review brand/proper-name spelling before production.
SMART-I18N-1989,database_public_cms,projects .json::موقع أساس الأعماق للمقاولات,results[0].value,تمكين إدارة المقالات والمشاريع والتصنيفات والوسائط وبيانات الموقع من لوحة تحكم بدل ربط جميع التحديثات مباشرة بالسورس.,"Enabled articles, projects, categories, media, and site information to be managed from an admin dashboard instead of coupling all updates directly to source code.",add-en-content-field,Proposed English copy for bilingual implementation; review brand/proper-name spelling before production.
SMART-I18N-1990,database_public_cms,projects .json::موقع أساس الأعماق للمقاولات,results[1].label,حضور ثنائي اللغة,Bilingual Presence,add-en-content-field,Proposed English copy for bilingual implementation; review brand/proper-name spelling before production.
SMART-I18N-1991,database_public_cms,projects .json::موقع أساس الأعماق للمقاولات,results[1].value,توفير تجربة عربية وإنجليزية مع دعم RTL وLTR ومسارات وروابط SEO مستقلة لكل لغة.,Provides Arabic and English experiences with RTL/LTR support and separate SEO routes and links for each language.,add-en-content-field,Proposed English copy for bilingual implementation; review brand/proper-name spelling before production.
SMART-I18N-1992,database_public_cms,projects .json::موقع أساس الأعماق للمقاولات,results[2].label,تنظيم عرض المشاريع,Structured Project Showcase,add-en-content-field,Proposed English copy for bilingual implementation; review brand/proper-name spelling before production.
SMART-I18N-1993,database_public_cms,projects .json::موقع أساس الأعماق للمقاولات,results[2].value,تحويل معرض الأعمال إلى محتوى مصنف وديناميكي مع إمكانية تفعيل صفحة تفاصيل مستقلة لكل مشروع.,"Transforms the portfolio into categorized, dynamic content with the option to enable a dedicated detail page for each project.",add-en-content-field,Proposed English copy for bilingual implementation; review brand/proper-name spelling before production.
SMART-I18N-1994,database_public_cms,projects .json::موقع أساس الأعماق للمقاولات,results[3].label,جاهزية تقنية لمحركات البحث,Search-Engine Technical Readiness,add-en-content-field,Proposed English copy for bilingual implementation; review brand/proper-name spelling before production.
SMART-I18N-1995,database_public_cms,projects .json::موقع أساس الأعماق للمقاولات,results[3].value,إضافة Metadata وCanonical وhreflang وSitemap ديناميكي وRobots وStructured Data للموقع والمحتوى.,"Adds Metadata, Canonical, hreflang, dynamic Sitemap, Robots, and Structured Data for the site and its content.",add-en-content-field,Proposed English copy for bilingual implementation; review brand/proper-name spelling before production.
SMART-I18N-1996,database_public_cms,projects .json::موقع أساس الأعماق للمقاولات,results[4].label,تسهيل التواصل وقياس التفاعل,Easier Communication and Interaction Measurement,add-en-content-field,Proposed English copy for bilingual implementation; review brand/proper-name spelling before production.
SMART-I18N-1997,database_public_cms,projects .json::موقع أساس الأعماق للمقاولات,results[4].value,ربط WhatsApp والهاتف والبريد بنقاط اتصال مباشرة مع تسجيل أحداث التفاعل عبر Google Tag Manager.,"Connects WhatsApp, phone, and email as direct contact points while recording interaction events through Google Tag Manager.",add-en-content-field,Proposed English copy for bilingual implementation; review brand/proper-name spelling before production.
SMART-I18N-1998,database_public_cms,projects .json::موقع أساس الأعماق للمقاولات,results[5].label,إدارة مستقلة للوسائط,Independent Media Management,add-en-content-field,Proposed English copy for bilingual implementation; review brand/proper-name spelling before production.
SMART-I18N-1999,database_public_cms,projects .json::موقع أساس الأعماق للمقاولات,results[5].value,توفير مكتبة وسائط للصور وملفات PDF مع تخزينها في Cloudflare R2 وإدارة النصوص البديلة بالعربية والإنجليزية.,"Provides a media library for images and PDF files stored in Cloudflare R2, with Arabic and English alternative-text management.",add-en-content-field,Proposed English copy for bilingual implementation; review brand/proper-name spelling before production.
SMART-I18N-2000,database_public_cms,projects .json::موقع أساس الأعماق للمقاولات,features[0],موقع مؤسسي ثنائي اللغة بالعربية والإنجليزية مع دعم RTL وLTR,Bilingual Arabic-English corporate website with RTL and LTR support,add-en-content-field,Proposed English copy for bilingual implementation; review brand/proper-name spelling before production.
SMART-I18N-2001,database_public_cms,projects .json::موقع أساس الأعماق للمقاولات,features[1],عرض تفاعلي لخدمات هندسة الأرض وسند الحفريات,Interactive showcase of geotechnical engineering and excavation-support services,add-en-content-field,Proposed English copy for bilingual implementation; review brand/proper-name spelling before production.
SMART-I18N-2002,database_public_cms,projects .json::موقع أساس الأعماق للمقاولات,features[2],معرض مشاريع ديناميكي مع التصنيفات وعرض الصور,Dynamic project portfolio with categories and image galleries,add-en-content-field,Proposed English copy for bilingual implementation; review brand/proper-name spelling before production.
SMART-I18N-2003,database_public_cms,projects .json::موقع أساس الأعماق للمقاولات,features[3],صفحات تفاصيل مستقلة وقابلة للتفعيل للمشاريع,"Dedicated, optionally enabled project detail pages",add-en-content-field,Proposed English copy for bilingual implementation; review brand/proper-name spelling before production.
SMART-I18N-2004,database_public_cms,projects .json::موقع أساس الأعماق للمقاولات,features[4],مدونة ديناميكية مع التصنيفات والترقيم ومحتوى Markdown,"Dynamic blog with categories, pagination, and Markdown content",add-en-content-field,Proposed English copy for bilingual implementation; review brand/proper-name spelling before production.
SMART-I18N-2005,database_public_cms,projects .json::موقع أساس الأعماق للمقاولات,features[5],لوحة إدارة محمية لإدارة المقالات والمشاريع والتصنيفات,"Protected admin dashboard for article, project, and category management",add-en-content-field,Proposed English copy for bilingual implementation; review brand/proper-name spelling before production.
SMART-I18N-2006,database_public_cms,projects .json::موقع أساس الأعماق للمقاولات,features[6],مكتبة وسائط للصور وملفات PDF مرتبطة بـCloudflare R2,Cloudflare R2-backed media library for images and PDF files,add-en-content-field,Proposed English copy for bilingual implementation; review brand/proper-name spelling before production.
SMART-I18N-2007,database_public_cms,projects .json::موقع أساس الأعماق للمقاولات,features[7],إدارة بيانات التواصل والموقع والشبكات الاجتماعية وملف الشركة,"Contact information, location, social links, and company-profile management",add-en-content-field,Proposed English copy for bilingual implementation; review brand/proper-name spelling before production.
SMART-I18N-2008,database_public_cms,projects .json::موقع أساس الأعماق للمقاولات,features[8],حالات مسودة ونشر للمقالات والمشاريع,Draft and published states for articles and projects,add-en-content-field,Proposed English copy for bilingual implementation; review brand/proper-name spelling before production.
SMART-I18N-2009,database_public_cms,projects .json::موقع أساس الأعماق للمقاولات,features[9],إعدادات SEO مستقلة للمحتوى العربي والإنجليزي,Independent SEO settings for Arabic and English content,add-en-content-field,Proposed English copy for bilingual implementation; review brand/proper-name spelling before production.
SMART-I18N-2010,database_public_cms,projects .json::موقع أساس الأعماق للمقاولات,features[10],Sitemap وRobots وCanonical وhreflang وStructured Data,"Sitemap, Robots, Canonical, hreflang, and Structured Data",add-en-content-field,Proposed English copy for bilingual implementation; review brand/proper-name spelling before production.
SMART-I18N-2011,database_public_cms,projects .json::موقع أساس الأعماق للمقاولات,features[11],تتبع التفاعلات وقنوات التواصل عبر Google Tag Manager,Interaction and contact-channel tracking through Google Tag Manager,add-en-content-field,Proposed English copy for bilingual implementation; review brand/proper-name spelling before production.
SMART-I18N-2012,database_public_cms,projects .json::موقع أساس الأعماق للمقاولات,clientName,اساس الاعماق,Asas Al-Amaq,add-en-content-field,Proposed English copy for bilingual implementation; review brand/proper-name spelling before production.
SMART-I18N-2013,database_public_cms,projects .json::موقع أساس الأعماق للمقاولات,industry,المقاولات والهندسة الأرضية,Contracting and Geotechnical Engineering,add-en-content-field,Proposed English copy for bilingual implementation; review brand/proper-name spelling before production.
SMART-I18N-2014,database_public_cms,projects .json::موقع أساس الأعماق للمقاولات,stats[0].description,واجهة عربية وإنجليزية مع دعم اتجاهي RTL وLTR.,Arabic and English interfaces with RTL and LTR direction support.,add-en-content-field,Proposed English copy for bilingual implementation; review brand/proper-name spelling before production.
SMART-I18N-2015,database_public_cms,projects .json::موقع أساس الأعماق للمقاولات,stats[1].label,واجهات الاستخدام,User Interfaces,add-en-content-field,Proposed English copy for bilingual implementation; review brand/proper-name spelling before production.
SMART-I18N-2016,database_public_cms,projects .json::موقع أساس الأعماق للمقاولات,stats[1].description,موقع عام للعملاء ولوحة إدارة داخلية للمحتوى.,Public customer website and internal content-management dashboard.,add-en-content-field,Proposed English copy for bilingual implementation; review brand/proper-name spelling before production.
SMART-I18N-2017,database_public_cms,projects .json::موقع أساس الأعماق للمقاولات,stats[2].label,أقسام الصفحة الرئيسية,Homepage Sections,add-en-content-field,Proposed English copy for bilingual implementation; review brand/proper-name spelling before production.
SMART-I18N-2018,database_public_cms,projects .json::موقع أساس الأعماق للمقاولات,stats[2].description,أقسام رئيسية تشمل المقدمة والمخاطر والتعريف والخدمات والتنفيذ والقدرات والسلامة والمشاريع والتواصل.,"Main sections covering the introduction, risks, company profile, services, execution, capabilities, safety, projects, and contact.",add-en-content-field,Proposed English copy for bilingual implementation; review brand/proper-name spelling before production.
SMART-I18N-2019,database_public_cms,projects .json::موقع أساس الأعماق للمقاولات,seo.metaTitle,موقع أساس الأعماق للمقاولات | مشروع ويب ثنائي اللغة,Asas Al-Amaq Contracting Website | Bilingual Web Project,add-en-content-field,Proposed English copy for bilingual implementation; review brand/proper-name spelling before production.
SMART-I18N-2020,database_public_cms,projects .json::موقع أساس الأعماق للمقاولات,seo.metaDescription,موقع مؤسسي ثنائي اللغة لشركة أساس الأعماق للمقاولات، مع عرض الخدمات والمشاريع ومدونة ولوحة إدارة محتوى متكاملة ودعم تقني لمحركات البحث.,"A bilingual corporate website for Asas Al-Amaq Contracting featuring services, projects, a blog, an integrated content-management dashboard, and technical SEO support.",add-en-content-field,Proposed English copy for bilingual implementation; review brand/proper-name spelling before production.
SMART-I18N-2021,database_public_cms,projects .json::موقع أساس الأعماق للمقاولات,seo.keywords[0],أساس الأعماق,Asas Al-Amaq,add-en-content-field,Proposed English copy for bilingual implementation; review brand/proper-name spelling before production.
SMART-I18N-2022,database_public_cms,projects .json::موقع أساس الأعماق للمقاولات,seo.keywords[1],موقع شركة مقاولات,Contracting Company Website,add-en-content-field,Proposed English copy for bilingual implementation; review brand/proper-name spelling before production.
SMART-I18N-2023,database_public_cms,projects .json::موقع أساس الأعماق للمقاولات,seo.keywords[2],هندسة أرضية,Geotechnical Engineering,add-en-content-field,Proposed English copy for bilingual implementation; review brand/proper-name spelling before production.
SMART-I18N-2024,database_public_cms,projects .json::موقع Sunspot Consultancy,title,موقع Sunspot Consultancy,Sunspot Consultancy Website,add-en-content-field,Proposed English copy for bilingual implementation; review brand/proper-name spelling before production.
SMART-I18N-2025,database_public_cms,projects .json::موقع Sunspot Consultancy,summary,موقع مؤسسي لشركة Sunspot Consultancy يعرّف بخدمات ذكاء الأعمال وأبحاث السوق والاستشارات الاستراتيجية في اليمن، ويوفر مسارًا واضحًا لاستكشاف الخدمات والقطاعات والتواصل مع الشركة.,"A corporate website for Sunspot Consultancy presenting its business intelligence, market research, and strategic consulting services in Yemen, with a clear journey for exploring services, sectors, and contacting the company.",add-en-content-field,Proposed English copy for bilingual implementation; review brand/proper-name spelling before production.
SMART-I18N-2026,database_public_cms,projects .json::موقع Sunspot Consultancy,challenge,الحاجة إلى تقديم نطاق خدمات Sunspot Consultancy في ذكاء الأعمال وأبحاث السوق والاستشارات بصورة واضحة ومنظمة عبر حضور رقمي موحد، مع إبراز القطاعات التي تخدمها الشركة وتوفير مسار مباشر يحوّل اهتمام الزائر إلى استفسار وتواصل فعلي.,"The need was to present Sunspot Consultancy’s business intelligence, market research, and consulting services clearly and systematically through one digital presence, highlight the sectors the company serves, and provide a direct path that turns visitor interest into a real inquiry and conversation.",add-en-content-field,Proposed English copy for bilingual implementation; review brand/proper-name spelling before production.
SMART-I18N-2027,database_public_cms,projects .json::موقع Sunspot Consultancy,solution,تم بناء موقع مؤسسي متجاوب باستخدام Next.js يضم صفحات للتعريف بالشركة والخدمات والقطاعات، مع تنظيم الخدمات ضمن مجالات واضحة وربطها بقدراتها والقطاعات المستهدفة. يتضمن الموقع تجربة تفاعلية لاستعراض تفاصيل الخدمات، ونموذج تواصل متكاملًا مع Web3Forms، وقنوات اتصال مباشرة عبر البريد والهاتف وWhatsApp وLinkedIn، إلى جانب إعدادات SEO وتجربة بصرية تعتمد على الحركة والـparallax والتصفح السلس.,"A responsive Next.js corporate website was built with pages introducing the company, services, and sectors. Services are organized into clear domains and linked to relevant capabilities and target sectors. The site provides an interactive service-detail experience, a Web3Forms-integrated contact form, direct contact channels through email, phone, WhatsApp, and LinkedIn, as well as SEO settings and a visual experience using motion, parallax, and smooth scrolling.",add-en-content-field,Proposed English copy for bilingual implementation; review brand/proper-name spelling before production.
SMART-I18N-2028,database_public_cms,projects .json::موقع Sunspot Consultancy,results[0].label,تنظيم عرض الخدمات,Structured Service Presentation,add-en-content-field,Proposed English copy for bilingual implementation; review brand/proper-name spelling before production.
SMART-I18N-2029,database_public_cms,projects .json::موقع Sunspot Consultancy,results[0].value,تجميع سبع خدمات رئيسية ضمن مجموعتين واضحتين مع وصف ونطاق عمل لكل خدمة.,Organized seven core services into two clear groups with descriptions and scope for each service.,add-en-content-field,Proposed English copy for bilingual implementation; review brand/proper-name spelling before production.
SMART-I18N-2030,database_public_cms,projects .json::موقع Sunspot Consultancy,results[1].label,ربط الخدمات بالقطاعات,Services Connected to Sectors,add-en-content-field,Proposed English copy for bilingual implementation; review brand/proper-name spelling before production.
SMART-I18N-2031,database_public_cms,projects .json::موقع Sunspot Consultancy,results[1].value,عرض خمسة قطاعات تجارية وربط كل قطاع بمجموعة الخدمات والقدرات ذات الصلة.,Showcases five business sectors and links each sector to relevant services and capabilities.,add-en-content-field,Proposed English copy for bilingual implementation; review brand/proper-name spelling before production.
SMART-I18N-2032,database_public_cms,projects .json::موقع Sunspot Consultancy,results[2].label,مسار موحد للتواصل,Unified Contact Journey,add-en-content-field,Proposed English copy for bilingual implementation; review brand/proper-name spelling before production.
SMART-I18N-2033,database_public_cms,projects .json::موقع Sunspot Consultancy,results[2].value,توفير نموذج استفسار منظم إلى جانب البريد والهاتف وWhatsApp وLinkedIn لتسهيل بدء التواصل مع الشركة.,"Provides a structured inquiry form alongside email, phone, WhatsApp, and LinkedIn to make starting a conversation with the company easier.",add-en-content-field,Proposed English copy for bilingual implementation; review brand/proper-name spelling before production.
SMART-I18N-2034,database_public_cms,projects .json::موقع Sunspot Consultancy,results[3].label,استكشاف تفاعلي للخدمات,Interactive Service Exploration,add-en-content-field,Proposed English copy for bilingual implementation; review brand/proper-name spelling before production.
SMART-I18N-2035,database_public_cms,projects .json::موقع Sunspot Consultancy,results[3].value,إتاحة تفاصيل الخدمات داخل واجهة تفاعلية من الصفحة الرئيسية مع انتقال مباشر إلى مسار التواصل.,Allows visitors to explore service details in an interactive homepage interface with a direct transition to the contact journey.,add-en-content-field,Proposed English copy for bilingual implementation; review brand/proper-name spelling before production.
SMART-I18N-2036,database_public_cms,projects .json::موقع Sunspot Consultancy,results[4].label,حضور رقمي متسق,Consistent Digital Presence,add-en-content-field,Proposed English copy for bilingual implementation; review brand/proper-name spelling before production.
SMART-I18N-2037,database_public_cms,projects .json::موقع Sunspot Consultancy,results[4].value,تطبيق هوية Sunspot البصرية عبر الصفحات والمكونات مع إعداد Metadata خاصة بمحركات البحث ومشاركة المحتوى.,Applies Sunspot’s visual identity across pages and components with Metadata configured for search engines and content sharing.,add-en-content-field,Proposed English copy for bilingual implementation; review brand/proper-name spelling before production.
SMART-I18N-2038,database_public_cms,projects .json::موقع Sunspot Consultancy,features[0],موقع مؤسسي متجاوب للشركة,Responsive corporate website,add-en-content-field,Proposed English copy for bilingual implementation; review brand/proper-name spelling before production.
SMART-I18N-2039,database_public_cms,projects .json::موقع Sunspot Consultancy,features[1],صفحة تعريفية بالشركة ومنهجية عملها,Company profile and methodology page,add-en-content-field,Proposed English copy for bilingual implementation; review brand/proper-name spelling before production.
SMART-I18N-2040,database_public_cms,projects .json::موقع Sunspot Consultancy,features[2],عرض سبع خدمات استشارية واستخبارات سوق,Showcase of seven consulting and market-intelligence services,add-en-content-field,Proposed English copy for bilingual implementation; review brand/proper-name spelling before production.
SMART-I18N-2041,database_public_cms,projects .json::موقع Sunspot Consultancy,features[3],تقسيم الخدمات إلى مجالات واضحة,Services organized into clear domains,add-en-content-field,Proposed English copy for bilingual implementation; review brand/proper-name spelling before production.
SMART-I18N-2042,database_public_cms,projects .json::موقع Sunspot Consultancy,features[4],عرض خمسة قطاعات تجارية مستهدفة,Showcase of five target business sectors,add-en-content-field,Proposed English copy for bilingual implementation; review brand/proper-name spelling before production.
SMART-I18N-2043,database_public_cms,projects .json::موقع Sunspot Consultancy,features[5],نافذة تفاعلية لعرض تفاصيل الخدمات,Interactive service-details window,add-en-content-field,Proposed English copy for bilingual implementation; review brand/proper-name spelling before production.
SMART-I18N-2044,database_public_cms,projects .json::موقع Sunspot Consultancy,features[6],نموذج استفسار مع تحديد الخدمة المطلوبة,Inquiry form with requested-service selection,add-en-content-field,Proposed English copy for bilingual implementation; review brand/proper-name spelling before production.
SMART-I18N-2045,database_public_cms,projects .json::موقع Sunspot Consultancy,features[7],تكامل نموذج التواصل مع Web3Forms,Web3Forms contact-form integration,add-en-content-field,Proposed English copy for bilingual implementation; review brand/proper-name spelling before production.
SMART-I18N-2046,database_public_cms,projects .json::موقع Sunspot Consultancy,features[8],التواصل المباشر عبر البريد والهاتف وWhatsApp وLinkedIn,"Direct communication through email, phone, WhatsApp, and LinkedIn",add-en-content-field,Proposed English copy for bilingual implementation; review brand/proper-name spelling before production.
SMART-I18N-2047,database_public_cms,projects .json::موقع Sunspot Consultancy,features[9],قائمة تنقل متجاوبة لسطح المكتب والجوال,Responsive navigation for desktop and mobile,add-en-content-field,Proposed English copy for bilingual implementation; review brand/proper-name spelling before production.
SMART-I18N-2048,database_public_cms,projects .json::موقع Sunspot Consultancy,features[10],حركات انتقال وParallax وتصفح سلس,"Transitions, parallax effects, and smooth scrolling",add-en-content-field,Proposed English copy for bilingual implementation; review brand/proper-name spelling before production.
SMART-I18N-2049,database_public_cms,projects .json::موقع Sunspot Consultancy,features[11],إعدادات SEO وOpen Graph,SEO and Open Graph settings,add-en-content-field,Proposed English copy for bilingual implementation; review brand/proper-name spelling before production.
SMART-I18N-2050,database_public_cms,projects .json::موقع Sunspot Consultancy,clientName,أسامة الخوشعي,Osama Al-Khoshaei,add-en-content-field,Proposed English copy for bilingual implementation; review brand/proper-name spelling before production.
SMART-I18N-2051,database_public_cms,projects .json::موقع Sunspot Consultancy,industry,الاستشارات وذكاء الأعمال,Consulting and Business Intelligence,add-en-content-field,Proposed English copy for bilingual implementation; review brand/proper-name spelling before production.
SMART-I18N-2052,database_public_cms,projects .json::موقع Sunspot Consultancy,stats[0].label,الصفحات الأساسية,Core Pages,add-en-content-field,Proposed English copy for bilingual implementation; review brand/proper-name spelling before production.
SMART-I18N-2053,database_public_cms,projects .json::موقع Sunspot Consultancy,stats[0].description,صفحات رئيسية ضمن الموقع,Main pages within the website,add-en-content-field,Proposed English copy for bilingual implementation; review brand/proper-name spelling before production.
SMART-I18N-2054,database_public_cms,projects .json::موقع Sunspot Consultancy,stats[1].label,الخدمات المعروضة,Services Presented,add-en-content-field,Proposed English copy for bilingual implementation; review brand/proper-name spelling before production.
SMART-I18N-2055,database_public_cms,projects .json::موقع Sunspot Consultancy,stats[1].description,خدمات رئيسية معرفة فعليًا داخل المشروع,Core services defined in the project,add-en-content-field,Proposed English copy for bilingual implementation; review brand/proper-name spelling before production.
SMART-I18N-2056,database_public_cms,projects .json::موقع Sunspot Consultancy,stats[2].label,القطاعات المستهدفة,Target Sectors,add-en-content-field,Proposed English copy for bilingual implementation; review brand/proper-name spelling before production.
SMART-I18N-2057,database_public_cms,projects .json::موقع Sunspot Consultancy,stats[2].description,قطاعات تجارية يعرض الموقع خدمات موجهة لها,Business sectors for which the website presents tailored services,add-en-content-field,Proposed English copy for bilingual implementation; review brand/proper-name spelling before production.
SMART-I18N-2058,database_public_cms,projects .json::موقع Sunspot Consultancy,seo.metaTitle,موقع Sunspot Consultancy | ذكاء الأعمال والاستشارات في اليمن,Sunspot Consultancy | Business Intelligence & Consulting in Yemen,add-en-content-field,Proposed English copy for bilingual implementation; review brand/proper-name spelling before production.
SMART-I18N-2059,database_public_cms,projects .json::موقع Sunspot Consultancy,seo.metaDescription,موقع Sunspot Consultancy لعرض خدمات ذكاء الأعمال وأبحاث السوق والاستشارات الاستراتيجية، بما يشمل تحليل السوق وتقييم الموزعين وذكاء المنافسين ودعم دخول الأسواق في اليمن.,"Sunspot Consultancy website showcasing business intelligence, market research, and strategic consulting services, including market analysis, distributor assessment, competitive intelligence, and market-entry support in Yemen.",add-en-content-field,Proposed English copy for bilingual implementation; review brand/proper-name spelling before production.
SMART-I18N-2060,database_public_cms,projects .json::موقع Sunspot Consultancy,seo.keywords[1],ذكاء الأعمال,Business Intelligence,add-en-content-field,Proposed English copy for bilingual implementation; review brand/proper-name spelling before production.
SMART-I18N-2061,database_public_cms,projects .json::موقع Sunspot Consultancy,seo.keywords[2],أبحاث السوق,Market Research,add-en-content-field,Proposed English copy for bilingual implementation; review brand/proper-name spelling before production.
SMART-I18N-2062,database_public_cms,projects .json::موقع Sunspot Consultancy,seo.keywords[3],تحليل السوق,Market Analysis,add-en-content-field,Proposed English copy for bilingual implementation; review brand/proper-name spelling before production.
SMART-I18N-2063,database_public_cms,projects .json::موقع Sunspot Consultancy,seo.keywords[4],الاستشارات الاستراتيجية,Strategic Consulting,add-en-content-field,Proposed English copy for bilingual implementation; review brand/proper-name spelling before production.
SMART-I18N-2064,database_public_cms,projects .json::موقع Sunspot Consultancy,seo.keywords[5],ذكاء المنافسين,Competitive Intelligence,add-en-content-field,Proposed English copy for bilingual implementation; review brand/proper-name spelling before production.
SMART-I18N-2065,database_public_cms,projects .json::موقع Sunspot Consultancy,seo.keywords[6],تقييم الموزعين,Distributor Assessment,add-en-content-field,Proposed English copy for bilingual implementation; review brand/proper-name spelling before production.
SMART-I18N-2066,database_public_cms,projects .json::موقع Sunspot Consultancy,seo.keywords[7],دخول الأسواق,Market Entry,add-en-content-field,Proposed English copy for bilingual implementation; review brand/proper-name spelling before production.
SMART-I18N-2067,database_public_cms,projects .json::موقع Sunspot Consultancy,seo.keywords[8],اليمن,Yemen,add-en-content-field,Proposed English copy for bilingual implementation; review brand/proper-name spelling before production.
SMART-I18N-2068,database_public_cms,projects .json::موقع إيمان جميل الشخصي ومعرض الأعمال,title,موقع إيمان جميل الشخصي ومعرض الأعمال,Eman Jameel Personal Website and Portfolio,add-en-content-field,Proposed English copy for bilingual implementation; review brand/proper-name spelling before production.
SMART-I18N-2069,database_public_cms,projects .json::موقع إيمان جميل الشخصي ومعرض الأعمال,summary,موقع شخصي ديناميكي لإيمان جميل لعرض الأعمال والخدمات والخبرات والمحتوى المهني، مع لوحة إدارة مخصصة للتحكم في الموقع والمدونة والمشاريع والتواصل من مكان واحد.,"A dynamic personal website for Eman Jameel showcasing work, services, experience, and professional content, with a dedicated admin dashboard for managing the site, blog, projects, and communication from one place.",add-en-content-field,Proposed English copy for bilingual implementation; review brand/proper-name spelling before production.
SMART-I18N-2070,database_public_cms,projects .json::موقع إيمان جميل الشخصي ومعرض الأعمال,challenge,الحاجة إلى جمع الهوية المهنية والأعمال والخدمات والخبرات والمقالات وطلبات التواصل في منصة شخصية مركزية يمكن تحديث محتواها وإدارته دون الحاجة إلى تعديل صفحات الموقع يدويًا في كل مرة.,"The need was to bring professional identity, work, services, experience, articles, and contact requests into one centralized personal platform whose content can be updated and managed without manually editing site pages each time.",add-en-content-field,Proposed English copy for bilingual implementation; review brand/proper-name spelling before production.
SMART-I18N-2071,database_public_cms,projects .json::موقع إيمان جميل الشخصي ومعرض الأعمال,solution,تم بناء منصة Portfolio ديناميكية تتكون من موقع عام متجاوب لعرض الملف الشخصي والأعمال والخدمات والخبرات والمدونة، ولوحة إدارة محمية لتحديث هذا المحتوى وإدارة الرسائل والمشتركين، إضافة إلى REST API مبني بـNestJS وقاعدة MongoDB. كما يدعم النظام إدارة وسائط المشاريع والمحتوى، البحث والتصفية، إحصاءات لوحة التحكم، وتحسين الصور وتخزينها عبر Cloudflare R2 مع خيار تخزين محلي احتياطي.,"A dynamic portfolio platform was built consisting of a responsive public website for showcasing the profile, work, services, experience, and blog; a protected admin dashboard for updating content and managing messages and subscribers; and a NestJS REST API with MongoDB. The system also supports project and content media management, search and filtering, dashboard analytics, and image optimization and storage through Cloudflare R2 with a local fallback option.",add-en-content-field,Proposed English copy for bilingual implementation; review brand/proper-name spelling before production.
SMART-I18N-2072,database_public_cms,projects .json::موقع إيمان جميل الشخصي ومعرض الأعمال,results[0].label,مركزية إدارة المحتوى,Centralized Content Management,add-en-content-field,Proposed English copy for bilingual implementation; review brand/proper-name spelling before production.
SMART-I18N-2073,database_public_cms,projects .json::موقع إيمان جميل الشخصي ومعرض الأعمال,results[0].value,جمع إدارة الأعمال والمدونة والخدمات والخبرات وآراء العملاء والبرامج والملف الشخصي داخل لوحة إدارة واحدة.,"Combines management of work, blog content, services, experience, testimonials, tools, and profile information in one admin dashboard.",add-en-content-field,Proposed English copy for bilingual implementation; review brand/proper-name spelling before production.
SMART-I18N-2074,database_public_cms,projects .json::موقع إيمان جميل الشخصي ومعرض الأعمال,results[1].label,فصل العرض عن الإدارة,Public and Admin Separation,add-en-content-field,Proposed English copy for bilingual implementation; review brand/proper-name spelling before production.
SMART-I18N-2075,database_public_cms,projects .json::موقع إيمان جميل الشخصي ومعرض الأعمال,results[1].value,توفير واجهة عامة للزوار مع فصل عمليات إنشاء وتحديث وحذف المحتوى خلف تسجيل دخول إداري.,"Provides a public visitor interface while placing content creation, update, and deletion operations behind administrator authentication.",add-en-content-field,Proposed English copy for bilingual implementation; review brand/proper-name spelling before production.
SMART-I18N-2076,database_public_cms,projects .json::موقع إيمان جميل الشخصي ومعرض الأعمال,results[2].label,معرض أعمال منظم,Organized Portfolio,add-en-content-field,Proposed English copy for bilingual implementation; review brand/proper-name spelling before production.
SMART-I18N-2077,database_public_cms,projects .json::موقع إيمان جميل الشخصي ومعرض الأعمال,results[2].value,تنظيم المشاريع ضمن تصنيفات مع معرض صور وتفاصيل ووسوم وروابط خارجية لكل عمل.,"Organizes projects into categories with image galleries, details, tags, and external links for each work item.",add-en-content-field,Proposed English copy for bilingual implementation; review brand/proper-name spelling before production.
SMART-I18N-2078,database_public_cms,projects .json::موقع إيمان جميل الشخصي ومعرض الأعمال,results[3].label,إدارة محتوى تحريري,Editorial Content Management,add-en-content-field,Proposed English copy for bilingual implementation; review brand/proper-name spelling before production.
SMART-I18N-2079,database_public_cms,projects .json::موقع إيمان جميل الشخصي ومعرض الأعمال,results[3].value,توفير مدونة قابلة للإدارة مع التصنيفات والوسوم وحالات النشر وبيانات SEO وقياس التفاعل الأساسي.,"Provides a manageable blog with categories, tags, publishing states, SEO data, and basic engagement measurement.",add-en-content-field,Proposed English copy for bilingual implementation; review brand/proper-name spelling before production.
SMART-I18N-2080,database_public_cms,projects .json::موقع إيمان جميل الشخصي ومعرض الأعمال,results[4].label,تنظيم طلبات التواصل,Organized Contact Requests,add-en-content-field,Proposed English copy for bilingual implementation; review brand/proper-name spelling before production.
SMART-I18N-2081,database_public_cms,projects .json::موقع إيمان جميل الشخصي ومعرض الأعمال,results[4].value,استقبال رسائل الزوار وربطها بالخدمة المطلوبة وإدارتها وفق حالات متابعة داخل لوحة التحكم.,"Receives visitor messages, links them to the requested service, and manages them through follow-up states in the dashboard.",add-en-content-field,Proposed English copy for bilingual implementation; review brand/proper-name spelling before production.
SMART-I18N-2082,database_public_cms,projects .json::موقع إيمان جميل الشخصي ومعرض الأعمال,results[5].label,إدارة مرنة للوسائط,Flexible Media Management,add-en-content-field,Proposed English copy for bilingual implementation; review brand/proper-name spelling before production.
SMART-I18N-2083,database_public_cms,projects .json::موقع إيمان جميل الشخصي ومعرض الأعمال,results[5].value,تحسين الصور قبل التخزين ودعم Cloudflare R2 مع آلية تخزين محلية بديلة عند عدم تهيئة التخزين السحابي.,Optimizes images before storage and supports Cloudflare R2 with a local-storage fallback when cloud storage is not configured.,add-en-content-field,Proposed English copy for bilingual implementation; review brand/proper-name spelling before production.
SMART-I18N-2084,database_public_cms,projects .json::موقع إيمان جميل الشخصي ومعرض الأعمال,features[0],موقع شخصي عربي متجاوب لعرض الهوية المهنية والخدمات والأعمال,"Responsive Arabic personal website showcasing professional identity, services, and work",add-en-content-field,Proposed English copy for bilingual implementation; review brand/proper-name spelling before production.
SMART-I18N-2085,database_public_cms,projects .json::موقع إيمان جميل الشخصي ومعرض الأعمال,features[1],معرض أعمال ديناميكي مع تصنيفات وصور متعددة وتفاصيل وروابط خارجية,"Dynamic portfolio with categories, multiple images, details, and external links",add-en-content-field,Proposed English copy for bilingual implementation; review brand/proper-name spelling before production.
SMART-I18N-2086,database_public_cms,projects .json::موقع إيمان جميل الشخصي ومعرض الأعمال,features[2],لوحة تحكم مخصصة لإدارة محتوى الموقع,Dedicated admin dashboard for site-content management,add-en-content-field,Proposed English copy for bilingual implementation; review brand/proper-name spelling before production.
SMART-I18N-2087,database_public_cms,projects .json::موقع إيمان جميل الشخصي ومعرض الأعمال,features[3],مدونة متكاملة مع المقالات والتصنيفات والوسوم وحالات النشر,"Integrated blog with articles, categories, tags, and publishing states",add-en-content-field,Proposed English copy for bilingual implementation; review brand/proper-name spelling before production.
SMART-I18N-2088,database_public_cms,projects .json::موقع إيمان جميل الشخصي ومعرض الأعمال,features[4],إعدادات SEO ودعم البيانات المنظمة للمحتوى,SEO settings and structured-data support for content,add-en-content-field,Proposed English copy for bilingual implementation; review brand/proper-name spelling before production.
SMART-I18N-2089,database_public_cms,projects .json::موقع إيمان جميل الشخصي ومعرض الأعمال,features[5],نظام تسجيل دخول إداري باستخدام Access وRefresh Tokens,Administrator authentication using Access and Refresh Tokens,add-en-content-field,Proposed English copy for bilingual implementation; review brand/proper-name spelling before production.
SMART-I18N-2090,database_public_cms,projects .json::موقع إيمان جميل الشخصي ومعرض الأعمال,features[6],استقبال وإدارة رسائل التواصل وربطها بالخدمة المطلوبة,Receive and manage contact messages linked to the requested service,add-en-content-field,Proposed English copy for bilingual implementation; review brand/proper-name spelling before production.
SMART-I18N-2091,database_public_cms,projects .json::موقع إيمان جميل الشخصي ومعرض الأعمال,features[7],إدارة الخدمات والخبرات وآراء العملاء والبرامج المستخدمة,"Service, experience, testimonial, and software/tool management",add-en-content-field,Proposed English copy for bilingual implementation; review brand/proper-name spelling before production.
SMART-I18N-2092,database_public_cms,projects .json::موقع إيمان جميل الشخصي ومعرض الأعمال,features[8],لوحة إحصاءات للمحتوى والرسائل والمشتركين مع مقارنة زمنية,"Analytics dashboard for content, messages, and subscribers with time-based comparison",add-en-content-field,Proposed English copy for bilingual implementation; review brand/proper-name spelling before production.
SMART-I18N-2093,database_public_cms,projects .json::موقع إيمان جميل الشخصي ومعرض الأعمال,features[9],البحث والتصفية والترقيم في أقسام الإدارة المدعومة,"Search, filtering, and pagination in supported admin sections",add-en-content-field,Proposed English copy for bilingual implementation; review brand/proper-name spelling before production.
SMART-I18N-2094,database_public_cms,projects .json::موقع إيمان جميل الشخصي ومعرض الأعمال,features[10],رفع وتحسين الصور وتخزينها عبر Cloudflare R2 أو التخزين المحلي,"Upload, optimize, and store images through Cloudflare R2 or local storage",add-en-content-field,Proposed English copy for bilingual implementation; review brand/proper-name spelling before production.
SMART-I18N-2095,database_public_cms,projects .json::موقع إيمان جميل الشخصي ومعرض الأعمال,features[11],دعم RTL وResponsive Design وPWA والحركات والتفاعلات البصرية,"RTL, responsive design, PWA, motion, and visual interaction support",add-en-content-field,Proposed English copy for bilingual implementation; review brand/proper-name spelling before production.
SMART-I18N-2096,database_public_cms,projects .json::موقع إيمان جميل الشخصي ومعرض الأعمال,industry,التصميم والخدمات الرقمية,Design and Digital Services,add-en-content-field,Proposed English copy for bilingual implementation; review brand/proper-name spelling before production.
SMART-I18N-2097,database_public_cms,projects .json::موقع إيمان جميل الشخصي ومعرض الأعمال,stats[0].label,المكونات الرئيسية,Main Components,add-en-content-field,Proposed English copy for bilingual implementation; review brand/proper-name spelling before production.
SMART-I18N-2098,database_public_cms,projects .json::موقع إيمان جميل الشخصي ومعرض الأعمال,stats[0].description,موقع عام ولوحة إدارة وBackend API,"Public website, admin dashboard, and Backend API",add-en-content-field,Proposed English copy for bilingual implementation; review brand/proper-name spelling before production.
SMART-I18N-2099,database_public_cms,projects .json::موقع إيمان جميل الشخصي ومعرض الأعمال,stats[1].label,أقسام الإدارة,Admin Sections,add-en-content-field,Proposed English copy for bilingual implementation; review brand/proper-name spelling before production.
SMART-I18N-2100,database_public_cms,projects .json::موقع إيمان جميل الشخصي ومعرض الأعمال,stats[1].description,أقسام رئيسية ظاهرة في لوحة الإدارة لإدارة المحتوى والتواصل,Main dashboard sections for content and communication management,add-en-content-field,Proposed English copy for bilingual implementation; review brand/proper-name spelling before production.
SMART-I18N-2101,database_public_cms,projects .json::موقع إيمان جميل الشخصي ومعرض الأعمال,stats[2].label,المسارات العامة,Public Routes,add-en-content-field,Proposed English copy for bilingual implementation; review brand/proper-name spelling before production.
SMART-I18N-2102,database_public_cms,projects .json::موقع إيمان جميل الشخصي ومعرض الأعمال,stats[2].description,مسارات عامة للصفحات والمقالات والأعمال والتواصل,"Public routes for pages, articles, portfolio work, and contact",add-en-content-field,Proposed English copy for bilingual implementation; review brand/proper-name spelling before production.
SMART-I18N-2103,database_public_cms,projects .json::موقع إيمان جميل الشخصي ومعرض الأعمال,seo.metaTitle,موقع إيمان جميل الشخصي | معرض أعمال وإدارة محتوى,Eman Jameel Personal Website | Portfolio & Content Management,add-en-content-field,Proposed English copy for bilingual implementation; review brand/proper-name spelling before production.
SMART-I18N-2104,database_public_cms,projects .json::موقع إيمان جميل الشخصي ومعرض الأعمال,seo.metaDescription,موقع شخصي ديناميكي لإيمان جميل لعرض الأعمال والخدمات والخبرات والمدونة، مع لوحة إدارة مخصصة لإدارة المحتوى والمشاريع وطلبات التواصل.,"A dynamic personal website for Eman Jameel showcasing work, services, experience, and blog content, with a dedicated admin dashboard for managing content, projects, and contact requests.",add-en-content-field,Proposed English copy for bilingual implementation; review brand/proper-name spelling before production.
SMART-I18N-2105,database_public_cms,projects .json::موقع إيمان جميل الشخصي ومعرض الأعمال | teammembers.json::إيمان جميل,seo.keywords[0] | fullName,إيمان جميل,Eman Jameel,add-en-content-field,Proposed English copy for bilingual implementation; review brand/proper-name spelling before production.
SMART-I18N-2106,database_public_cms,projects .json::موقع إيمان جميل الشخصي ومعرض الأعمال,seo.keywords[1],موقع شخصي,Personal Website,add-en-content-field,Proposed English copy for bilingual implementation; review brand/proper-name spelling before production.
SMART-I18N-2107,database_public_cms,projects .json::موقع إيمان جميل الشخصي ومعرض الأعمال,seo.keywords[2],معرض أعمال,Portfolio,add-en-content-field,Proposed English copy for bilingual implementation; review brand/proper-name spelling before production.
SMART-I18N-2108,database_public_cms,projects .json::موقع إيمان جميل الشخصي ومعرض الأعمال,seo.keywords[5],تصميم واجهات,UI Design,add-en-content-field,Proposed English copy for bilingual implementation; review brand/proper-name spelling before production.
SMART-I18N-2109,database_public_cms,projects .json::موقع إيمان جميل الشخصي ومعرض الأعمال,seo.keywords[6],إدارة المحتوى,Content Management,add-en-content-field,Proposed English copy for bilingual implementation; review brand/proper-name spelling before production.
SMART-I18N-2110,database_public_cms,projects .json::موقع إيمان جميل الشخصي ومعرض الأعمال,seo.keywords[8],مدونة,Blog,add-en-content-field,Proposed English copy for bilingual implementation; review brand/proper-name spelling before production.
SMART-I18N-2111,database_public_cms,projects .json::موقع إيمان جميل الشخصي ومعرض الأعمال,seo.keywords[9],خدمات رقمية,Digital Services,add-en-content-field,Proposed English copy for bilingual implementation; review brand/proper-name spelling before production.
SMART-I18N-2112,database_public_cms,projects .json::Kaleem Store — منصة SaaS للتجارة الإلكترونية,title,Kaleem Store — منصة SaaS للتجارة الإلكترونية,Kaleem Store — E-Commerce SaaS Platform,add-en-content-field,Proposed English copy for bilingual implementation; review brand/proper-name spelling before production.
SMART-I18N-2113,database_public_cms,projects .json::Kaleem Store — منصة SaaS للتجارة الإلكترونية,summary,منصة SaaS متعددة المتاجر تتيح للتجار إنشاء وتشغيل متاجر إلكترونية وإدارة المنتجات والطلبات والمخزون والعملاء والتسويق من لوحة مركزية، مع واجهة مستقلة للعملاء وأدوات تشغيل وإدارة على مستوى المنصة.,"A multi-store SaaS platform that enables merchants to create and operate online stores and manage products, orders, inventory, customers, and marketing from a centralized dashboard, with a separate customer storefront and platform-level operations and administration tools.",add-en-content-field,Proposed English copy for bilingual implementation; review brand/proper-name spelling before production.
SMART-I18N-2114,database_public_cms,projects .json::Kaleem Store — منصة SaaS للتجارة الإلكترونية,challenge,الحاجة إلى تمكين عدة تجار من إنشاء وتشغيل متاجر إلكترونية مستقلة من منصة واحدة، مع توحيد إدارة المنتجات والمخزون والطلبات والعملاء والدفع والتوصيل والتسويق، وفي الوقت نفسه إبقاء الاشتراكات والنطاقات والدعم والصحة التشغيلية وإدارة المتاجر تحت سيطرة مشغل المنصة.,"The need was to enable multiple merchants to create and operate independent online stores from one platform while unifying product, inventory, order, customer, payment, delivery, and marketing management, and at the same time keeping subscriptions, domains, support, operational health, and store administration under the platform operator’s control.",add-en-content-field,Proposed English copy for bilingual implementation; review brand/proper-name spelling before production.
SMART-I18N-2115,database_public_cms,projects .json::Kaleem Store — منصة SaaS للتجارة الإلكترونية,solution,تم بناء منظومة SaaS متعددة المستأجرين تتكون من متجر عملاء باستخدام Next.js، ولوحة تشغيل للتاجر باستخدام React وMaterial UI، ولوحة مستقلة لمسؤولي المنصة، وجميعها تتصل بخلفية NestJS مركزية. توفر المنظومة إدارة الكتالوج والمخزون والمستودعات والطلبات والمدفوعات والتوصيل والعملاء والتسويق والقوالب والنطاقات، إلى جانب نظام اشتراكات وفوترة وإدارة تشغيلية للمنصة، مع عزل سياق كل متجر وصلاحيات منفصلة للمستخدمين.,"A multi-tenant SaaS ecosystem was built consisting of a Next.js customer storefront, a React and Material UI merchant operations dashboard, a separate platform-admin dashboard, all connected to a centralized NestJS backend. The system provides catalog, inventory, warehouse, order, payment, delivery, customer, marketing, template, and domain management, alongside subscriptions, billing, and platform-level operations, with isolated store context and separate user permissions.",add-en-content-field,Proposed English copy for bilingual implementation; review brand/proper-name spelling before production.
SMART-I18N-2116,database_public_cms,projects .json::Kaleem Store — منصة SaaS للتجارة الإلكترونية,results[0].label,تشغيل متعدد المتاجر,Multi-Store Operations,add-en-content-field,Proposed English copy for bilingual implementation; review brand/proper-name spelling before production.
SMART-I18N-2117,database_public_cms,projects .json::Kaleem Store — منصة SaaS للتجارة الإلكترونية,results[0].value,توفير بنية متعددة المستأجرين تسمح بتشغيل وإدارة متاجر مستقلة مع فصل سياق وبيانات كل متجر.,A multi-tenant architecture that enables independent stores to operate and be managed while isolating each store’s context and data.,add-en-content-field,Proposed English copy for bilingual implementation; review brand/proper-name spelling before production.
SMART-I18N-2118,database_public_cms,projects .json::Kaleem Store — منصة SaaS للتجارة الإلكترونية,results[1].label,توحيد دورة التجارة,Unified Commerce Lifecycle,add-en-content-field,Proposed English copy for bilingual implementation; review brand/proper-name spelling before production.
SMART-I18N-2119,database_public_cms,projects .json::Kaleem Store — منصة SaaS للتجارة الإلكترونية,results[1].value,جمع الكتالوج والمخزون والمستودعات والطلبات والدفع والتوصيل والعملاء داخل دورة تشغيل مترابطة.,"Combines catalog, inventory, warehouses, orders, payments, delivery, and customers in one connected operating cycle.",add-en-content-field,Proposed English copy for bilingual implementation; review brand/proper-name spelling before production.
SMART-I18N-2120,database_public_cms,projects .json::Kaleem Store — منصة SaaS للتجارة الإلكترونية,results[2].value,توفير صلاحيات دقيقة لفريق المتجر مع دور مالك وستة أدوار تشغيلية جاهزة، إضافة إلى RBAC مستقل لمسؤولي المنصة.,"Provides granular permissions for store teams with an owner role and six preconfigured operational roles, plus independent RBAC for platform administrators.",add-en-content-field,Proposed English copy for bilingual implementation; review brand/proper-name spelling before production.
SMART-I18N-2121,database_public_cms,projects .json::Kaleem Store — منصة SaaS للتجارة الإلكترونية,results[3].label,تخصيص واجهة المتجر,Storefront Customization,add-en-content-field,Proposed English copy for bilingual implementation; review brand/proper-name spelling before production.
SMART-I18N-2122,database_public_cms,projects .json::Kaleem Store — منصة SaaS للتجارة الإلكترونية,results[3].value,دعم القوالب والصفحات وSEO والنطاقات المخصصة والمعاينة والنشر وإصدارات القوالب لكل متجر.,"Supports templates, pages, SEO, custom domains, previewing, publishing, and template versions per store.",add-en-content-field,Proposed English copy for bilingual implementation; review brand/proper-name spelling before production.
SMART-I18N-2123,database_public_cms,projects .json::Kaleem Store — منصة SaaS للتجارة الإلكترونية,results[4].label,إدارة SaaS مركزية,Centralized SaaS Administration,add-en-content-field,Proposed English copy for bilingual implementation; review brand/proper-name spelling before production.
SMART-I18N-2124,database_public_cms,projects .json::Kaleem Store — منصة SaaS للتجارة الإلكترونية,results[4].value,إدارة الخطط والاشتراكات والتجارب والكوبونات والإيصالات والفوترة وحالات المتاجر من مستوى المنصة.,"Manages plans, subscriptions, trials, coupons, receipts, billing, and store states at the platform level.",add-en-content-field,Proposed English copy for bilingual implementation; review brand/proper-name spelling before production.
SMART-I18N-2125,database_public_cms,projects .json::Kaleem Store — منصة SaaS للتجارة الإلكترونية,results[5].label,تشغيل خلفي منفصل,Separated Background Operations,add-en-content-field,Proposed English copy for bilingual implementation; review brand/proper-name spelling before production.
SMART-I18N-2126,database_public_cms,projects .json::Kaleem Store — منصة SaaS للتجارة الإلكترونية,results[5].value,استخدام Outbox وRabbitMQ وعمال خلفية مستقلة للإشعارات والسلات المتروكة والاشتراكات ومزامنة SSL وعمليات حذف المتاجر.,"Uses an Outbox, RabbitMQ, and independent background workers for notifications, abandoned carts, subscriptions, SSL synchronization, and store-deletion workflows.",add-en-content-field,Proposed English copy for bilingual implementation; review brand/proper-name spelling before production.
SMART-I18N-2127,database_public_cms,projects .json::Kaleem Store — منصة SaaS للتجارة الإلكترونية,features[0],إنشاء وتهيئة متاجر إلكترونية متعددة ضمن منصة SaaS,Create and configure multiple online stores within a SaaS platform,add-en-content-field,Proposed English copy for bilingual implementation; review brand/proper-name spelling before production.
SMART-I18N-2128,database_public_cms,projects .json::Kaleem Store — منصة SaaS للتجارة الإلكترونية,features[1],إدارة المنتجات والمتغيرات والتصنيفات والعلامات التجارية والخصائص والفلاتر الذكية,"Product, variant, category, brand, attribute, and smart-filter management",add-en-content-field,Proposed English copy for bilingual implementation; review brand/proper-name spelling before production.
SMART-I18N-2129,database_public_cms,projects .json::Kaleem Store — منصة SaaS للتجارة الإلكترونية,features[2],إدارة المخزون والمستودعات وتنبيهات عودة المنتجات للمخزون,"Inventory, warehouse, and back-in-stock alert management",add-en-content-field,Proposed English copy for bilingual implementation; review brand/proper-name spelling before production.
SMART-I18N-2130,database_public_cms,projects .json::Kaleem Store — منصة SaaS للتجارة الإلكترونية,features[3],إدارة الطلبات وتتبع حالاتها وإنشاء الطلبات يدويًا وتصديرها,"Order management, status tracking, manual order creation, and export",add-en-content-field,Proposed English copy for bilingual implementation; review brand/proper-name spelling before production.
SMART-I18N-2131,database_public_cms,projects .json::Kaleem Store — منصة SaaS للتجارة الإلكترونية,features[4],طرق دفع قابلة للتهيئة تشمل الدفع عند الاستلام والتحويلات والطرق اليدوية وإدارة الإيصالات,"Configurable payment methods including cash on delivery, bank transfers, manual methods, and receipt management",add-en-content-field,Proposed English copy for bilingual implementation; review brand/proper-name spelling before production.
SMART-I18N-2132,database_public_cms,projects .json::Kaleem Store — منصة SaaS للتجارة الإلكترونية,features[5],إدارة مناطق وطرق التوصيل والشحن والاستلام من المتجر,"Delivery zone, shipping method, and in-store pickup management",add-en-content-field,Proposed English copy for bilingual implementation; review brand/proper-name spelling before production.
SMART-I18N-2133,database_public_cms,projects .json::Kaleem Store — منصة SaaS للتجارة الإلكترونية,features[6],حسابات العملاء والعناوين والمفضلة والتقييمات والأسئلة والولاء والدعم,"Customer accounts, addresses, favorites, reviews, questions, loyalty, and support",add-en-content-field,Proposed English copy for bilingual implementation; review brand/proper-name spelling before production.
SMART-I18N-2134,database_public_cms,projects .json::Kaleem Store — منصة SaaS للتجارة الإلكترونية,features[7],العروض والكوبونات والعروض المتقدمة والتسويق بالعمولة واستعادة السلات المتروكة,"Promotions, coupons, advanced offers, affiliate marketing, and abandoned-cart recovery",add-en-content-field,Proposed English copy for bilingual implementation; review brand/proper-name spelling before production.
SMART-I18N-2135,database_public_cms,projects .json::Kaleem Store — منصة SaaS للتجارة الإلكترونية,features[8],التحليلات والتقارير ومركز الإشعارات والتحديثات الفورية,"Analytics, reports, notification center, and real-time updates",add-en-content-field,Proposed English copy for bilingual implementation; review brand/proper-name spelling before production.
SMART-I18N-2136,database_public_cms,projects .json::Kaleem Store — منصة SaaS للتجارة الإلكترونية,features[9],إدارة القوالب والصفحات وSEO والنطاقات المخصصة ودورة SSL,"Template, page, SEO, custom-domain, and SSL lifecycle management",add-en-content-field,Proposed English copy for bilingual implementation; review brand/proper-name spelling before production.
SMART-I18N-2137,database_public_cms,projects .json::Kaleem Store — منصة SaaS للتجارة الإلكترونية,features[10],إدارة فريق المتجر والدعوات والأدوار والصلاحيات والربط عبر Webhooks,"Store-team invitations, roles, permissions, and Webhook integrations",add-en-content-field,Proposed English copy for bilingual implementation; review brand/proper-name spelling before production.
SMART-I18N-2138,database_public_cms,projects .json::Kaleem Store — منصة SaaS للتجارة الإلكترونية,features[11],إدارة الخطط والاشتراكات والفوترة والدعم والأتمتة والمخاطر والامتثال على مستوى المنصة,"Platform-level plan, subscription, billing, support, automation, risk, and compliance management",add-en-content-field,Proposed English copy for bilingual implementation; review brand/proper-name spelling before production.
SMART-I18N-2139,database_public_cms,projects .json::Kaleem Store — منصة SaaS للتجارة الإلكترونية,industry,التجارة الإلكترونية,E-Commerce,add-en-content-field,Proposed English copy for bilingual implementation; review brand/proper-name spelling before production.
SMART-I18N-2140,database_public_cms,projects .json::Kaleem Store — منصة SaaS للتجارة الإلكترونية,stats[0].label,الواجهات الرئيسية,Primary Interfaces,add-en-content-field,Proposed English copy for bilingual implementation; review brand/proper-name spelling before production.
SMART-I18N-2141,database_public_cms,projects .json::Kaleem Store — منصة SaaS للتجارة الإلكترونية,stats[0].description,واجهة متجر العملاء ولوحة التاجر ولوحة إدارة المنصة,"Customer storefront, merchant dashboard, and platform administration dashboard",add-en-content-field,Proposed English copy for bilingual implementation; review brand/proper-name spelling before production.
SMART-I18N-2142,database_public_cms,projects .json::Kaleem Store — منصة SaaS للتجارة الإلكترونية,stats[1].label,أدوار تشغيل المتجر,Store Operational Roles,add-en-content-field,Proposed English copy for bilingual implementation; review brand/proper-name spelling before production.
SMART-I18N-2143,database_public_cms,projects .json::Kaleem Store — منصة SaaS للتجارة الإلكترونية,stats[1].description,المالك إضافة إلى ستة أدوار جاهزة لفريق المتجر,Owner plus six preconfigured roles for the store team,add-en-content-field,Proposed English copy for bilingual implementation; review brand/proper-name spelling before production.
SMART-I18N-2144,database_public_cms,projects .json::Kaleem Store — منصة SaaS للتجارة الإلكترونية,stats[2].label,العمال الخلفية,Background Workers,add-en-content-field,Proposed English copy for bilingual implementation; review brand/proper-name spelling before production.
SMART-I18N-2145,database_public_cms,projects .json::Kaleem Store — منصة SaaS للتجارة الإلكترونية,stats[2].description,Outbox والإشعارات والسلات المتروكة والاشتراكات ومزامنة SSL وحذف بيانات المتاجر,"Outbox, notifications, abandoned carts, subscriptions, SSL synchronization, and store-data deletion",add-en-content-field,Proposed English copy for bilingual implementation; review brand/proper-name spelling before production.
SMART-I18N-2146,database_public_cms,projects .json::Kaleem Store — منصة SaaS للتجارة الإلكترونية,seo.metaTitle,Kaleem Store | منصة SaaS لإدارة المتاجر الإلكترونية,Kaleem Store | E-Commerce Store Management SaaS Platform,add-en-content-field,Proposed English copy for bilingual implementation; review brand/proper-name spelling before production.
SMART-I18N-2147,database_public_cms,projects .json::Kaleem Store — منصة SaaS للتجارة الإلكترونية,seo.metaDescription,منصة تجارة إلكترونية SaaS متعددة المتاجر تجمع إدارة المنتجات والمخزون والطلبات والعملاء والتسويق والتوصيل مع لوحات مستقلة للتاجر وإدارة المنصة.,"A multi-store e-commerce SaaS platform combining product, inventory, order, customer, marketing, and delivery management with separate merchant and platform-administration dashboards.",add-en-content-field,Proposed English copy for bilingual implementation; review brand/proper-name spelling before production.
SMART-I18N-2148,database_public_cms,projects .json::Kaleem Store — منصة SaaS للتجارة الإلكترونية,seo.keywords[1],كليم ستور,Kaleem Store,add-en-content-field,Proposed English copy for bilingual implementation; review brand/proper-name spelling before production.
SMART-I18N-2149,database_public_cms,projects .json::Kaleem Store — منصة SaaS للتجارة الإلكترونية,seo.keywords[4],إدارة المتاجر الإلكترونية,E-Commerce Store Management,add-en-content-field,Proposed English copy for bilingual implementation; review brand/proper-name spelling before production.
SMART-I18N-2150,database_public_cms,projects .json::Kaleem Store — منصة SaaS للتجارة الإلكترونية,seo.keywords[5],متاجر متعددة,Multiple Stores,add-en-content-field,Proposed English copy for bilingual implementation; review brand/proper-name spelling before production.
SMART-I18N-2151,database_public_cms,projects .json::Kaleem Store — منصة SaaS للتجارة الإلكترونية,seo.keywords[8],لوحة تحكم التاجر,Merchant Dashboard,add-en-content-field,Proposed English copy for bilingual implementation; review brand/proper-name spelling before production.
SMART-I18N-2152,database_public_cms,projects .json::Kaleem Store — منصة SaaS للتجارة الإلكترونية,seo.keywords[9],قوالب المتاجر,Store Templates,add-en-content-field,Proposed English copy for bilingual implementation; review brand/proper-name spelling before production.
SMART-I18N-2153,database_public_cms,projects .json::دواماتيك — منصة إدارة الموارد البشرية والحضور الذكي,title,دواماتيك — منصة إدارة الموارد البشرية والحضور الذكي,Dawamatic — Smart HR and Attendance Management Platform,add-en-content-field,Proposed English copy for bilingual implementation; review brand/proper-name spelling before production.
SMART-I18N-2154,database_public_cms,projects .json::دواماتيك — منصة إدارة الموارد البشرية والحضور الذكي,summary,دواماتيك منصة SaaS متكاملة للشركات لإدارة الموظفين والحضور الجغرافي والورديات والطلبات والرواتب الأساسية، وتوفر للموظفين والإدارة دورة عمل موحدة وآمنة من خلال الويب وتطبيق الجوال.,"Dawamatic is an integrated SaaS platform for companies to manage employees, geolocation-based attendance, shifts, requests, and basic payroll, providing employees and administrators with a unified and secure workflow through web and mobile applications.",add-en-content-field,Proposed English copy for bilingual implementation; review brand/proper-name spelling before production.
SMART-I18N-2155,database_public_cms,projects .json::دواماتيك — منصة إدارة الموارد البشرية والحضور الذكي,challenge,تحتاج الشركات إلى إدارة بيانات الموظفين والورديات والحضور والإجازات والأذونات والرواتب والطلبات المالية ضمن دورة تشغيل واحدة، مع ضمان أن عملية الحضور تمت في الموقع والوقت الصحيحين، وتقليل فرص التلاعب، وفصل بيانات وصلاحيات كل شركة عن الأخرى. كما أن فصل هذه العمليات بين جداول ووسائل تسجيل حضور وأنظمة متعددة يجعل مراجعة البيانات وربط الحضور بالطلبات والرواتب والتسويات أكثر تعقيدًا ويضعف قابلية التدقيق.,"Companies need to manage employee data, shifts, attendance, leave, permissions, payroll, and financial requests within a single operational cycle while ensuring attendance takes place at the correct location and time, reducing manipulation opportunities, and isolating each company’s data and permissions. Splitting these processes across spreadsheets, attendance tools, and multiple systems also makes it harder to review data, connect attendance with requests, payroll, and settlements, and maintain a reliable audit trail.",add-en-content-field,Proposed English copy for bilingual implementation; review brand/proper-name spelling before production.
SMART-I18N-2156,database_public_cms,projects .json::دواماتيك — منصة إدارة الموارد البشرية والحضور الذكي,solution,تم بناء دواماتيك كمنصة SaaS متعددة الشركات تجمع إدارة الموارد البشرية والحضور وإدارة القوى العاملة في نظام مركزي واحد. توفر المنصة لوحة تشغيل للشركات لإدارة الموظفين والهيكل والعقود والمواقع والورديات والحضور والطلبات والرواتب والعمليات المالية، إلى جانب تطبيق جوال للموظف لتنفيذ الحضور والانصراف ومتابعة جدوله وطلباته وقسائم راتبه. يعتمد الحضور على التحقق من الموقع الجغرافي والوردية والجهاز والسياسة الأمنية، مع دعم مراجعة الحالات المشبوهة والتصحيحات وسجل تاريخي قابل للتدقيق. كما تربط المنصة الإجازات والأذونات والعمل الإضافي بالحضور ودورة Payroll Lite والسلف والقروض والمطالبات وإنهاء الخدمة، وتوجد لوحة مستقلة لإدارة منصة Dawamatic والشركات المشتركة والخطط والاشتراكات والتشغيل.,"Dawamatic was built as a multi-company SaaS platform that combines HR, attendance, and workforce management in one centralized system. It provides company operations dashboards for managing employees, organizational structure, contracts, locations, shifts, attendance, requests, payroll, and financial operations, plus a mobile employee app for clock-in/out, schedules, requests, and payslips. Attendance is validated against geolocation, shift, device, and security policies, with suspicious-case review, corrections, and auditable history. The platform also connects leave, permissions, and overtime with attendance, Payroll Lite, advances, loans, claims, and offboarding, and includes a separate dashboard for Dawamatic platform administration, subscribed companies, plans, subscriptions, and operations.",add-en-content-field,Proposed English copy for bilingual implementation; review brand/proper-name spelling before production.
SMART-I18N-2157,database_public_cms,projects .json::دواماتيك — منصة إدارة الموارد البشرية والحضور الذكي,results[0].label,توحيد دورة الموظف,Unified Employee Lifecycle,add-en-content-field,Proposed English copy for bilingual implementation; review brand/proper-name spelling before production.
SMART-I18N-2158,database_public_cms,projects .json::دواماتيك — منصة إدارة الموارد البشرية والحضور الذكي,results[0].value,جمع بيانات الموظف والعقد والدوام والطلبات والراتب والعمليات المالية وإنهاء الخدمة داخل دورة تشغيل مركزية واحدة.,"Combines employee data, contracts, schedules, requests, payroll, financial operations, and offboarding in one centralized operating cycle.",add-en-content-field,Proposed English copy for bilingual implementation; review brand/proper-name spelling before production.
SMART-I18N-2159,database_public_cms,projects .json::دواماتيك — منصة إدارة الموارد البشرية والحضور الذكي,results[1].label,حضور قابل للتحقق والمراجعة,Verifiable and Reviewable Attendance,add-en-content-field,Proposed English copy for bilingual implementation; review brand/proper-name spelling before production.
SMART-I18N-2160,database_public_cms,projects .json::دواماتيك — منصة إدارة الموارد البشرية والحضور الذكي,results[1].value,ربط تسجيل الحضور بالموقع الجغرافي والوردية والجهاز وسياسات المخاطر مع الاحتفاظ بالأحداث والتصحيحات والمراجعات.,"Links attendance events to geolocation, shifts, devices, and risk policies while retaining events, corrections, and reviews.",add-en-content-field,Proposed English copy for bilingual implementation; review brand/proper-name spelling before production.
SMART-I18N-2161,database_public_cms,projects .json::دواماتيك — منصة إدارة الموارد البشرية والحضور الذكي,results[2].label,فصل البيانات والصلاحيات,Data and Permission Isolation,add-en-content-field,Proposed English copy for bilingual implementation; review brand/proper-name spelling before production.
SMART-I18N-2162,database_public_cms,projects .json::دواماتيك — منصة إدارة الموارد البشرية والحضور الذكي,results[2].value,عزل بيانات كل شركة وتطبيق الأدوار ونطاقات الوصول على مستوى الخادم وقاعدة البيانات.,Isolates each company’s data and applies roles and access scopes at the server and database layers.,add-en-content-field,Proposed English copy for bilingual implementation; review brand/proper-name spelling before production.
SMART-I18N-2163,database_public_cms,projects .json::دواماتيك — منصة إدارة الموارد البشرية والحضور الذكي,results[3].label,دورة موافقات موحدة,Unified Approval Workflow,add-en-content-field,Proposed English copy for bilingual implementation; review brand/proper-name spelling before production.
SMART-I18N-2164,database_public_cms,projects .json::دواماتيك — منصة إدارة الموارد البشرية والحضور الذكي,results[3].value,معالجة الإجازات والأذونات والعمل الإضافي والطلبات المالية من خلال آلية موافقات مترابطة مع بيانات الموظف.,"Processes leave, permissions, overtime, and financial requests through an approval mechanism connected to employee data.",add-en-content-field,Proposed English copy for bilingual implementation; review brand/proper-name spelling before production.
SMART-I18N-2165,database_public_cms,projects .json::دواماتيك — منصة إدارة الموارد البشرية والحضور الذكي,results[4].label,إغلاق دورة الرواتب,Closed Payroll Cycle,add-en-content-field,Proposed English copy for bilingual implementation; review brand/proper-name spelling before production.
SMART-I18N-2166,database_public_cms,projects .json::دواماتيك — منصة إدارة الموارد البشرية والحضور الذكي,results[4].value,تحويل مدخلات الحضور والطلبات والعناصر المالية إلى دورة Payroll شهرية قابلة للمراجعة والإقفال وإصدار قسائم الرواتب.,"Transforms attendance, request, and financial inputs into a monthly Payroll cycle that can be reviewed, closed, and used to issue payslips.",add-en-content-field,Proposed English copy for bilingual implementation; review brand/proper-name spelling before production.
SMART-I18N-2167,database_public_cms,projects .json::دواماتيك — منصة إدارة الموارد البشرية والحضور الذكي,results[5].label,قابلية التدقيق,Auditability,add-en-content-field,Proposed English copy for bilingual implementation; review brand/proper-name spelling before production.
SMART-I18N-2168,database_public_cms,projects .json::دواماتيك — منصة إدارة الموارد البشرية والحضور الذكي,results[5].value,الاحتفاظ بتاريخ العمليات الحساسة والحضور والتعديلات والحركات المالية والموافقات دون طمس السجل السابق.,"Retains historical records of sensitive operations, attendance, modifications, financial movements, and approvals without obscuring prior history.",add-en-content-field,Proposed English copy for bilingual implementation; review brand/proper-name spelling before production.
SMART-I18N-2169,database_public_cms,projects .json::دواماتيك — منصة إدارة الموارد البشرية والحضور الذكي,features[0],إدارة متعددة الشركات مع عزل البيانات والصلاحيات,Multi-company management with data and permission isolation,add-en-content-field,Proposed English copy for bilingual implementation; review brand/proper-name spelling before production.
SMART-I18N-2170,database_public_cms,projects .json::دواماتيك — منصة إدارة الموارد البشرية والحضور الذكي,features[1],إدارة الهيكل التنظيمي والموظفين والعقود والتعويضات,"Organizational structure, employee, contract, and compensation management",add-en-content-field,Proposed English copy for bilingual implementation; review brand/proper-name spelling before production.
SMART-I18N-2171,database_public_cms,projects .json::دواماتيك — منصة إدارة الموارد البشرية والحضور الذكي,features[2],إدارة مواقع العمل والنطاقات الجغرافية,Work-location and geofence management,add-en-content-field,Proposed English copy for bilingual implementation; review brand/proper-name spelling before production.
SMART-I18N-2172,database_public_cms,projects .json::دواماتيك — منصة إدارة الموارد البشرية والحضور الذكي,features[3],إدارة الورديات والجداول وإسناد الموظفين,"Shift, schedule, and employee-assignment management",add-en-content-field,Proposed English copy for bilingual implementation; review brand/proper-name spelling before production.
SMART-I18N-2173,database_public_cms,projects .json::دواماتيك — منصة إدارة الموارد البشرية والحضور الذكي,features[4],حضور وانصراف عبر GPS مع التحقق من الموقع والوردية والجهاز,"GPS clock-in/out with location, shift, and device validation",add-en-content-field,Proposed English copy for bilingual implementation; review brand/proper-name spelling before production.
SMART-I18N-2174,database_public_cms,projects .json::دواماتيك — منصة إدارة الموارد البشرية والحضور الذكي,features[5],ربط الأجهزة والتحقق من سلامة التطبيق ومراجعة المخاطر,"Device binding, app-integrity verification, and risk review",add-en-content-field,Proposed English copy for bilingual implementation; review brand/proper-name spelling before production.
SMART-I18N-2175,database_public_cms,projects .json::دواماتيك — منصة إدارة الموارد البشرية والحضور الذكي,features[6],دعم الحضور المحدود دون اتصال والمزامنة الآمنة,Limited offline attendance with secure synchronization,add-en-content-field,Proposed English copy for bilingual implementation; review brand/proper-name spelling before production.
SMART-I18N-2176,database_public_cms,projects .json::دواماتيك — منصة إدارة الموارد البشرية والحضور الذكي,features[7],تصحيحات الحضور ومراجعة الحالات المشبوهة,Attendance corrections and suspicious-case review,add-en-content-field,Proposed English copy for bilingual implementation; review brand/proper-name spelling before production.
SMART-I18N-2177,database_public_cms,projects .json::دواماتيك — منصة إدارة الموارد البشرية والحضور الذكي,features[8],إدارة الإجازات والأذونات والعمل الإضافي والموافقات,"Leave, permission, overtime, and approval management",add-en-content-field,Proposed English copy for bilingual implementation; review brand/proper-name spelling before production.
SMART-I18N-2178,database_public_cms,projects .json::دواماتيك — منصة إدارة الموارد البشرية والحضور الذكي,features[9],Payroll Lite ودورات الرواتب وقسائم الموظفين,"Payroll Lite, payroll cycles, and employee payslips",add-en-content-field,Proposed English copy for bilingual implementation; review brand/proper-name spelling before production.
SMART-I18N-2179,database_public_cms,projects .json::دواماتيك — منصة إدارة الموارد البشرية والحضور الذكي,features[10],إدارة السلف والقروض والمطالبات والتسويات وإنهاء الخدمة,"Advance, loan, claim, settlement, and offboarding management",add-en-content-field,Proposed English copy for bilingual implementation; review brand/proper-name spelling before production.
SMART-I18N-2180,database_public_cms,projects .json::دواماتيك — منصة إدارة الموارد البشرية والحضور الذكي,features[11],الخدمة الذاتية للموظف والمدير والتقارير والإشعارات والتدقيق,"Employee and manager self-service, reports, notifications, and auditing",add-en-content-field,Proposed English copy for bilingual implementation; review brand/proper-name spelling before production.
SMART-I18N-2181,database_public_cms,projects .json::دواماتيك — منصة إدارة الموارد البشرية والحضور الذكي,industry,الموارد البشرية وإدارة القوى العاملة,Human Resources and Workforce Management,add-en-content-field,Proposed English copy for bilingual implementation; review brand/proper-name spelling before production.
SMART-I18N-2182,database_public_cms,projects .json::دواماتيك — منصة إدارة الموارد البشرية والحضور الذكي,stats[0].label,التطبيقات الرئيسية,Primary Applications,add-en-content-field,Proposed English copy for bilingual implementation; review brand/proper-name spelling before production.
SMART-I18N-2183,database_public_cms,projects .json::دواماتيك — منصة إدارة الموارد البشرية والحضور الذكي,stats[0].description,تطبيق الموظف ولوحة إدارة الشركة ولوحة إدارة المنصة,"Employee app, company administration dashboard, and platform administration dashboard",add-en-content-field,Proposed English copy for bilingual implementation; review brand/proper-name spelling before production.
SMART-I18N-2184,database_public_cms,projects .json::دواماتيك — منصة إدارة الموارد البشرية والحضور الذكي,stats[1].label,وحدات المنتج,Product Modules,add-en-content-field,Proposed English copy for bilingual implementation; review brand/proper-name spelling before production.
SMART-I18N-2185,database_public_cms,projects .json::دواماتيك — منصة إدارة الموارد البشرية والحضور الذكي,stats[1].description,وحدات رئيسية ضمن نطاق المنتج المعتمد,Core modules within the approved product scope,add-en-content-field,Proposed English copy for bilingual implementation; review brand/proper-name spelling before production.
SMART-I18N-2186,database_public_cms,projects .json::دواماتيك — منصة إدارة الموارد البشرية والحضور الذكي,stats[2].label,أدوار الشركة,Company Roles,add-en-content-field,Proposed English copy for bilingual implementation; review brand/proper-name spelling before production.
SMART-I18N-2187,database_public_cms,projects .json::دواماتيك — منصة إدارة الموارد البشرية والحضور الذكي,stats[2].description,أدوار تشغيلية أساسية بصلاحيات ونطاقات مختلفة,Core operational roles with different permissions and scopes,add-en-content-field,Proposed English copy for bilingual implementation; review brand/proper-name spelling before production.
SMART-I18N-2188,database_public_cms,projects .json::دواماتيك — منصة إدارة الموارد البشرية والحضور الذكي,seo.metaTitle,دواماتيك | منصة إدارة الموارد البشرية والحضور الجغرافي,Dawamatic | HR and Geolocation Attendance Management Platform,add-en-content-field,Proposed English copy for bilingual implementation; review brand/proper-name spelling before production.
SMART-I18N-2189,database_public_cms,projects .json::دواماتيك — منصة إدارة الموارد البشرية والحضور الذكي,seo.metaDescription,دواماتيك منصة SaaS لإدارة الموارد البشرية والحضور الجغرافي والورديات والإجازات والرواتب الأساسية، مع تطبيق للموظفين ولوحات متخصصة لإدارة الشركات.,"Dawamatic is a SaaS platform for HR, geolocation attendance, shifts, leave, and basic payroll, with an employee app and dedicated company administration dashboards.",add-en-content-field,Proposed English copy for bilingual implementation; review brand/proper-name spelling before production.
SMART-I18N-2190,database_public_cms,projects .json::دواماتيك — منصة إدارة الموارد البشرية والحضور الذكي,seo.keywords[0],دواماتيك,Dawamatic,add-en-content-field,Proposed English copy for bilingual implementation; review brand/proper-name spelling before production.
SMART-I18N-2191,database_public_cms,projects .json::دواماتيك — منصة إدارة الموارد البشرية والحضور الذكي,seo.keywords[2],إدارة الموارد البشرية,Human Resources Management,add-en-content-field,Proposed English copy for bilingual implementation; review brand/proper-name spelling before production.
SMART-I18N-2192,database_public_cms,projects .json::دواماتيك — منصة إدارة الموارد البشرية والحضور الذكي,seo.keywords[3],نظام الحضور والانصراف,Attendance Management System,add-en-content-field,Proposed English copy for bilingual implementation; review brand/proper-name spelling before production.
SMART-I18N-2193,database_public_cms,projects .json::دواماتيك — منصة إدارة الموارد البشرية والحضور الذكي,seo.keywords[4],الحضور عبر GPS,GPS Attendance,add-en-content-field,Proposed English copy for bilingual implementation; review brand/proper-name spelling before production.
SMART-I18N-2194,database_public_cms,projects .json::دواماتيك — منصة إدارة الموارد البشرية والحضور الذكي,seo.keywords[5],إدارة الموظفين,Employee Management,add-en-content-field,Proposed English copy for bilingual implementation; review brand/proper-name spelling before production.
SMART-I18N-2195,database_public_cms,projects .json::دواماتيك — منصة إدارة الموارد البشرية والحضور الذكي,seo.keywords[6],إدارة الورديات,Shift Management,add-en-content-field,Proposed English copy for bilingual implementation; review brand/proper-name spelling before production.
SMART-I18N-2196,database_public_cms,services.json::تصميم وتطوير مواقع الويب,title,تصميم وتطوير مواقع الويب,Web Design and Development,add-en-content-field,Proposed English copy for bilingual implementation; review brand/proper-name spelling before production.
SMART-I18N-2197,database_public_cms,services.json::تصميم وتطوير مواقع الويب,description,حلول ويب متكاملة بدءًا من المواقع البسيطة وحتى الأنظمة المعقدة، بأحدث التقنيات مثل Next.js وReact.,"Integrated web solutions ranging from simple websites to complex systems, built with modern technologies such as Next.js and React.",add-en-content-field,Proposed English copy for bilingual implementation; review brand/proper-name spelling before production.
SMART-I18N-2198,database_public_cms,services.json::تصميم وتطوير مواقع الويب,features[0],تصميم متجاوب,Responsive Design,add-en-content-field,Proposed English copy for bilingual implementation; review brand/proper-name spelling before production.
SMART-I18N-2199,database_public_cms,services.json::تصميم وتطوير مواقع الويب,features[1],SEO محسّن,SEO Optimized,add-en-content-field,Proposed English copy for bilingual implementation; review brand/proper-name spelling before production.
SMART-I18N-2200,database_public_cms,services.json::تصميم وتطوير مواقع الويب | services.json::حلول SaaS مخصصة,features[3] | features[2],أمان متقدم,Advanced Security,add-en-content-field,Proposed English copy for bilingual implementation; review brand/proper-name spelling before production.
SMART-I18N-2201,database_public_cms,services.json::تصميم وتطوير مواقع الويب,features[4],سهولة الصيانة,Easy Maintenance,add-en-content-field,Proposed English copy for bilingual implementation; review brand/proper-name spelling before production.
SMART-I18N-2202,database_public_cms,services.json::تصميم وتطوير مواقع الويب,shortDescription,حلول ويب متكاملة بأحدث التقنيات مثل Next.js وReact,Integrated web solutions using modern technologies such as Next.js and React,add-en-content-field,Proposed English copy for bilingual implementation; review brand/proper-name spelling before production.
SMART-I18N-2203,database_public_cms,services.json::تطوير تطبيقات الجوال,title,تطوير تطبيقات الجوال,Mobile App Development,add-en-content-field,Proposed English copy for bilingual implementation; review brand/proper-name spelling before production.
SMART-I18N-2204,database_public_cms,services.json::تطوير تطبيقات الجوال,description,تطبيقات جوال عالية الأداء لنظامي iOS وAndroid بتجربة مستخدم متميزة.,High-performance mobile applications for iOS and Android with an outstanding user experience.,add-en-content-field,Proposed English copy for bilingual implementation; review brand/proper-name spelling before production.
SMART-I18N-2205,database_public_cms,services.json::تطوير تطبيقات الجوال,features[2],واجهة مستخدم جذابة,Attractive User Interface,add-en-content-field,Proposed English copy for bilingual implementation; review brand/proper-name spelling before production.
SMART-I18N-2206,database_public_cms,services.json::تطوير تطبيقات الجوال,features[3],تكامل مع الخدمات السحابية,Cloud Service Integration,add-en-content-field,Proposed English copy for bilingual implementation; review brand/proper-name spelling before production.
SMART-I18N-2207,database_public_cms,services.json::تطوير تطبيقات الجوال,shortDescription,تطبيقات جوال عالية الأداء لنظامي iOS وAndroid,High-performance mobile applications for iOS and Android,add-en-content-field,Proposed English copy for bilingual implementation; review brand/proper-name spelling before production.
SMART-I18N-2208,database_public_cms,services.json::تصميم الهوية البصرية,title,تصميم الهوية البصرية,Visual Identity Design,add-en-content-field,Proposed English copy for bilingual implementation; review brand/proper-name spelling before production.
SMART-I18N-2209,database_public_cms,services.json::تصميم الهوية البصرية,description,بناء هوية بصرية متكاملة تعبر عن قيم علامتك التجارية وتجذب جمهورك المستهدف.,Build a complete visual identity that expresses your brand values and attracts your target audience.,add-en-content-field,Proposed English copy for bilingual implementation; review brand/proper-name spelling before production.
SMART-I18N-2210,database_public_cms,services.json::تصميم الهوية البصرية,features[0],تصميم شعار احترافي,Professional Logo Design,add-en-content-field,Proposed English copy for bilingual implementation; review brand/proper-name spelling before production.
SMART-I18N-2211,database_public_cms,services.json::تصميم الهوية البصرية,features[1],دليل الهوية البصرية,Visual Identity Guidelines,add-en-content-field,Proposed English copy for bilingual implementation; review brand/proper-name spelling before production.
SMART-I18N-2212,database_public_cms,services.json::تصميم الهوية البصرية,features[2],تصميم بطاقات العمل,Business Card Design,add-en-content-field,Proposed English copy for bilingual implementation; review brand/proper-name spelling before production.
SMART-I18N-2213,database_public_cms,services.json::تصميم الهوية البصرية,features[3],تصميم المطبوعات,Print Design,add-en-content-field,Proposed English copy for bilingual implementation; review brand/proper-name spelling before production.
SMART-I18N-2214,database_public_cms,services.json::تصميم الهوية البصرية,shortDescription,بناء هوية بصرية متكاملة تعبر عن قيم علامتك التجارية,Build a complete visual identity that expresses your brand values,add-en-content-field,Proposed English copy for bilingual implementation; review brand/proper-name spelling before production.
SMART-I18N-2215,database_public_cms,services.json::التسويق الرقمي,title,التسويق الرقمي,Digital Marketing,add-en-content-field,Proposed English copy for bilingual implementation; review brand/proper-name spelling before production.
SMART-I18N-2216,database_public_cms,services.json::التسويق الرقمي,description,حملات تسويقية مدروسة تعتمد على البيانات لتحقيق أعلى عائد على الاستثمار.,Data-driven marketing campaigns designed to achieve the highest return on investment.,add-en-content-field,Proposed English copy for bilingual implementation; review brand/proper-name spelling before production.
SMART-I18N-2217,database_public_cms,services.json::التسويق الرقمي,features[0],إدارة وسائل التواصل الاجتماعي,Social Media Management,add-en-content-field,Proposed English copy for bilingual implementation; review brand/proper-name spelling before production.
SMART-I18N-2218,database_public_cms,services.json::التسويق الرقمي,features[1],إعلانات مدفوعة,Paid Advertising,add-en-content-field,Proposed English copy for bilingual implementation; review brand/proper-name spelling before production.
SMART-I18N-2219,database_public_cms,services.json::التسويق الرقمي,features[2],تحسين محركات البحث (SEO),Search Engine Optimization (SEO),add-en-content-field,Proposed English copy for bilingual implementation; review brand/proper-name spelling before production.
SMART-I18N-2220,database_public_cms,services.json::التسويق الرقمي,features[3],تحليل الأداء,Performance Analysis,add-en-content-field,Proposed English copy for bilingual implementation; review brand/proper-name spelling before production.
SMART-I18N-2221,database_public_cms,services.json::التسويق الرقمي,shortDescription,حملات تسويقية مدروسة لتحقيق أعلى عائد على الاستثمار,Strategic marketing campaigns designed to maximize return on investment,add-en-content-field,Proposed English copy for bilingual implementation; review brand/proper-name spelling before production.
SMART-I18N-2222,database_public_cms,services.json::حلول SaaS مخصصة,title,حلول SaaS مخصصة,Custom SaaS Solutions,add-en-content-field,Proposed English copy for bilingual implementation; review brand/proper-name spelling before production.
SMART-I18N-2223,database_public_cms,services.json::حلول SaaS مخصصة,description,تصميم وتطوير أنظمة SaaS قابلة للتوسع مع إدارة كاملة للسحابة والبنية التحتية.,Design and development of scalable SaaS systems with complete cloud and infrastructure management.,add-en-content-field,Proposed English copy for bilingual implementation; review brand/proper-name spelling before production.
SMART-I18N-2224,database_public_cms,services.json::حلول SaaS مخصصة,features[0],معمارية قابلة للتوسع,Scalable Architecture,add-en-content-field,Proposed English copy for bilingual implementation; review brand/proper-name spelling before production.
SMART-I18N-2225,database_public_cms,services.json::حلول SaaS مخصصة | services.json::استضافة وإدارة السحابة,features[1],إدارة السحابة,Cloud Management,add-en-content-field,Proposed English copy for bilingual implementation; review brand/proper-name spelling before production.
SMART-I18N-2226,database_public_cms,services.json::حلول SaaS مخصصة,features[3],تكامل مع APIs,API Integration,add-en-content-field,Proposed English copy for bilingual implementation; review brand/proper-name spelling before production.
SMART-I18N-2227,database_public_cms,services.json::حلول SaaS مخصصة,shortDescription,تصميم وتطوير أنظمة SaaS قابلة للتوسع,Design and development of scalable SaaS systems,add-en-content-field,Proposed English copy for bilingual implementation; review brand/proper-name spelling before production.
SMART-I18N-2228,database_public_cms,services.json::تحليل البيانات,title | features[0],تحليل البيانات,Data Analytics,add-en-content-field,Proposed English copy for bilingual implementation; review brand/proper-name spelling before production.
SMART-I18N-2229,database_public_cms,services.json::تحليل البيانات,description,تحويل بياناتك إلى رؤى قابلة للتنفيذ لاتخاذ قرارات أعمال أكثر ذكاءً.,Turn your data into actionable insights for smarter business decisions.,add-en-content-field,Proposed English copy for bilingual implementation; review brand/proper-name spelling before production.
SMART-I18N-2230,database_public_cms,services.json::تحليل البيانات,features[1],تقارير تفاعلية,Interactive Reports,add-en-content-field,Proposed English copy for bilingual implementation; review brand/proper-name spelling before production.
SMART-I18N-2231,database_public_cms,services.json::تحليل البيانات,features[2],لوحات تحكم,Dashboards,add-en-content-field,Proposed English copy for bilingual implementation; review brand/proper-name spelling before production.
SMART-I18N-2232,database_public_cms,services.json::تحليل البيانات,features[3],تنبؤات ذكية,Smart Forecasting,add-en-content-field,Proposed English copy for bilingual implementation; review brand/proper-name spelling before production.
SMART-I18N-2233,database_public_cms,services.json::تحليل البيانات,shortDescription,تحويل بياناتك إلى رؤى قابلة للتنفيذ,Turn your data into actionable insights,add-en-content-field,Proposed English copy for bilingual implementation; review brand/proper-name spelling before production.
SMART-I18N-2234,database_public_cms,services.json::استضافة وإدارة السحابة,title,استضافة وإدارة السحابة,Hosting and Cloud Management,add-en-content-field,Proposed English copy for bilingual implementation; review brand/proper-name spelling before production.
SMART-I18N-2235,database_public_cms,services.json::استضافة وإدارة السحابة,description,حلول استضافة متقدمة مع إدارة كاملة للخوادم والسحابة لتضمن أداءً مثاليًا.,Advanced hosting solutions with full server and cloud management to ensure optimal performance.,add-en-content-field,Proposed English copy for bilingual implementation; review brand/proper-name spelling before production.
SMART-I18N-2236,database_public_cms,services.json::استضافة وإدارة السحابة,features[0],استضافة موثوقة,Reliable Hosting,add-en-content-field,Proposed English copy for bilingual implementation; review brand/proper-name spelling before production.
SMART-I18N-2237,database_public_cms,services.json::استضافة وإدارة السحابة,features[2],نسخ احتياطي تلقائي,Automated Backups,add-en-content-field,Proposed English copy for bilingual implementation; review brand/proper-name spelling before production.
SMART-I18N-2238,database_public_cms,services.json::استضافة وإدارة السحابة,shortDescription,حلول استضافة متقدمة مع إدارة كاملة للخوادم والسحابة,Advanced hosting solutions with full server and cloud management,add-en-content-field,Proposed English copy for bilingual implementation; review brand/proper-name spelling before production.
SMART-I18N-2239,database_public_cms,teammembers.json::عبد السلام معاد,fullName,عبد السلام معاد,Abdulsalam Moaad,add-en-content-field,Proposed English copy for bilingual implementation; review brand/proper-name spelling before production.
SMART-I18N-2240,database_public_cms,teammembers.json::عبد السلام معاد,role,مدير المشاريع,Project Manager,add-en-content-field,Proposed English copy for bilingual implementation; review brand/proper-name spelling before production.
SMART-I18N-2241,database_public_cms,teammembers.json::عبد السلام معاد,bio,عبد السلام معاد مهندس برمجيات موبايل متخصص في تطوير تطبيقات Flutter متعددة المنصات، يمتلك خبرة قوية في بناء التطبيقات باستخدام Clean Architecture وBloc/Cubit، مع تنفيذ تكاملات REST API، المصادقة الآمنة، التخزين المحلي، الإشعارات، الخرائط، والدردشة الفورية عبر Socket.IO. لديه خبرة إضافية في تحليل الأنظمة قبل التطوير، أتمتة العمليات باستخدام Python وn8n، إلى جانب خبرته في تدريس Flutter والبرمجة. شارك في تطوير تطبيقات تجارة إلكترونية وخدمات واسعة النطاق مثل Tagadod وTRAS Phone وSmart Store، مع تركيز واضح على الأداء، الأمان، وقابلية التوسع.,"Abdulsalam Moaad is a mobile software engineer specializing in cross-platform Flutter application development. He has strong experience building applications with Clean Architecture and Bloc/Cubit, implementing REST API integrations, secure authentication, local storage, notifications, maps, and real-time chat through Socket.IO. His additional experience includes system analysis before development, process automation using Python and n8n, and teaching Flutter and programming. He has contributed to large-scale e-commerce and service applications such as Tagadod, TRAS Phone, and Smart Store, with a clear focus on performance, security, and scalability.",add-en-content-field,Proposed English copy for bilingual implementation; review brand/proper-name spelling before production.
SMART-I18N-2242,database_public_cms,teammembers.json::عبد السلام معاد,funFact,مهووس بالتفاصيل التي لا يلاحظها الجميع,Obsessed with the details most people never notice,add-en-content-field,Proposed English copy for bilingual implementation; review brand/proper-name spelling before production.
SMART-I18N-2243,database_public_cms,teammembers.json::عبد السلام معاد,specializations[0],مطور تطبيقات موبايل,Mobile Application Developer,add-en-content-field,Proposed English copy for bilingual implementation; review brand/proper-name spelling before production.
SMART-I18N-2244,database_public_cms,teammembers.json::عبد السلام معاد,specializations[1],مسؤول تطوير المنتجات,Product Development Lead,add-en-content-field,Proposed English copy for bilingual implementation; review brand/proper-name spelling before production.
SMART-I18N-2245,database_public_cms,teammembers.json::عبد السلام معاد,specializations[2],محلل أنظمة,Systems Analyst,add-en-content-field,Proposed English copy for bilingual implementation; review brand/proper-name spelling before production.
SMART-I18N-2246,database_public_cms,teammembers.json::عبد السلام معاد,specializations[3],أتمتة العمليات,Process Automation,add-en-content-field,Proposed English copy for bilingual implementation; review brand/proper-name spelling before production.
SMART-I18N-2247,database_public_cms,teammembers.json::محمد مراد,role,مطور Backend متقدم,Advanced Backend Developer,add-en-content-field,Proposed English copy for bilingual implementation; review brand/proper-name spelling before production.
SMART-I18N-2248,database_public_cms,teammembers.json::محمد مراد,bio,محمد مراد، خريج علوم حاسوب ورائد أعمال تقني ومطور برمجيات متخصص في بناء الأنظمة والمنصات الرقمية الحديثة. أسس مشاريع ومنتجات SaaS متعددة، ويعمل على تطوير حلول تقنية تخدم السوق اليمني والعربي. يمتلك خبرة عملية في قيادة الفرق التقنية، تطوير المنتجات، إدارة المشاريع، وتشغيل الأنظمة على نطاق إنتاجي.,"Mohammed Murad is a computer science graduate, technology entrepreneur, and software developer specializing in building modern digital systems and platforms. He has founded multiple SaaS projects and products and works on technology solutions serving the Yemeni and Arab markets. He has practical experience leading technical teams, developing products, managing projects, and operating systems in production environments.",add-en-content-field,Proposed English copy for bilingual implementation; review brand/proper-name spelling before production.
SMART-I18N-2249,database_public_cms,teammembers.json::محمد مراد,funFact,يحب البرمجة ب اسلوب التيكا تاكا💖💙,Loves coding with a Tiki-Taka style 💖💙,add-en-content-field,Proposed English copy for bilingual implementation; review brand/proper-name spelling before production.
SMART-I18N-2250,database_public_cms,teammembers.json::محمد مراد,specializations[0],تطوير تطبيقات ومنصات SaaS,SaaS Application and Platform Development,add-en-content-field,Proposed English copy for bilingual implementation; review brand/proper-name spelling before production.
SMART-I18N-2251,database_public_cms,teammembers.json::محمد مراد,specializations[2],هندسة البرمجيات وبناء الأنظمة,Software Engineering and Systems Development,add-en-content-field,Proposed English copy for bilingual implementation; review brand/proper-name spelling before production.
SMART-I18N-2252,database_public_cms,teammembers.json::محمد مراد,specializations[3],تصميم وبناء Architecture للأنظمة,System Architecture Design and Development,add-en-content-field,Proposed English copy for bilingual implementation; review brand/proper-name spelling before production.
SMART-I18N-2253,database_public_cms,teammembers.json::محمد مراد,specializations[4],Backend Development و APIs,Backend Development and APIs,add-en-content-field,Proposed English copy for bilingual implementation; review brand/proper-name spelling before production.
SMART-I18N-2254,database_public_cms,teammembers.json::محمد مراد,specializations[5],DevOps وإدارة الخوادم والبنية التحتية,"DevOps, Server Management, and Infrastructure",add-en-content-field,Proposed English copy for bilingual implementation; review brand/proper-name spelling before production.
SMART-I18N-2255,database_public_cms,teammembers.json::محمد مراد,specializations[7],الذكاء الاصطناعي وتكاملاته داخل المنتجات,Artificial Intelligence and Product Integrations,add-en-content-field,Proposed English copy for bilingual implementation; review brand/proper-name spelling before production.
SMART-I18N-2256,database_public_cms,teammembers.json::محمد مراد,specializations[8],إدارة المنتجات التقنية وتحويل الأفكار إلى مشاريع ناجحة,Technical Product Management and Turning Ideas into Successful Projects,add-en-content-field,Proposed English copy for bilingual implementation; review brand/proper-name spelling before production.
SMART-I18N-2257,database_public_cms,teammembers.json::إيمان جميل,bio,مصممة تجارب مستخدم وواجهات رقمية أعمل على تحويل الأفكار إلى تجارب مرئية مدروسة، تجمع بين البساطة، الوضوح، والهوية البصرية المتناسقة. أؤمن بأن التصميم الجيد يبدأ بفهم المستخدم وينتهي بتجربة تُحسن قِيَل أن تُرى.,"A user-experience and digital-interface designer who turns ideas into thoughtful visual experiences combining simplicity, clarity, and a cohesive visual identity. I believe good design starts with understanding the user and ends with an experience that feels right before it is even noticed.",add-en-content-field,Proposed English copy for bilingual implementation; review brand/proper-name spelling before production.
SMART-I18N-2258,database_public_cms,teammembers.json::إيمان جميل,funFact,عقلية مدريدية ⚪، ولمسة أنيقة احترافية✨,"A Madridista mindset ⚪ with an elegant, professional touch ✨",add-en-content-field,Proposed English copy for bilingual implementation; review brand/proper-name spelling before production.
SMART-I18N-2259,database_public_cms,technologies.json::NestJS,description,إطار عمل Node.js قوي وقابل للتوسع,A powerful and scalable Node.js framework,add-en-content-field,Proposed English copy for bilingual implementation; review brand/proper-name spelling before production.
SMART-I18N-2260,database_public_cms,technologies.json::NestJS,tooltip,إطار عمل قوي لبناء واجهات برمجية سريعة وآمنة,A powerful framework for building fast and secure APIs,add-en-content-field,Proposed English copy for bilingual implementation; review brand/proper-name spelling before production.
SMART-I18N-2261,database_public_cms,technologies.json::React,description,مكتبة JavaScript لبناء واجهات المستخدم,A JavaScript library for building user interfaces,add-en-content-field,Proposed English copy for bilingual implementation; review brand/proper-name spelling before production.
SMART-I18N-2262,database_public_cms,technologies.json::React,tooltip,مكتبة لبناء واجهات مستخدم تفاعلية وسريعة,A library for building fast and interactive user interfaces,add-en-content-field,Proposed English copy for bilingual implementation; review brand/proper-name spelling before production.
SMART-I18N-2263,database_public_cms,technologies.json::Next.js,description,إطار عمل JavaScript تقدمي,A progressive JavaScript framework,add-en-content-field,Proposed English copy for bilingual implementation; review brand/proper-name spelling before production.
SMART-I18N-2264,database_public_cms,technologies.json::Next.js,tooltip,إطار عمل مرن لبناء واجهات مستخدم حديثة,A flexible framework for building modern user interfaces,add-en-content-field,Proposed English copy for bilingual implementation; review brand/proper-name spelling before production.
SMART-I18N-2265,database_public_cms,technologies.json::Node.js,description,بيئة تشغيل JavaScript من جانب الخادم,A server-side JavaScript runtime,add-en-content-field,Proposed English copy for bilingual implementation; review brand/proper-name spelling before production.
SMART-I18N-2266,database_public_cms,technologies.json::Node.js,tooltip,بيئة سريعة لبناء خدمات الويب المقاسة,A fast runtime for building scalable web services,add-en-content-field,Proposed English copy for bilingual implementation; review brand/proper-name spelling before production.
SMART-I18N-2267,database_public_cms,technologies.json::MongoDB,description,قاعدة بيانات NoSQL,A NoSQL database,add-en-content-field,Proposed English copy for bilingual implementation; review brand/proper-name spelling before production.
SMART-I18N-2268,database_public_cms,technologies.json::MongoDB,tooltip,قاعدة بيانات مرنة وسريعة لتخزين البيانات,A flexible and fast database for storing data,add-en-content-field,Proposed English copy for bilingual implementation; review brand/proper-name spelling before production.
SMART-I18N-2269,database_public_cms,technologies.json::PostgreSQL,description,قاعدة بيانات علائقية متقدمة,An advanced relational database,add-en-content-field,Proposed English copy for bilingual implementation; review brand/proper-name spelling before production.
SMART-I18N-2270,database_public_cms,technologies.json::PostgreSQL,tooltip,قاعدة بيانات قوية وموثوقة للبيانات المعقدة,A powerful and reliable database for complex data,add-en-content-field,Proposed English copy for bilingual implementation; review brand/proper-name spelling before production.
SMART-I18N-2271,database_public_cms,technologies.json::Docker,description,منصة للحاويات,A container platform,add-en-content-field,Proposed English copy for bilingual implementation; review brand/proper-name spelling before production.
SMART-I18N-2272,database_public_cms,technologies.json::Docker,tooltip,نستخدمها لتسهيل نشر التطبيقات وإدارتها,We use it to simplify application deployment and management,add-en-content-field,Proposed English copy for bilingual implementation; review brand/proper-name spelling before production.
SMART-I18N-2273,database_public_cms,technologies.json::AWS,description,خدمات سحابية من Amazon,Cloud services from Amazon,add-en-content-field,Proposed English copy for bilingual implementation; review brand/proper-name spelling before production.
SMART-I18N-2274,database_public_cms,technologies.json::AWS,tooltip,خدمات سحابية موثوقة لتشغيل التطبيقات,Reliable cloud services for running applications,add-en-content-field,Proposed English copy for bilingual implementation; review brand/proper-name spelling before production.
SMART-I18N-2275,database_public_cms,technologies.json::React Native Expo,description,إطار عمل لتطوير تطبيقات الجوال,A framework for mobile application development,add-en-content-field,Proposed English copy for bilingual implementation; review brand/proper-name spelling before production.
SMART-I18N-2276,database_public_cms,technologies.json::React Native Expo,tooltip,لبناء تطبيقات جوال أصلية بتقنية واحدة,Build native mobile applications with a single technology stack,add-en-content-field,Proposed English copy for bilingual implementation; review brand/proper-name spelling before production.
SMART-I18N-2277,database_public_cms,technologies.json::Flutter,description,إطار عمل Google لتطوير التطبيقات,Google’s application development framework,add-en-content-field,Proposed English copy for bilingual implementation; review brand/proper-name spelling before production.
SMART-I18N-2278,database_public_cms,technologies.json::Flutter,tooltip,إطار عمل Google لبناء تطبيقات جوال جميلة,Google’s framework for building beautiful mobile applications,add-en-content-field,Proposed English copy for bilingual implementation; review brand/proper-name spelling before production.
SMART-I18N-2279,database_public_cms,technologies.json::TypeScript,description,JavaScript مع أنواع البيانات,JavaScript with static types,add-en-content-field,Proposed English copy for bilingual implementation; review brand/proper-name spelling before production.
SMART-I18N-2280,database_public_cms,technologies.json::TypeScript,tooltip,يجعل الكود أكثر أماناً وسهولة في الصيانة,Makes code safer and easier to maintain,add-en-content-field,Proposed English copy for bilingual implementation; review brand/proper-name spelling before production.
SMART-I18N-2281,database_public_cms,technologies.json::GraphQL,description,لغة استعلام للواجهات البرمجية,A query language for APIs,add-en-content-field,Proposed English copy for bilingual implementation; review brand/proper-name spelling before production.
SMART-I18N-2282,database_public_cms,technologies.json::GraphQL,tooltip,لطلب البيانات بدقة وكفاءة عالية,Request data precisely and efficiently,add-en-content-field,Proposed English copy for bilingual implementation; review brand/proper-name spelling before production.
SMART-I18N-2283,database_public_cms,technologies.json::Redis,description,مخزن بيانات في الذاكرة,An in-memory data store,add-en-content-field,Proposed English copy for bilingual implementation; review brand/proper-name spelling before production.
SMART-I18N-2284,database_public_cms,technologies.json::Redis,tooltip,نستخدمها لسرعة استجابة البيانات (Caching),We use it to improve data response speed through caching,add-en-content-field,Proposed English copy for bilingual implementation; review brand/proper-name spelling before production.
SMART-I18N-2285,database_public_cms,technologies.json::Qdrant db,description,قاعدة بيانات متجهات (Vector Database) مفتوحة المصدر، ومحرك بحث مخصص للبحث عن التشابه الدلالي,An open-source vector database and search engine specialized in semantic similarity search,add-en-content-field,Proposed English copy for bilingual implementation; review brand/proper-name spelling before production.
SMART-I18N-2286,database_public_cms,technologies.json::Qdrant db,tooltip,قاعدة بيانات متجهات,A vector database,add-en-content-field,Proposed English copy for bilingual implementation; review brand/proper-name spelling before production.
SMART-I18N-2287,database_public_cms,technologies.json::Prometheus,description,"نظام مراقبة (Monitoring) وتنبيه مفتوح المصدر يُستخدم على نطاق واسع في إدارة الخوادم. يجمع ""بروميثيوس"" بيانات أداء الأنظمة بشكل دوري، ويخزنها في قاعدة بيانات، ويتيح للمستخدمين تحليلها وعرضها عبر أدوات خارجية مثل Grafana، أو إرسال تنبيهات فورية عند حدوث أعطال","An open-source monitoring and alerting system widely used for server management. Prometheus periodically collects system performance metrics, stores them in a time-series database, and enables analysis and visualization through external tools such as Grafana or real-time alerts when failures occur.",add-en-content-field,Proposed English copy for bilingual implementation; review brand/proper-name spelling before production.
SMART-I18N-2288,database_public_cms,technologies.json::Prometheus,tooltip,نظام مراقبة (Monitoring) وتنبيه مفتوح المصدر يُستخدم على نطاق واسع في إدارة الخوادم,An open-source monitoring and alerting system widely used in server management,add-en-content-field,Proposed English copy for bilingual implementation; review brand/proper-name spelling before production.
SMART-I18N-2289,database_public_cms,technologies.json::Kubernetes,description,"هي منصة مفتوحة المصدر لإدارة وأتمتة تطبيقات ""الحاويات"" (Containers). تم تصميمها في الأصل بواسطة Google وتُستخدم لنشر تطبيقاتك، توسيع نطاقها (تكبيرها/تصغيرها)، وصيانتها عبر خوادم متعددة بشكل آلي ودون أي تدخل يدوي.","An open-source platform for managing and automating containerized applications. Originally designed by Google, Kubernetes is used to deploy, scale up or down, and maintain applications automatically across multiple servers with minimal manual intervention.",add-en-content-field,Proposed English copy for bilingual implementation; review brand/proper-name spelling before production.
SMART-I18N-2290,database_public_cms,technologies.json::Kubernetes,tooltip,"منصة مفتوحة المصدر لإدارة وأتمتة تطبيقات ""الحاويات"" (Containers).",An open-source platform for managing and automating containerized applications.,add-en-content-field,Proposed English copy for bilingual implementation; review brand/proper-name spelling before production.
SMART-I18N-2291,database_public_cms,technologies.json::Garfana,description,منصة مفتوحة المصدر تُستخدم أساساً لتحليل البيانات وإنشاء لوحات معلومات (Dashboards) تفاعلية ورسوم بيانية احترافية. وظيفته الأساسية هي أخذ البيانات المعقدة وعرضها بصورة مرئية واضحة ومفهومة في الوقت الفعلي.,"An open-source platform primarily used for data analysis and for creating interactive dashboards and professional charts. Its core role is to turn complex data into clear, understandable, real-time visualizations.",add-en-content-field,Proposed English copy for bilingual implementation; review brand/proper-name spelling before production.
SMART-I18N-2292,database_public_cms,technologies.json::Garfana,tooltip,منصة تُستخدم أساساً لتحليل البيانات وإنشاء لوحات معلومات (Dashboards) تفاعلية ورسوم بيانية احترافية,A platform primarily used for data analysis and for creating interactive dashboards and professional charts,add-en-content-field,Proposed English copy for bilingual implementation; review brand/proper-name spelling before production.
SMART-I18N-2293,database_public_cms,technologies.json::Ansible,description,هو أداة برمجية مفتوحة المصدر تُستخدم لأتمتة مهام تكنولوجيا المعلومات (IT Automation)، مثل إدارة التكوينات، ونشر التطبيقات، وإدارة البنية التحتية ككود (Infrastructure as Code).,"An open-source software tool used to automate IT tasks such as configuration management, application deployment, and Infrastructure as Code.",add-en-content-field,Proposed English copy for bilingual implementation; review brand/proper-name spelling before production.
SMART-I18N-2294,database_public_cms,technologies.json::Ansible,tooltip,أداة برمجية مفتوحة المصدر تُستخدم لأتمتة مهام تكنولوجيا المعلومات (IT Automation)،,An open-source software tool used to automate IT tasks,add-en-content-field,Proposed English copy for bilingual implementation; review brand/proper-name spelling before production.
SMART-I18N-2295,database_public_cms,technologies.json::Tailwind CSS,description,"إطار عمل (Framework) حديث ومبني بلغة CSS، يعتمد على فلسفة ""الأولوية للأداة"" (Utility-First). بدلاً من توفير قوالب وأزرار جاهزة كما تفعل أطر العمل التقليدية (مثل Bootstrap)، فإنه يقدم فئات (Classes) صغيرة ومحددة تقوم بوظيفة واحدة (مثل إضافة مسافة، أو تغيير لون).","A modern CSS framework based on a Utility-First philosophy. Rather than providing prebuilt templates and buttons like traditional frameworks such as Bootstrap, it provides small, focused classes that each perform a specific function, such as adding spacing or changing a color.",add-en-content-field,Proposed English copy for bilingual implementation; review brand/proper-name spelling before production.
SMART-I18N-2296,database_public_cms,technologies.json::Tailwind CSS,tooltip,إطار عمل (Framework) حديث ومبني بلغة CSS،,A modern framework built with CSS,add-en-content-field,Proposed English copy for bilingual implementation; review brand/proper-name spelling before production.
SMART-I18N-2297,database_public_cms,technologies.json::RabbitMQ ,description,"وسيط رسائل (Message Broker) مفتوح المصدر؛ يعمل كنظام أساسي لاستلام وتخزين وتوجيه الرسائل بين التطبيقات أو الخدمات المختلفة. يشبه ""مكتب بريد"" ذكي يضمن تواصل الأنظمة الموزعة مع بعضها البعض بشكل غير متزامن وموثوق.","An open-source message broker that receives, stores, and routes messages between different applications or services. It acts like an intelligent post office that allows distributed systems to communicate asynchronously and reliably.",add-en-content-field,Proposed English copy for bilingual implementation; review brand/proper-name spelling before production.
SMART-I18N-2298,database_public_cms,technologies.json::RabbitMQ ,tooltip,يعمل كنظام أساسي لاستلام وتخزين وتوجيه الرسائل بين التطبيقات أو الخدمات المختلفة.,"A system for receiving, storing, and routing messages between different applications or services.",add-en-content-field,Proposed English copy for bilingual implementation; review brand/proper-name spelling before production.
SMART-I18N-2299,database_public_cms,technologies.json::WebSocket ,description,بروتوكول اتصال مبني على شبكة الإنترنت يوفر اتصالاً مستمراً وثنائي الاتجاه (Full-duplex) بين المتصفح (العميل) والخادم (Server). يسمح بتبادل البيانات الفوري واللحظي بمجرد فتح الاتصال، دون الحاجة إلى إرسال طلبات (HTTP) جديدة ومتكررة في كل مرة.,"A web communication protocol that provides a persistent, bidirectional full-duplex connection between a browser or client and a server. It enables immediate real-time data exchange once the connection is established without requiring repeated new HTTP requests.",add-en-content-field,Proposed English copy for bilingual implementation; review brand/proper-name spelling before production.
SMART-I18N-2300,database_public_cms,technologies.json::WebSocket ,tooltip,يسمح بتبادل البيانات الفوري واللحظي بمجرد فتح الاتصال، دون الحاجة إلى إرسال طلبات (HTTP) جديدة ومتكررة في كل مرة.,Enables immediate real-time data exchange once the connection is established without repeated new HTTP requests.,add-en-content-field,Proposed English copy for bilingual implementation; review brand/proper-name spelling before production.
SMART-I18N-2301,database_public_cms,technologies.json::SQLite,description,هي محرك قواعد بيانات علائقي مدمج ومفتوح المصدر. على عكس قواعد البيانات التقليدية، لا تتطلب خادماً مستقلاً (Serverless). بدلاً من ذلك، يتم تخزين قاعدة البيانات بالكامل داخل ملف واحد بسيط يمكن نسخه ونقله بسهولة تامة.,"An embedded, open-source relational database engine. Unlike traditional databases, SQLite does not require a separate server. Instead, the entire database is stored in a single simple file that can be copied and moved easily.",add-en-content-field,Proposed English copy for bilingual implementation; review brand/proper-name spelling before production.
SMART-I18N-2302,database_public_cms,technologies.json::SQLite,tooltip,تستخدم للتخزين المحلي للتطبيقات لكي تكون لديها وضع اوفلاين,Used for local application storage to provide offline functionality,add-en-content-field,Proposed English copy for bilingual implementation; review brand/proper-name spelling before production.
SMART-I18N-2303,database_public_cms,testimonials.json::محمد العلي,clientName,محمد العلي,Mohammed Al-Ali,add-en-content-field,Proposed English copy for bilingual implementation; review brand/proper-name spelling before production.
SMART-I18N-2304,database_public_cms,testimonials.json::محمد العلي,position,المدير التنفيذي,Chief Executive Officer,add-en-content-field,Proposed English copy for bilingual implementation; review brand/proper-name spelling before production.
SMART-I18N-2305,database_public_cms,testimonials.json::محمد العلي,companyName,شركة التجارة الإلكترونية,E-Commerce Company,add-en-content-field,Proposed English copy for bilingual implementation; review brand/proper-name spelling before production.
SMART-I18N-2306,database_public_cms,testimonials.json::محمد العلي,content,لقد كانت تجربة رائعة العمل مع Smart Agency. فريق محترف ومتفاني، وقد نجحوا في تطوير نظام متجر إلكتروني متكامل يفوق توقعاتنا. الأداء ممتاز والدعم الفني مستمر.,"Working with Smart Agency was a great experience. The team was professional and dedicated, and they successfully developed an integrated e-commerce system that exceeded our expectations. Performance is excellent and technical support is continuous.",add-en-content-field,Proposed English copy for bilingual implementation; review brand/proper-name spelling before production.
SMART-I18N-2307,database_public_cms,testimonials.json::فاطمة السالم,clientName,فاطمة السالم,Fatima Al-Salem,add-en-content-field,Proposed English copy for bilingual implementation; review brand/proper-name spelling before production.
SMART-I18N-2308,database_public_cms,testimonials.json::فاطمة السالم,position,مديرة التطوير,Development Manager,add-en-content-field,Proposed English copy for bilingual implementation; review brand/proper-name spelling before production.
SMART-I18N-2309,database_public_cms,testimonials.json::فاطمة السالم,companyName,شركة الإنتاجية,Productivity Company,add-en-content-field,Proposed English copy for bilingual implementation; review brand/proper-name spelling before production.
SMART-I18N-2310,database_public_cms,testimonials.json::فاطمة السالم,content,تطبيق إدارة المهام الذي طوروه لنا غير طريقة عملنا بالكامل. أصبحنا أكثر إنتاجية وتنظيماً. التطبيق سهل الاستخدام وسريع، والفريق كان متجاوباً جداً مع متطلباتنا.,"The task-management application they developed for us completely changed the way we work. We became more productive and organized. The application is easy to use and fast, and the team was highly responsive to our requirements.",add-en-content-field,Proposed English copy for bilingual implementation; review brand/proper-name spelling before production.
SMART-I18N-2311,database_public_cms,testimonials.json::خالد النجار,clientName,خالد النجار,Khaled Al-Najjar,add-en-content-field,Proposed English copy for bilingual implementation; review brand/proper-name spelling before production.
SMART-I18N-2312,database_public_cms,testimonials.json::خالد النجار,position,مدير تقنية المعلومات,IT Manager,add-en-content-field,Proposed English copy for bilingual implementation; review brand/proper-name spelling before production.
SMART-I18N-2313,database_public_cms,testimonials.json::خالد النجار,companyName,مصنع التصنيع المتقدم,Advanced Manufacturing Factory,add-en-content-field,Proposed English copy for bilingual implementation; review brand/proper-name spelling before production.
SMART-I18N-2314,database_public_cms,testimonials.json::خالد النجار,content,نظام ERP الذي طوروه لنا ساعدنا في تحسين عملياتنا بشكل كبير. تقليل التكاليف وزيادة الكفاءة كانت نتائج ملموسة. أنصح بشدة بالعمل معهم.,The ERP system they developed for us helped us significantly improve our operations. Lower costs and higher efficiency were tangible results. I highly recommend working with them.,add-en-content-field,Proposed English copy for bilingual implementation; review brand/proper-name spelling before production.
SMART-I18N-2315,database_public_cms,testimonials.json::نورا أحمد,clientName,نورا أحمد,Noura Ahmed,add-en-content-field,Proposed English copy for bilingual implementation; review brand/proper-name spelling before production.
SMART-I18N-2316,database_public_cms,testimonials.json::نورا أحمد,position,المؤسسة والمديرة,Founder and Manager,add-en-content-field,Proposed English copy for bilingual implementation; review brand/proper-name spelling before production.
SMART-I18N-2317,database_public_cms,testimonials.json::نورا أحمد,companyName,متجر الأزياء الأنيق,Elegant Fashion Store,add-en-content-field,Proposed English copy for bilingual implementation; review brand/proper-name spelling before production.
SMART-I18N-2318,database_public_cms,testimonials.json::نورا أحمد,content,المتجر الإلكتروني الذي طوروه لنا جميل وسهل الاستخدام. المبيعات زادت بشكل كبير منذ إطلاقه. الفريق كان محترفاً ومتابعاً لكل التفاصيل.,The online store they developed for us is beautiful and easy to use. Sales have increased significantly since launch. The team was professional and attentive to every detail.,add-en-content-field,Proposed English copy for bilingual implementation; review brand/proper-name spelling before production.
