id,source_type,source,field_or_context,arabic_text,english_translation,treatment,translation_note
SMART-I18N-0001,frontend_public_static,frontend/src/pages/about.tsx:53,double,من نحن | Smart Agency,About Us | Smart Agency,i18n-public-ui,Proposed English copy for bilingual implementation; review brand/proper-name spelling before production.
SMART-I18N-0002,frontend_public_static,frontend/src/pages/about.tsx:54,double,تعرف على وكالة سمارت ورؤيتنا وقصتنا في تقديم الحلول الرقمية المبتكرة.,"Learn about Smart Agency, our vision, our story, and how we deliver innovative digital solutions.",i18n-public-ui,Proposed English copy for bilingual implementation; review brand/proper-name spelling before production.
SMART-I18N-0003,frontend_public_static,frontend/src/pages/about.tsx:55,double,"وكالة سمارت, حلول رقمية, تطوير مواقع, تصميم واجهات","Smart Agency, digital solutions, web development, interface design",i18n-public-ui,Proposed English copy for bilingual implementation; review brand/proper-name spelling before production.
SMART-I18N-0004,frontend_public_static,frontend/src/pages/about.tsx:138,jsx,لا توجد بيانات متاحة,No data available,i18n-public-ui,Proposed English copy for bilingual implementation; review brand/proper-name spelling before production.
SMART-I18N-0005,frontend_public_static,frontend/src/pages/about.tsx:139,jsx,نواجه مشكلة في عرض تفاصيل هذه الصفحة حالياً.,We are currently having trouble displaying the details of this page.,i18n-public-ui,Proposed English copy for bilingual implementation; review brand/proper-name spelling before production.
SMART-I18N-0006,frontend_public_static,frontend/src/pages/blog.tsx:67,double,تعذر تحميل المقالات. حاول مرة أخرى.,Unable to load articles. Please try again.,i18n-public-ui,Proposed English copy for bilingual implementation; review brand/proper-name spelling before production.
SMART-I18N-0007,frontend_public_static,frontend/src/pages/blog.tsx:104,jsx,كل الأنواع,All types,i18n-public-ui,Proposed English copy for bilingual implementation; review brand/proper-name spelling before production.
SMART-I18N-0008,frontend_public_static,frontend/src/pages/blog.tsx:105,jsx,مقالات,Articles,i18n-public-ui,Proposed English copy for bilingual implementation; review brand/proper-name spelling before production.
SMART-I18N-0009,frontend_public_static,frontend/src/pages/blog.tsx:106,jsx,أدلة عملية,Practical Guides,i18n-public-ui,Proposed English copy for bilingual implementation; review brand/proper-name spelling before production.
SMART-I18N-0010,frontend_public_static,frontend/src/pages/blog.tsx:107,jsx,دراسات حالة,Case Studies,i18n-public-ui,Proposed English copy for bilingual implementation; review brand/proper-name spelling before production.
SMART-I18N-0011,frontend_public_static,frontend/src/pages/blog.tsx:108,jsx,رؤى تقنية,Tech Insights,i18n-public-ui,Proposed English copy for bilingual implementation; review brand/proper-name spelling before production.
SMART-I18N-0012,frontend_public_static,frontend/src/pages/blog.tsx:109,jsx,أخبار,News,i18n-public-ui,Proposed English copy for bilingual implementation; review brand/proper-name spelling before production.
SMART-I18N-0013,frontend_public_static,frontend/src/pages/blog.tsx:116,jsx,الأحدث,Latest,i18n-public-ui,Proposed English copy for bilingual implementation; review brand/proper-name spelling before production.
SMART-I18N-0014,frontend_public_static,frontend/src/pages/blog.tsx:117 | frontend/src/components/blog/BlogSidebar.tsx:20,jsx,الأكثر قراءة,Most Read,i18n-public-ui,Proposed English copy for bilingual implementation; review brand/proper-name spelling before production.
SMART-I18N-0015,frontend_public_static,frontend/src/pages/blog.tsx:118,jsx,المميز أولاً,Featured First,i18n-public-ui,Proposed English copy for bilingual implementation; review brand/proper-name spelling before production.
SMART-I18N-0016,frontend_public_static,frontend/src/pages/blogDetails.tsx:108,double,تعذر تحميل المقال. تأكد من الرابط وحاول مرة أخرى.,Unable to load the article. Check the link and try again.,i18n-public-ui,Proposed English copy for bilingual implementation; review brand/proper-name spelling before production.
SMART-I18N-0017,frontend_public_static,frontend/src/pages/blogDetails.tsx:130,jsx,جاري تحميل المقال...,Loading article...,i18n-public-ui,Proposed English copy for bilingual implementation; review brand/proper-name spelling before production.
SMART-I18N-0018,frontend_public_static,frontend/src/pages/blogDetails.tsx:139,double,المقال غير موجود,Article not found,i18n-public-ui,Proposed English copy for bilingual implementation; review brand/proper-name spelling before production.
SMART-I18N-0019,frontend_public_static,frontend/src/pages/blogDetails.tsx:139,jsx,"{error || ""المقال غير موجود""}","{error || ""Article not found""}",i18n-public-ui,Proposed English copy for bilingual implementation; review brand/proper-name spelling before production.
SMART-I18N-0020,frontend_public_static,frontend/src/pages/blogDetails.tsx:183,jsx,ملخص سريع,Quick Summary,i18n-public-ui,Proposed English copy for bilingual implementation; review brand/proper-name spelling before production.
SMART-I18N-0021,frontend_public_static,frontend/src/pages/bot.tsx:9 | frontend/src/components/BotTeaser.tsx:61,double,ردود ذكية,Smart Responses,i18n-public-ui,Proposed English copy for bilingual implementation; review brand/proper-name spelling before production.
SMART-I18N-0022,frontend_public_static,frontend/src/pages/bot.tsx:10,double,يحلل استفسارات العملاء ويقدم إجابات دقيقة بناءً على معلومات نشاطك,Analyzes customer inquiries and provides accurate answers based on your business information,i18n-public-ui,Proposed English copy for bilingual implementation; review brand/proper-name spelling before production.
SMART-I18N-0023,frontend_public_static,frontend/src/pages/bot.tsx:14,double,متعدد المنصات,Multi-Platform,i18n-public-ui,Proposed English copy for bilingual implementation; review brand/proper-name spelling before production.
SMART-I18N-0024,frontend_public_static,frontend/src/pages/bot.tsx:15,double,يعمل على واتساب، إنستغرام، موقعك وحتى رسائل SMS,"Works on WhatsApp, Instagram, your website, and even SMS",i18n-public-ui,Proposed English copy for bilingual implementation; review brand/proper-name spelling before production.
SMART-I18N-0025,frontend_public_static,frontend/src/pages/bot.tsx:19,double,دعم 24/7,24/7 Support,i18n-public-ui,Proposed English copy for bilingual implementation; review brand/proper-name spelling before production.
SMART-I18N-0026,frontend_public_static,frontend/src/pages/bot.tsx:20,double,يقدم خدمة العملاء على مدار الساعة دون توقف,Provides customer service around the clock without interruption,i18n-public-ui,Proposed English copy for bilingual implementation; review brand/proper-name spelling before production.
SMART-I18N-0027,frontend_public_static,frontend/src/pages/bot.tsx:24,double,تكامل سهل,Easy Integration,i18n-public-ui,Proposed English copy for bilingual implementation; review brand/proper-name spelling before production.
SMART-I18N-0028,frontend_public_static,frontend/src/pages/bot.tsx:25,double,يتكامل مع أدواتك الحالية في دقائق بدون تعقيد,Integrates with your existing tools in minutes without complexity,i18n-public-ui,Proposed English copy for bilingual implementation; review brand/proper-name spelling before production.
SMART-I18N-0029,frontend_public_static,frontend/src/pages/bot.tsx:64 | frontend/src/components/BotTeaser.tsx:41,jsx,لخدمة العملاء,for Customer Service,i18n-public-ui,Proposed English copy for bilingual implementation; review brand/proper-name spelling before production.
SMART-I18N-0030,frontend_public_static,frontend/src/pages/bot.tsx:113,jsx,أهلاً 👋 أنا مساعدك الذكي، كيف يمكنني مساعدتك اليوم؟,Hello 👋 I’m your smart assistant. How can I help you today?,i18n-public-ui,Proposed English copy for bilingual implementation; review brand/proper-name spelling before production.
SMART-I18N-0031,frontend_public_static,frontend/src/pages/bot.tsx:134,jsx,تميزنا,What Sets Us Apart,i18n-public-ui,Proposed English copy for bilingual implementation; review brand/proper-name spelling before production.
SMART-I18N-0032,frontend_public_static,frontend/src/pages/bot.tsx:171,jsx,جاهز لتحويل خدمة عملائك؟,Ready to transform your customer service?,i18n-public-ui,Proposed English copy for bilingual implementation; review brand/proper-name spelling before production.
SMART-I18N-0033,frontend_public_static,frontend/src/pages/contact.tsx:47,double,استفسار عام,General Inquiry,i18n-public-ui,Proposed English copy for bilingual implementation; review brand/proper-name spelling before production.
SMART-I18N-0034,frontend_public_static,frontend/src/pages/contact.tsx:48,double,شراكة,Partnership,i18n-public-ui,Proposed English copy for bilingual implementation; review brand/proper-name spelling before production.
SMART-I18N-0035,frontend_public_static,frontend/src/pages/contact.tsx:49,double,دعم فني,Technical Support,i18n-public-ui,Proposed English copy for bilingual implementation; review brand/proper-name spelling before production.
SMART-I18N-0036,frontend_public_static,frontend/src/pages/contact.tsx:50,double,طلب اجتماع,Meeting Request,i18n-public-ui,Proposed English copy for bilingual implementation; review brand/proper-name spelling before production.
SMART-I18N-0037,frontend_public_static,frontend/src/pages/contact.tsx:51,double,طلب عرض سعر,Request a Quote,i18n-public-ui,Proposed English copy for bilingual implementation; review brand/proper-name spelling before production.
SMART-I18N-0038,frontend_public_static,frontend/src/pages/contact.tsx:56,double,هل الاستشارة الأولية مجانية؟,Is the initial consultation free?,i18n-public-ui,Proposed English copy for bilingual implementation; review brand/proper-name spelling before production.
SMART-I18N-0039,frontend_public_static,frontend/src/pages/contact.tsx:58,double,نعم، نراجع الفكرة مبدئيًا ونقترح الخطوة الأنسب دون أي تكلفة.,Yes. We review your idea at a high level and recommend the most suitable next step at no cost.,i18n-public-ui,Proposed English copy for bilingual implementation; review brand/proper-name spelling before production.
SMART-I18N-0040,frontend_public_static,frontend/src/pages/contact.tsx:61,double,كم يستغرق الرد؟,How long does it take to receive a response?,i18n-public-ui,Proposed English copy for bilingual implementation; review brand/proper-name spelling before production.
SMART-I18N-0041,frontend_public_static,frontend/src/pages/contact.tsx:62,double,عادة خلال 24 ساعة عمل. للأمور العاجلة يمكنك التواصل عبر واتساب.,"Usually within 24 business hours. For urgent matters, you can contact us via WhatsApp.",i18n-public-ui,Proposed English copy for bilingual implementation; review brand/proper-name spelling before production.
SMART-I18N-0042,frontend_public_static,frontend/src/pages/contact.tsx:65,double,هل تعملون مع عملاء خارج اليمن؟,Do you work with clients outside Yemen?,i18n-public-ui,Proposed English copy for bilingual implementation; review brand/proper-name spelling before production.
SMART-I18N-0043,frontend_public_static,frontend/src/pages/contact.tsx:67,double,نعم، نستطيع العمل عن بُعد مع عملاء من مختلف الدول حسب طبيعة المشروع.,Yes. We can work remotely with clients from different countries depending on the nature of the project.,i18n-public-ui,Proposed English copy for bilingual implementation; review brand/proper-name spelling before production.
SMART-I18N-0044,frontend_public_static,frontend/src/pages/contact.tsx:70,double,هل يمكن إرسال ملف أو وصف كامل للمشروع؟,Can I send a file or a complete project brief?,i18n-public-ui,Proposed English copy for bilingual implementation; review brand/proper-name spelling before production.
SMART-I18N-0045,frontend_public_static,frontend/src/pages/contact.tsx:72,double,نعم، يمكن إرساله عبر البريد الإلكتروني أو ذكر روابط مرجعية في نموذج التواصل.,Yes. You can send it by email or include reference links in the contact form.,i18n-public-ui,Proposed English copy for bilingual implementation; review brand/proper-name spelling before production.
SMART-I18N-0046,frontend_public_static,frontend/src/pages/contact.tsx:78,double,لديك فكرة مشروع واضحة,You have a clear project idea,i18n-public-ui,Proposed English copy for bilingual implementation; review brand/proper-name spelling before production.
SMART-I18N-0047,frontend_public_static,frontend/src/pages/contact.tsx:79 | frontend/src/pages/contact.tsx:254 | frontend/src/pages/contact.tsx:503 | frontend/src/components/blog/ArticleCTA.tsx:9,double | jsx,ابدأ مشروعك,Start Your Project,i18n-public-ui,Proposed English copy for bilingual implementation; review brand/proper-name spelling before production.
SMART-I18N-0048,frontend_public_static,frontend/src/pages/contact.tsx:84,double,لديك سؤال سريع,You have a quick question,i18n-public-ui,Proposed English copy for bilingual implementation; review brand/proper-name spelling before production.
SMART-I18N-0049,frontend_public_static,frontend/src/pages/contact.tsx:85,double,تواصل عبر واتساب,Contact Us on WhatsApp,i18n-public-ui,Proposed English copy for bilingual implementation; review brand/proper-name spelling before production.
SMART-I18N-0050,frontend_public_static,frontend/src/pages/contact.tsx:91,double,لديك عرض شراكة أو ملف رسمي,You have a partnership proposal or an official document,i18n-public-ui,Proposed English copy for bilingual implementation; review brand/proper-name spelling before production.
SMART-I18N-0051,frontend_public_static,frontend/src/pages/contact.tsx:92,double,راسلنا عبر البريد,Email Us,i18n-public-ui,Proposed English copy for bilingual implementation; review brand/proper-name spelling before production.
SMART-I18N-0052,frontend_public_static,frontend/src/pages/contact.tsx:98,double,تريد معرفة خدماتنا,You want to learn about our services,i18n-public-ui,Proposed English copy for bilingual implementation; review brand/proper-name spelling before production.
SMART-I18N-0053,frontend_public_static,frontend/src/pages/contact.tsx:99,double,تصفح الخدمات,Browse Services,i18n-public-ui,Proposed English copy for bilingual implementation; review brand/proper-name spelling before production.
SMART-I18N-0054,frontend_public_static,frontend/src/pages/contact.tsx:159,double,فشل إرسال الرسالة. يرجى المحاولة مرة أخرى.,Failed to send the message. Please try again.,i18n-public-ui,Proposed English copy for bilingual implementation; review brand/proper-name spelling before production.
SMART-I18N-0055,frontend_public_static,frontend/src/pages/contact.tsx:211,jsx,فريقنا جاهز للاستجابة,Our team is ready to respond,i18n-public-ui,Proposed English copy for bilingual implementation; review brand/proper-name spelling before production.
SMART-I18N-0056,frontend_public_static,frontend/src/pages/contact.tsx:216,jsx,نحب سماع الأفكار الجادة,We love hearing serious ideas,i18n-public-ui,Proposed English copy for bilingual implementation; review brand/proper-name spelling before production.
SMART-I18N-0057,frontend_public_static,frontend/src/pages/contact.tsx:226,double,نرد خلال 24 ساعة,We respond within 24 hours,i18n-public-ui,Proposed English copy for bilingual implementation; review brand/proper-name spelling before production.
SMART-I18N-0058,frontend_public_static,frontend/src/pages/contact.tsx:227,double,استشارة أولية مجانية,Free Initial Consultation,i18n-public-ui,Proposed English copy for bilingual implementation; review brand/proper-name spelling before production.
SMART-I18N-0059,frontend_public_static,frontend/src/pages/contact.tsx:228,double,فريق تقني وتجاري,Technical and Commercial Team,i18n-public-ui,Proposed English copy for bilingual implementation; review brand/proper-name spelling before production.
SMART-I18N-0060,frontend_public_static,frontend/src/pages/contact.tsx:229,double,نخدم العملاء محليًا وعن بُعد,We serve clients locally and remotely,i18n-public-ui,Proposed English copy for bilingual implementation; review brand/proper-name spelling before production.
SMART-I18N-0061,frontend_public_static,frontend/src/pages/contact.tsx:571,double,أدخل اسمك الكامل,Enter your full name,i18n-public-ui,Proposed English copy for bilingual implementation; review brand/proper-name spelling before production.
SMART-I18N-0062,frontend_public_static,frontend/src/pages/contact.tsx:657,double,اكتب رسالتك هنا...,Write your message here...,i18n-public-ui,Proposed English copy for bilingual implementation; review brand/proper-name spelling before production.
SMART-I18N-0063,frontend_public_static,frontend/src/pages/contact.tsx:732,jsx,موقعنا,Our Location,i18n-public-ui,Proposed English copy for bilingual implementation; review brand/proper-name spelling before production.
SMART-I18N-0064,frontend_public_static,frontend/src/pages/contact.tsx:738 | frontend/src/components/Footer.tsx:480,jsx,صنعاء، اليمن,"Sana’a, Yemen",i18n-public-ui,Proposed English copy for bilingual implementation; review brand/proper-name spelling before production.
SMART-I18N-0065,frontend_public_static,frontend/src/pages/contact.tsx:739,jsx,الموقع الرئيسي,Main Office,i18n-public-ui,Proposed English copy for bilingual implementation; review brand/proper-name spelling before production.
SMART-I18N-0066,frontend_public_static,frontend/src/pages/contact.tsx:745,jsx,نطاق العمل,Service Area,i18n-public-ui,Proposed English copy for bilingual implementation; review brand/proper-name spelling before production.
SMART-I18N-0067,frontend_public_static,frontend/src/pages/contact.tsx:746,jsx,اليمن + عملاء عن بُعد,Yemen + Remote Clients,i18n-public-ui,Proposed English copy for bilingual implementation; review brand/proper-name spelling before production.
SMART-I18N-0068,frontend_public_static,frontend/src/pages/contact.tsx:770,jsx,الأحد - الخميس,Sunday - Thursday,i18n-public-ui,Proposed English copy for bilingual implementation; review brand/proper-name spelling before production.
SMART-I18N-0069,frontend_public_static,frontend/src/pages/contact.tsx:771,jsx,9:00 ص - 5:00 م,9:00 AM - 5:00 PM,i18n-public-ui,Proposed English copy for bilingual implementation; review brand/proper-name spelling before production.
SMART-I18N-0070,frontend_public_static,frontend/src/pages/contact.tsx:777,jsx,متوسط الرد,Average Response Time,i18n-public-ui,Proposed English copy for bilingual implementation; review brand/proper-name spelling before production.
SMART-I18N-0071,frontend_public_static,frontend/src/pages/contact.tsx:778,jsx,خلال 24 ساعة عمل,Within 24 Business Hours,i18n-public-ui,Proposed English copy for bilingual implementation; review brand/proper-name spelling before production.
SMART-I18N-0072,frontend_public_static,frontend/src/pages/contact.tsx:903 | frontend/src/components/projects/details/ProjectSidebar.tsx:167 | frontend/src/components/hero/Hero.tsx:72,jsx,ابدأ مشروعك الآن,Start Your Project Now,i18n-public-ui,Proposed English copy for bilingual implementation; review brand/proper-name spelling before production.
SMART-I18N-0073,frontend_public_static,frontend/src/pages/projectDetails.tsx:103,double,فشل تحميل المشروع. يرجى المحاولة مرة أخرى.,Failed to load the project. Please try again.,i18n-public-ui,Proposed English copy for bilingual implementation; review brand/proper-name spelling before production.
SMART-I18N-0074,frontend_public_static,frontend/src/pages/projectDetails.tsx:128,jsx,جاري تحميل تفاصيل المشروع الفنية...,Loading project technical details...,i18n-public-ui,Proposed English copy for bilingual implementation; review brand/proper-name spelling before production.
SMART-I18N-0075,frontend_public_static,frontend/src/pages/projectDetails.tsx:138,double,المشروع المطلوب غير متوفر حالياً,The requested project is currently unavailable,i18n-public-ui,Proposed English copy for bilingual implementation; review brand/proper-name spelling before production.
SMART-I18N-0076,frontend_public_static,frontend/src/pages/projectDetails.tsx:138,jsx,"{error || ""المشروع المطلوب غير متوفر حالياً""}","{error || ""The requested project is currently unavailable""}",i18n-public-ui,Proposed English copy for bilingual implementation; review brand/proper-name spelling before production.
SMART-I18N-0077,frontend_public_static,frontend/src/pages/projectDetails.tsx:144,jsx,العودة إلى معرض المشاريع,Back to Projects Showcase,i18n-public-ui,Proposed English copy for bilingual implementation; review brand/proper-name spelling before production.
SMART-I18N-0078,frontend_public_static,frontend/src/pages/quote.tsx:84,double,موقع إلكتروني,Website,i18n-public-ui,Proposed English copy for bilingual implementation; review brand/proper-name spelling before production.
SMART-I18N-0079,frontend_public_static,frontend/src/pages/quote.tsx:85,double,موقع تعريفي أو تفاعلي مع لوحة تحكم,A corporate or interactive website with an admin dashboard,i18n-public-ui,Proposed English copy for bilingual implementation; review brand/proper-name spelling before production.
SMART-I18N-0080,frontend_public_static,frontend/src/pages/quote.tsx:90,double,متجر إلكتروني,E-Commerce Store,i18n-public-ui,Proposed English copy for bilingual implementation; review brand/proper-name spelling before production.
SMART-I18N-0081,frontend_public_static,frontend/src/pages/quote.tsx:91,double,لبيع المنتجات وإدارة الطلبات والدفع والتوصيل,"For selling products and managing orders, payments, and delivery",i18n-public-ui,Proposed English copy for bilingual implementation; review brand/proper-name spelling before production.
SMART-I18N-0082,frontend_public_static,frontend/src/pages/quote.tsx:96,double,تطبيق جوال,Mobile App,i18n-public-ui,Proposed English copy for bilingual implementation; review brand/proper-name spelling before production.
SMART-I18N-0083,frontend_public_static,frontend/src/pages/quote.tsx:97,double,تطبيق Android أو iOS أو كلاهما,"An Android app, iOS app, or both",i18n-public-ui,Proposed English copy for bilingual implementation; review brand/proper-name spelling before production.
SMART-I18N-0084,frontend_public_static,frontend/src/pages/quote.tsx:102,double,نظام إداري / ERP,Management System / ERP,i18n-public-ui,Proposed English copy for bilingual implementation; review brand/proper-name spelling before production.
SMART-I18N-0085,frontend_public_static,frontend/src/pages/quote.tsx:103,double,نظام شامل لإدارة الموارد والعمليات,A comprehensive system for managing resources and operations,i18n-public-ui,Proposed English copy for bilingual implementation; review brand/proper-name spelling before production.
SMART-I18N-0086,frontend_public_static,frontend/src/pages/quote.tsx:108,double,أتمتة أعمال,Business Automation,i18n-public-ui,Proposed English copy for bilingual implementation; review brand/proper-name spelling before production.
SMART-I18N-0087,frontend_public_static,frontend/src/pages/quote.tsx:109,double,أتمتة العمليات وربط الأدوات المختلفة,Automate processes and connect different tools,i18n-public-ui,Proposed English copy for bilingual implementation; review brand/proper-name spelling before production.
SMART-I18N-0088,frontend_public_static,frontend/src/pages/quote.tsx:114,double,استشارة تقنية,Technical Consultation,i18n-public-ui,Proposed English copy for bilingual implementation; review brand/proper-name spelling before production.
SMART-I18N-0089,frontend_public_static,frontend/src/pages/quote.tsx:115,double,استشارة لاختيار الحل الأنسب لمشروعك,Consulting to select the most suitable solution for your project,i18n-public-ui,Proposed English copy for bilingual implementation; review brand/proper-name spelling before production.
SMART-I18N-0090,frontend_public_static,frontend/src/pages/quote.tsx:120,double,أخرى,Other,i18n-public-ui,Proposed English copy for bilingual implementation; review brand/proper-name spelling before production.
SMART-I18N-0091,frontend_public_static,frontend/src/pages/quote.tsx:121,double,مشروع آخر أو فكرة مختلفة,Another project or a different idea,i18n-public-ui,Proposed English copy for bilingual implementation; review brand/proper-name spelling before production.
SMART-I18N-0092,frontend_public_static,frontend/src/pages/quote.tsx:127,double,"أقل من 1,000 دولار","Less than $1,000",i18n-public-ui,Proposed English copy for bilingual implementation; review brand/proper-name spelling before production.
SMART-I18N-0093,frontend_public_static,frontend/src/pages/quote.tsx:128,double,"1,000 - 5,000 دولار","$1,000 - $5,000",i18n-public-ui,Proposed English copy for bilingual implementation; review brand/proper-name spelling before production.
SMART-I18N-0094,frontend_public_static,frontend/src/pages/quote.tsx:129,double,"5,000 - 15,000 دولار","$5,000 - $15,000",i18n-public-ui,Proposed English copy for bilingual implementation; review brand/proper-name spelling before production.
SMART-I18N-0095,frontend_public_static,frontend/src/pages/quote.tsx:130,double,"أكثر من 15,000 دولار","More than $15,000",i18n-public-ui,Proposed English copy for bilingual implementation; review brand/proper-name spelling before production.
SMART-I18N-0096,frontend_public_static,frontend/src/pages/quote.tsx:131,double,غير محدد,Not Specified,i18n-public-ui,Proposed English copy for bilingual implementation; review brand/proper-name spelling before production.
SMART-I18N-0097,frontend_public_static,frontend/src/pages/quote.tsx:135,double,عاجل,Urgent,i18n-public-ui,Proposed English copy for bilingual implementation; review brand/proper-name spelling before production.
SMART-I18N-0098,frontend_public_static,frontend/src/pages/quote.tsx:136,double,خلال شهر,Within One Month,i18n-public-ui,Proposed English copy for bilingual implementation; review brand/proper-name spelling before production.
SMART-I18N-0099,frontend_public_static,frontend/src/pages/quote.tsx:137,double,خلال 2 - 3 أشهر,Within 2 - 3 Months,i18n-public-ui,Proposed English copy for bilingual implementation; review brand/proper-name spelling before production.
SMART-I18N-0100,frontend_public_static,frontend/src/pages/quote.tsx:138 | frontend/src/pages/quote.tsx:1002,double,مرن,Flexible,i18n-public-ui,Proposed English copy for bilingual implementation; review brand/proper-name spelling before production.
SMART-I18N-0101,frontend_public_static,frontend/src/pages/quote.tsx:142,double,فرد / مستقل,Individual / Freelancer,i18n-public-ui,Proposed English copy for bilingual implementation; review brand/proper-name spelling before production.
SMART-I18N-0102,frontend_public_static,frontend/src/pages/quote.tsx:143,double,شركة ناشئة,Startup,i18n-public-ui,Proposed English copy for bilingual implementation; review brand/proper-name spelling before production.
SMART-I18N-0103,frontend_public_static,frontend/src/pages/quote.tsx:144,double,مشروع صغير,Small Business,i18n-public-ui,Proposed English copy for bilingual implementation; review brand/proper-name spelling before production.
SMART-I18N-0104,frontend_public_static,frontend/src/pages/quote.tsx:145,double,شركة متوسطة / كبيرة,Medium / Large Company,i18n-public-ui,Proposed English copy for bilingual implementation; review brand/proper-name spelling before production.
SMART-I18N-0105,frontend_public_static,frontend/src/pages/quote.tsx:149,double,فكرة أولية,Initial Idea,i18n-public-ui,Proposed English copy for bilingual implementation; review brand/proper-name spelling before production.
SMART-I18N-0106,frontend_public_static,frontend/src/pages/quote.tsx:150,double,مشروع قائم,Existing Business,i18n-public-ui,Proposed English copy for bilingual implementation; review brand/proper-name spelling before production.
SMART-I18N-0107,frontend_public_static,frontend/src/pages/quote.tsx:151,double,إعادة تصميم,Redesign,i18n-public-ui,Proposed English copy for bilingual implementation; review brand/proper-name spelling before production.
SMART-I18N-0108,frontend_public_static,frontend/src/pages/quote.tsx:152,double,توسع وتطوير,Scaling and Development,i18n-public-ui,Proposed English copy for bilingual implementation; review brand/proper-name spelling before production.
SMART-I18N-0109,frontend_public_static,frontend/src/pages/quote.tsx:156 | frontend/src/components/Footer.tsx:85,double,واتساب,WhatsApp,i18n-public-ui,Proposed English copy for bilingual implementation; review brand/proper-name spelling before production.
SMART-I18N-0110,frontend_public_static,frontend/src/pages/quote.tsx:157,double,مكالمة هاتفية,Phone Call,i18n-public-ui,Proposed English copy for bilingual implementation; review brand/proper-name spelling before production.
SMART-I18N-0111,frontend_public_static,frontend/src/pages/quote.tsx:158,double,بريد إلكتروني,Email,i18n-public-ui,Proposed English copy for bilingual implementation; review brand/proper-name spelling before production.
SMART-I18N-0112,frontend_public_static,frontend/src/pages/quote.tsx:159,double,اجتماع,Meeting,i18n-public-ui,Proposed English copy for bilingual implementation; review brand/proper-name spelling before production.
SMART-I18N-0113,frontend_public_static,frontend/src/pages/quote.tsx:284 | frontend/src/components/PackageSelectionModal.tsx:112,double,فشل إرسال الطلب. يرجى المحاولة مرة أخرى.,Failed to submit the request. Please try again.,i18n-public-ui,Proposed English copy for bilingual implementation; review brand/proper-name spelling before production.
SMART-I18N-0114,frontend_public_static,frontend/src/pages/quote.tsx:294 | frontend/src/pages/quote.tsx:663,double | jsx,معلوماتك,Your Information,i18n-public-ui,Proposed English copy for bilingual implementation; review brand/proper-name spelling before production.
SMART-I18N-0115,frontend_public_static,frontend/src/pages/quote.tsx:295 | frontend/src/pages/quote.tsx:756,double | jsx,نوع المشروع,Project Type,i18n-public-ui,Proposed English copy for bilingual implementation; review brand/proper-name spelling before production.
SMART-I18N-0116,frontend_public_static,frontend/src/pages/quote.tsx:296 | frontend/src/pages/quote.tsx:796,double | jsx,تفاصيل الفكرة,Idea Details,i18n-public-ui,Proposed English copy for bilingual implementation; review brand/proper-name spelling before production.
SMART-I18N-0117,frontend_public_static,frontend/src/pages/quote.tsx:297 | frontend/src/pages/quote.tsx:894,double | jsx,الميزانية والمدة,Budget and Timeline,i18n-public-ui,Proposed English copy for bilingual implementation; review brand/proper-name spelling before production.
SMART-I18N-0118,frontend_public_static,frontend/src/pages/quote.tsx:298 | frontend/src/pages/quote.tsx:965,double | jsx,طريقة التواصل,Contact Method,i18n-public-ui,Proposed English copy for bilingual implementation; review brand/proper-name spelling before production.
SMART-I18N-0119,frontend_public_static,frontend/src/pages/quote.tsx:306,jsx,أسئلة خاصة بالمتجر الإلكتروني,E-Commerce Store Questions,i18n-public-ui,Proposed English copy for bilingual implementation; review brand/proper-name spelling before production.
SMART-I18N-0120,frontend_public_static,frontend/src/pages/quote.tsx:309,double,هل لديك منتجات جاهزة؟,Do you already have products ready?,i18n-public-ui,Proposed English copy for bilingual implementation; review brand/proper-name spelling before production.
SMART-I18N-0121,frontend_public_static,frontend/src/pages/quote.tsx:310,double,هل تحتاج دفع إلكتروني؟,Do you need online payments?,i18n-public-ui,Proposed English copy for bilingual implementation; review brand/proper-name spelling before production.
SMART-I18N-0122,frontend_public_static,frontend/src/pages/quote.tsx:311,double,هل تحتاج ربط توصيل؟,Do you need delivery integration?,i18n-public-ui,Proposed English copy for bilingual implementation; review brand/proper-name spelling before production.
SMART-I18N-0123,frontend_public_static,frontend/src/pages/quote.tsx:312,double,هل تحتاج لوحة تحكم؟,Do you need an admin dashboard?,i18n-public-ui,Proposed English copy for bilingual implementation; review brand/proper-name spelling before production.
SMART-I18N-0124,frontend_public_static,frontend/src/pages/quote.tsx:350,jsx,أسئلة خاصة بالتطبيق,Mobile App Questions,i18n-public-ui,Proposed English copy for bilingual implementation; review brand/proper-name spelling before production.
SMART-I18N-0125,frontend_public_static,frontend/src/pages/quote.tsx:353,jsx,هل التطبيق Android فقط أم Android و iOS؟,"Is the app Android only, or Android and iOS?",i18n-public-ui,Proposed English copy for bilingual implementation; review brand/proper-name spelling before production.
SMART-I18N-0126,frontend_public_static,frontend/src/pages/quote.tsx:372,double,هل يحتاج لوحة تحكم؟,Does it need an admin dashboard?,i18n-public-ui,Proposed English copy for bilingual implementation; review brand/proper-name spelling before production.
SMART-I18N-0127,frontend_public_static,frontend/src/pages/quote.tsx:373,double,هل لديك تصميم جاهز؟,Do you already have a design?,i18n-public-ui,Proposed English copy for bilingual implementation; review brand/proper-name spelling before production.
SMART-I18N-0128,frontend_public_static,frontend/src/pages/quote.tsx:374,double,هل تريد MVP أم منتج كامل؟,Do you want an MVP or a complete product?,i18n-public-ui,Proposed English copy for bilingual implementation; review brand/proper-name spelling before production.
SMART-I18N-0129,frontend_public_static,frontend/src/pages/quote.tsx:381 | frontend/src/pages/quote.tsx:383 | frontend/src/pages/quote.tsx:424 | frontend/src/pages/quote.tsx:426 | frontend/src/pages/quote.tsx:861,double,نعم,Yes,i18n-public-ui,Proposed English copy for bilingual implementation; review brand/proper-name spelling before production.
SMART-I18N-0130,frontend_public_static,frontend/src/pages/quote.tsx:392 | frontend/src/pages/quote.tsx:394 | frontend/src/pages/quote.tsx:435 | frontend/src/pages/quote.tsx:437 | frontend/src/pages/quote.tsx:861,double,لا,No,i18n-public-ui,Proposed English copy for bilingual implementation; review brand/proper-name spelling before production.
SMART-I18N-0131,frontend_public_static,frontend/src/pages/quote.tsx:412,jsx,أسئلة خاصة بالموقع,Website Questions,i18n-public-ui,Proposed English copy for bilingual implementation; review brand/proper-name spelling before production.
SMART-I18N-0132,frontend_public_static,frontend/src/pages/quote.tsx:415,double,هل الموقع تعريفي أم نظام تفاعلي؟,Is the website informational or an interactive system?,i18n-public-ui,Proposed English copy for bilingual implementation; review brand/proper-name spelling before production.
SMART-I18N-0133,frontend_public_static,frontend/src/pages/quote.tsx:416,double,هل تحتاج مدونة أو لوحة تحكم؟,Do you need a blog or an admin dashboard?,i18n-public-ui,Proposed English copy for bilingual implementation; review brand/proper-name spelling before production.
SMART-I18N-0134,frontend_public_static,frontend/src/pages/quote.tsx:417,double,هل تحتاج تحسين SEO؟,Do you need SEO optimization?,i18n-public-ui,Proposed English copy for bilingual implementation; review brand/proper-name spelling before production.
SMART-I18N-0135,frontend_public_static,frontend/src/pages/quote.tsx:455,jsx,أسئلة خاصة بالأتمتة,Automation Questions,i18n-public-ui,Proposed English copy for bilingual implementation; review brand/proper-name spelling before production.
SMART-I18N-0136,frontend_public_static,frontend/src/pages/quote.tsx:458,jsx,ما العملية التي تريد أتمتتها؟,Which process do you want to automate?,i18n-public-ui,Proposed English copy for bilingual implementation; review brand/proper-name spelling before production.
SMART-I18N-0137,frontend_public_static,frontend/src/pages/quote.tsx:462,double,وصف مختصر...,Brief description...,i18n-public-ui,Proposed English copy for bilingual implementation; review brand/proper-name spelling before production.
SMART-I18N-0138,frontend_public_static,frontend/src/pages/quote.tsx:467,double,هل تحتاج ربط CRM؟,Do you need CRM integration?,i18n-public-ui,Proposed English copy for bilingual implementation; review brand/proper-name spelling before production.
SMART-I18N-0139,frontend_public_static,frontend/src/pages/quote.tsx:468,double,هل تحتاج إشعارات؟,Do you need notifications?,i18n-public-ui,Proposed English copy for bilingual implementation; review brand/proper-name spelling before production.
SMART-I18N-0140,frontend_public_static,frontend/src/pages/quote.tsx:532,double,مراجعة الطلب,Review the Request,i18n-public-ui,Proposed English copy for bilingual implementation; review brand/proper-name spelling before production.
SMART-I18N-0141,frontend_public_static,frontend/src/pages/quote.tsx:532,double,تحديد أفضل حل تقني,Identify the Best Technical Solution,i18n-public-ui,Proposed English copy for bilingual implementation; review brand/proper-name spelling before production.
SMART-I18N-0142,frontend_public_static,frontend/src/pages/quote.tsx:532,double,التواصل معك,Contact You,i18n-public-ui,Proposed English copy for bilingual implementation; review brand/proper-name spelling before production.
SMART-I18N-0143,frontend_public_static,frontend/src/pages/quote.tsx:532,double,إرسال تصوّر أولي أو تحديد اجتماع,Send an Initial Concept or Schedule a Meeting,i18n-public-ui,Proposed English copy for bilingual implementation; review brand/proper-name spelling before production.
SMART-I18N-0144,frontend_public_static,frontend/src/pages/quote.tsx:594,jsx,نحوّل فكرتك إلى خطة واضحة,We turn your idea into a clear plan,i18n-public-ui,Proposed English copy for bilingual implementation; review brand/proper-name spelling before production.
SMART-I18N-0145,frontend_public_static,frontend/src/pages/quote.tsx:679,double,أدخل اسمك,Enter your name,i18n-public-ui,Proposed English copy for bilingual implementation; review brand/proper-name spelling before production.
SMART-I18N-0146,frontend_public_static,frontend/src/pages/quote.tsx:706,double,اسم الشركة,Company Name,i18n-public-ui,Proposed English copy for bilingual implementation; review brand/proper-name spelling before production.
SMART-I18N-0147,frontend_public_static,frontend/src/pages/quote.tsx:757,jsx,اختر نوع المشروع الذي تريد بناءه.,Choose the type of project you want to build.,i18n-public-ui,Proposed English copy for bilingual implementation; review brand/proper-name spelling before production.
SMART-I18N-0148,frontend_public_static,frontend/src/pages/quote.tsx:797,jsx,أخبرنا أكثر عن مشروعك.,Tell us more about your project.,i18n-public-ui,Proposed English copy for bilingual implementation; review brand/proper-name spelling before production.
SMART-I18N-0149,frontend_public_static,frontend/src/pages/quote.tsx:829,double,ما الهدف الرئيسي من هذا المشروع؟,What is the main goal of this project?,i18n-public-ui,Proposed English copy for bilingual implementation; review brand/proper-name spelling before production.
SMART-I18N-0150,frontend_public_static,frontend/src/pages/quote.tsx:876,double,أخبرنا أكثر عن مشروعك، متطلباتك، والجدول الزمني المطلوب...,"Tell us more about your project, requirements, and desired timeline...",i18n-public-ui,Proposed English copy for bilingual implementation; review brand/proper-name spelling before production.
SMART-I18N-0151,frontend_public_static,frontend/src/pages/quote.tsx:999,double,صباحًا,Morning,i18n-public-ui,Proposed English copy for bilingual implementation; review brand/proper-name spelling before production.
SMART-I18N-0152,frontend_public_static,frontend/src/pages/quote.tsx:1000,double,ظهرًا,Afternoon,i18n-public-ui,Proposed English copy for bilingual implementation; review brand/proper-name spelling before production.
SMART-I18N-0153,frontend_public_static,frontend/src/pages/quote.tsx:1001,double,مساءً,Evening,i18n-public-ui,Proposed English copy for bilingual implementation; review brand/proper-name spelling before production.
SMART-I18N-0154,frontend_public_static,frontend/src/pages/quote.tsx:1067,double,جاري الإرسال...,Submitting...,i18n-public-ui,Proposed English copy for bilingual implementation; review brand/proper-name spelling before production.
SMART-I18N-0155,frontend_public_static,frontend/src/pages/quote.tsx:1067,double,إرسال الطلب,Submit Request,i18n-public-ui,Proposed English copy for bilingual implementation; review brand/proper-name spelling before production.
SMART-I18N-0156,frontend_public_static,frontend/src/pages/quote.tsx:1086,jsx,الاسم:,Name:,i18n-public-ui,Proposed English copy for bilingual implementation; review brand/proper-name spelling before production.
SMART-I18N-0157,frontend_public_static,frontend/src/pages/quote.tsx:1094,jsx,الشركة:,Company:,i18n-public-ui,Proposed English copy for bilingual implementation; review brand/proper-name spelling before production.
SMART-I18N-0158,frontend_public_static,frontend/src/pages/quote.tsx:1102,jsx,نوع المشروع:,Project Type:,i18n-public-ui,Proposed English copy for bilingual implementation; review brand/proper-name spelling before production.
SMART-I18N-0159,frontend_public_static,frontend/src/pages/quote.tsx:1110,jsx,مرحلة المشروع:,Project Stage:,i18n-public-ui,Proposed English copy for bilingual implementation; review brand/proper-name spelling before production.
SMART-I18N-0160,frontend_public_static,frontend/src/pages/quote.tsx:1119,jsx,حجم الشركة:,Company Size:,i18n-public-ui,Proposed English copy for bilingual implementation; review brand/proper-name spelling before production.
SMART-I18N-0161,frontend_public_static,frontend/src/pages/quote.tsx:1128,jsx,الميزانية:,Budget:,i18n-public-ui,Proposed English copy for bilingual implementation; review brand/proper-name spelling before production.
SMART-I18N-0162,frontend_public_static,frontend/src/pages/quote.tsx:1137,jsx,المدة:,Timeline:,i18n-public-ui,Proposed English copy for bilingual implementation; review brand/proper-name spelling before production.
SMART-I18N-0163,frontend_public_static,frontend/src/pages/quote.tsx:1146,jsx,التواصل:,Contact:,i18n-public-ui,Proposed English copy for bilingual implementation; review brand/proper-name spelling before production.
SMART-I18N-0164,frontend_legacy_static_data,frontend/src/data/allProjects.ts:5,double,منصة الوفرة التعليمية,Al-Wafrah Education Platform,verify-unused-then-remove-or-localize,"Legacy/static dataset; verify usage. Remove if unused, otherwise move to locale/CMS."
SMART-I18N-0165,frontend_legacy_static_data,frontend/src/data/allProjects.ts:6 | frontend/src/data/allProjects.ts:37 | frontend/src/data/allProjects.ts:59 | frontend/src/data/allProjects.ts:81 | frontend/src/data/projects-data.ts:19 | frontend/src/data/projects-data.ts:32 | frontend/src/data/projects-data.ts:44 | frontend/src/data/projects-data.ts:57,double,نشط,Active,verify-unused-then-remove-or-localize,"Legacy/static dataset; verify usage. Remove if unused, otherwise move to locale/CMS."
SMART-I18N-0166,frontend_legacy_static_data,frontend/src/data/allProjects.ts:7,double,منصة تعليمية متكاملة,Integrated Educational Platform,verify-unused-then-remove-or-localize,"Legacy/static dataset; verify usage. Remove if unused, otherwise move to locale/CMS."
SMART-I18N-0167,frontend_legacy_static_data,frontend/src/data/allProjects.ts:8,double,منصة تعليمية مبتكرة تقدم تجربة تعلم تفاعلية مع لوحة تحكم متقدمة.,An innovative educational platform that delivers an interactive learning experience with an advanced dashboard.,verify-unused-then-remove-or-localize,"Legacy/static dataset; verify usage. Remove if unused, otherwise move to locale/CMS."
SMART-I18N-0168,frontend_legacy_static_data,frontend/src/data/allProjects.ts:11,double,لوحة تحكم متكاملة للمدرسين والطلاب,Integrated Dashboard for Teachers and Students,verify-unused-then-remove-or-localize,"Legacy/static dataset; verify usage. Remove if unused, otherwise move to locale/CMS."
SMART-I18N-0169,frontend_legacy_static_data,frontend/src/data/allProjects.ts:12,double,نظام إدارة محتوى متقدم,Advanced Content Management System,verify-unused-then-remove-or-localize,"Legacy/static dataset; verify usage. Remove if unused, otherwise move to locale/CMS."
SMART-I18N-0170,frontend_legacy_static_data,frontend/src/data/allProjects.ts:13,double,فصول افتراضية تفاعلية,Interactive Virtual Classrooms,verify-unused-then-remove-or-localize,"Legacy/static dataset; verify usage. Remove if unused, otherwise move to locale/CMS."
SMART-I18N-0171,frontend_legacy_static_data,frontend/src/data/allProjects.ts:14,double,نظام تقييم ومتابعة الطلاب,Student Assessment and Tracking System,verify-unused-then-remove-or-localize,"Legacy/static dataset; verify usage. Remove if unused, otherwise move to locale/CMS."
SMART-I18N-0172,frontend_legacy_static_data,frontend/src/data/allProjects.ts:15,double,تكامل مع أنظمة الدفع الإلكتروني,Integration with Online Payment Systems,verify-unused-then-remove-or-localize,"Legacy/static dataset; verify usage. Remove if unused, otherwise move to locale/CMS."
SMART-I18N-0173,frontend_legacy_static_data,frontend/src/data/allProjects.ts:29,double,منصة الوفرة غيرت طريقة تعاملنا مع التعليم الإلكتروني.,Al-Wafrah Platform changed the way we approach e-learning.,verify-unused-then-remove-or-localize,"Legacy/static dataset; verify usage. Remove if unused, otherwise move to locale/CMS."
SMART-I18N-0174,frontend_legacy_static_data,frontend/src/data/allProjects.ts:30,double,أ. محمد السعيد,Mr. Mohammed Al-Saeed,verify-unused-then-remove-or-localize,"Legacy/static dataset; verify usage. Remove if unused, otherwise move to locale/CMS."
SMART-I18N-0175,frontend_legacy_static_data,frontend/src/data/allProjects.ts:31,double,مدير أكاديمية الوفرة,Director of Al-Wafrah Academy,verify-unused-then-remove-or-localize,"Legacy/static dataset; verify usage. Remove if unused, otherwise move to locale/CMS."
SMART-I18N-0176,frontend_legacy_static_data,frontend/src/data/allProjects.ts:36 | frontend/src/data/projects-data.ts:31,double,متجر ريم ستور,Reem Store,verify-unused-then-remove-or-localize,"Legacy/static dataset; verify usage. Remove if unused, otherwise move to locale/CMS."
SMART-I18N-0177,frontend_legacy_static_data,frontend/src/data/allProjects.ts:38 | frontend/src/data/projects-data.ts:34,double,متجر إلكتروني للهدايا والتغليف,E-Commerce Store for Gifts and Packaging,verify-unused-then-remove-or-localize,"Legacy/static dataset; verify usage. Remove if unused, otherwise move to locale/CMS."
SMART-I18N-0178,frontend_legacy_static_data,frontend/src/data/allProjects.ts:39,double,متجر متميز يقدم تجربة شراء فريدة مع نظام تخصيص للهدايا.,A distinctive online store offering a unique shopping experience with a gift customization system.,verify-unused-then-remove-or-localize,"Legacy/static dataset; verify usage. Remove if unused, otherwise move to locale/CMS."
SMART-I18N-0179,frontend_legacy_static_data,frontend/src/data/allProjects.ts:42,double,تصميم أنيق ومتجاوب,Elegant and Responsive Design,verify-unused-then-remove-or-localize,"Legacy/static dataset; verify usage. Remove if unused, otherwise move to locale/CMS."
SMART-I18N-0180,frontend_legacy_static_data,frontend/src/data/allProjects.ts:43,double,نظام تخصيص للطلبات,Order Customization System,verify-unused-then-remove-or-localize,"Legacy/static dataset; verify usage. Remove if unused, otherwise move to locale/CMS."
SMART-I18N-0181,frontend_legacy_static_data,frontend/src/data/allProjects.ts:44,double,إدارة شاملة للمخزون,Comprehensive Inventory Management,verify-unused-then-remove-or-localize,"Legacy/static dataset; verify usage. Remove if unused, otherwise move to locale/CMS."
SMART-I18N-0182,frontend_legacy_static_data,frontend/src/data/allProjects.ts:58 | frontend/src/data/projects-data.ts:43,double,متجر جي اتش نايس,GH Nice Store,verify-unused-then-remove-or-localize,"Legacy/static dataset; verify usage. Remove if unused, otherwise move to locale/CMS."
SMART-I18N-0183,frontend_legacy_static_data,frontend/src/data/allProjects.ts:60,double,تطبيق وموقع لمتاجر الكف الأخضر - اليمن,App and Website for Al-Kaff Al-Akhdar Stores - Yemen,verify-unused-then-remove-or-localize,"Legacy/static dataset; verify usage. Remove if unused, otherwise move to locale/CMS."
SMART-I18N-0184,frontend_legacy_static_data,frontend/src/data/allProjects.ts:61,double,متجر إلكتروني شامل يقدم خدمات التجزئة عبر التطبيق والموقع.,A comprehensive e-commerce store offering retail services through the app and website.,verify-unused-then-remove-or-localize,"Legacy/static dataset; verify usage. Remove if unused, otherwise move to locale/CMS."
SMART-I18N-0185,frontend_legacy_static_data,frontend/src/data/allProjects.ts:64,double,ربط مباشر بين المتاجر والعملاء,Direct Connection Between Stores and Customers,verify-unused-then-remove-or-localize,"Legacy/static dataset; verify usage. Remove if unused, otherwise move to locale/CMS."
SMART-I18N-0186,frontend_legacy_static_data,frontend/src/data/allProjects.ts:65,double,إدارة الطلبات والدفع,Order and Payment Management,verify-unused-then-remove-or-localize,"Legacy/static dataset; verify usage. Remove if unused, otherwise move to locale/CMS."
SMART-I18N-0187,frontend_legacy_static_data,frontend/src/data/allProjects.ts:66,double,تطبيقات أندرويد و iOS,Android and iOS Apps,verify-unused-then-remove-or-localize,"Legacy/static dataset; verify usage. Remove if unused, otherwise move to locale/CMS."
SMART-I18N-0188,frontend_legacy_static_data,frontend/src/data/allProjects.ts:80 | frontend/src/data/projects-data.ts:56,double,متجر نايس وير,Nice Wear Store,verify-unused-then-remove-or-localize,"Legacy/static dataset; verify usage. Remove if unused, otherwise move to locale/CMS."
SMART-I18N-0189,frontend_legacy_static_data,frontend/src/data/allProjects.ts:82 | frontend/src/data/projects-data.ts:59,double,تطبيق متجر إلكتروني للأزياء,Fashion E-Commerce App,verify-unused-then-remove-or-localize,"Legacy/static dataset; verify usage. Remove if unused, otherwise move to locale/CMS."
SMART-I18N-0190,frontend_legacy_static_data,frontend/src/data/allProjects.ts:83,double,تطبيق أزياء حديث بواجهة جذابة وتجربة مستخدم ممتازة.,A modern fashion app with an attractive interface and excellent user experience.,verify-unused-then-remove-or-localize,"Legacy/static dataset; verify usage. Remove if unused, otherwise move to locale/CMS."
SMART-I18N-0191,frontend_legacy_static_data,frontend/src/data/allProjects.ts:85,double,واجهة متجاوبة,Responsive Interface,verify-unused-then-remove-or-localize,"Legacy/static dataset; verify usage. Remove if unused, otherwise move to locale/CMS."
SMART-I18N-0192,frontend_legacy_static_data,frontend/src/data/allProjects.ts:85,double,نظام سلة تسوق ذكي,Smart Shopping Cart System,verify-unused-then-remove-or-localize,"Legacy/static dataset; verify usage. Remove if unused, otherwise move to locale/CMS."
SMART-I18N-0193,frontend_legacy_static_data,frontend/src/data/allProjects.ts:98 | frontend/src/data/projects-data.ts:68,double,منصة فزعة,Fazaa Platform,verify-unused-then-remove-or-localize,"Legacy/static dataset; verify usage. Remove if unused, otherwise move to locale/CMS."
SMART-I18N-0194,frontend_legacy_static_data,frontend/src/data/allProjects.ts:99 | frontend/src/data/allProjects.ts:121 | frontend/src/data/projects-data.ts:69 | frontend/src/data/projects-data.ts:82,double,قيد التطوير,Under Development,verify-unused-then-remove-or-localize,"Legacy/static dataset; verify usage. Remove if unused, otherwise move to locale/CMS."
SMART-I18N-0195,frontend_legacy_static_data,frontend/src/data/allProjects.ts:100 | frontend/src/data/projects-data.ts:71,double,منصة إلكترونية لتأجير واستئجار الخدمات والمعدات,Online Platform for Renting Services and Equipment,verify-unused-then-remove-or-localize,"Legacy/static dataset; verify usage. Remove if unused, otherwise move to locale/CMS."
SMART-I18N-0196,frontend_legacy_static_data,frontend/src/data/allProjects.ts:101,double,تطبيق متكامل للتأجير بين الأفراد مع تكامل للخرائط والتحقق.,An integrated peer-to-peer rental app with maps and verification integration.,verify-unused-then-remove-or-localize,"Legacy/static dataset; verify usage. Remove if unused, otherwise move to locale/CMS."
SMART-I18N-0197,frontend_legacy_static_data,frontend/src/data/allProjects.ts:104,double,تكامل مع خرائط Google,Google Maps Integration,verify-unused-then-remove-or-localize,"Legacy/static dataset; verify usage. Remove if unused, otherwise move to locale/CMS."
SMART-I18N-0198,frontend_legacy_static_data,frontend/src/data/allProjects.ts:105,double,لوحات تحكم مخصصة,Custom Dashboards,verify-unused-then-remove-or-localize,"Legacy/static dataset; verify usage. Remove if unused, otherwise move to locale/CMS."
SMART-I18N-0199,frontend_legacy_static_data,frontend/src/data/allProjects.ts:106,double,تكامل مع السجل المدني السعودي,Integration with the Saudi Civil Registry,verify-unused-then-remove-or-localize,"Legacy/static dataset; verify usage. Remove if unused, otherwise move to locale/CMS."
SMART-I18N-0200,frontend_legacy_static_data,frontend/src/data/allProjects.ts:120 | frontend/src/data/projects-data.ts:81,double,مشروع بثواني,Bithawani Project,verify-unused-then-remove-or-localize,"Legacy/static dataset; verify usage. Remove if unused, otherwise move to locale/CMS."
SMART-I18N-0201,frontend_legacy_static_data,frontend/src/data/allProjects.ts:122 | frontend/src/data/projects-data.ts:84,double,تطبيق ومنصة للربط الفوري بين مقدمي الخدمات والعملاء,App and Platform for Instantly Connecting Service Providers and Customers,verify-unused-then-remove-or-localize,"Legacy/static dataset; verify usage. Remove if unused, otherwise move to locale/CMS."
SMART-I18N-0202,frontend_legacy_static_data,frontend/src/data/allProjects.ts:123,double,منصة ذكية لتسهيل التواصل الفوري وتنفيذ الطلبات.,A smart platform that facilitates instant communication and request fulfillment.,verify-unused-then-remove-or-localize,"Legacy/static dataset; verify usage. Remove if unused, otherwise move to locale/CMS."
SMART-I18N-0203,frontend_legacy_static_data,frontend/src/data/allProjects.ts:125 | frontend/src/data/projects-data.ts:87,double,نظام طلبات سريع,Fast Request System,verify-unused-then-remove-or-localize,"Legacy/static dataset; verify usage. Remove if unused, otherwise move to locale/CMS."
SMART-I18N-0204,frontend_legacy_static_data,frontend/src/data/allProjects.ts:125,double,واجهة مستخدم مبنية بأحدث التقنيات,User Interface Built with Modern Technologies,verify-unused-then-remove-or-localize,"Legacy/static dataset; verify usage. Remove if unused, otherwise move to locale/CMS."
SMART-I18N-0205,frontend_legacy_static_data,frontend/src/data/blog-data.ts:26,double,أفضل 5 استراتيجيات لإطلاق SaaS في السوق العربي,Top 5 Strategies for Launching SaaS in the Arab Market,verify-unused-then-remove-or-localize,"Legacy/static dataset; verify usage. Remove if unused, otherwise move to locale/CMS."
SMART-I18N-0206,frontend_legacy_static_data,frontend/src/data/blog-data.ts:27,double,دليل عملي لبدء مشروع SaaS ناجح في المنطقة العربية مع تجنب الأخطاء الشائعة,A practical guide to launching a successful SaaS business in the Arab region while avoiding common mistakes,verify-unused-then-remove-or-localize,"Legacy/static dataset; verify usage. Remove if unused, otherwise move to locale/CMS."
SMART-I18N-0207,frontend_legacy_static_data,frontend/src/data/blog-data.ts:28,double,15 مايو 2025,"May 15, 2025",verify-unused-then-remove-or-localize,"Legacy/static dataset; verify usage. Remove if unused, otherwise move to locale/CMS."
SMART-I18N-0208,frontend_legacy_static_data,frontend/src/data/blog-data.ts:29,double,8 دقائق,8 minutes,verify-unused-then-remove-or-localize,"Legacy/static dataset; verify usage. Remove if unused, otherwise move to locale/CMS."
SMART-I18N-0209,frontend_legacy_static_data,frontend/src/data/blog-data.ts:30,double,منتجات SaaS,SaaS Products,verify-unused-then-remove-or-localize,"Legacy/static dataset; verify usage. Remove if unused, otherwise move to locale/CMS."
SMART-I18N-0210,frontend_legacy_static_data,frontend/src/data/blog-data.ts:31,double,إطلاق المنتج,Product Launch,verify-unused-then-remove-or-localize,"Legacy/static dataset; verify usage. Remove if unused, otherwise move to locale/CMS."
SMART-I18N-0211,frontend_legacy_static_data,frontend/src/data/blog-data.ts:31,double,ريادة الأعمال,Entrepreneurship,verify-unused-then-remove-or-localize,"Legacy/static dataset; verify usage. Remove if unused, otherwise move to locale/CMS."
SMART-I18N-0212,frontend_legacy_static_data,frontend/src/data/blog-data.ts:33,jsx,مقدمة,Introduction,verify-unused-then-remove-or-localize,"Legacy/static dataset; verify usage. Remove if unused, otherwise move to locale/CMS."
SMART-I18N-0213,frontend_legacy_static_data,frontend/src/data/blog-data.ts:34,jsx,إطلاق منتج SaaS في السوق العربي يتطلب فهمًا عميقًا للثقافة والتحديات الفريدة في المنطقة. في هذا المقال، سنستعرض أهم الاستراتيجيات التي تساعدك على دخول السوق بثقة وتجنب الأخطاء الشائعة.,"Launching a SaaS product in the Arab market requires a deep understanding of the region’s culture and unique challenges. In this article, we explore the most important strategies that can help you enter the market confidently and avoid common mistakes.",verify-unused-then-remove-or-localize,"Legacy/static dataset; verify usage. Remove if unused, otherwise move to locale/CMS."
SMART-I18N-0214,frontend_legacy_static_data,frontend/src/data/blog-data.ts:36,jsx,1. فهم الجمهور العربي,1. Understand the Arab Audience,verify-unused-then-remove-or-localize,"Legacy/static dataset; verify usage. Remove if unused, otherwise move to locale/CMS."
SMART-I18N-0215,frontend_legacy_static_data,frontend/src/data/blog-data.ts:37,jsx,الجمهور العربي يختلف عن غيره في عدة نواحي:,The Arab audience differs from others in several ways:,verify-unused-then-remove-or-localize,"Legacy/static dataset; verify usage. Remove if unused, otherwise move to locale/CMS."
SMART-I18N-0216,frontend_legacy_static_data,frontend/src/data/blog-data.ts:39,jsx,الاعتماد الكبير على الهواتف الذكية,Heavy reliance on smartphones,verify-unused-then-remove-or-localize,"Legacy/static dataset; verify usage. Remove if unused, otherwise move to locale/CMS."
SMART-I18N-0217,frontend_legacy_static_data,frontend/src/data/blog-data.ts:40,jsx,تفضيل الدفع النقدي أو التحويل البنكي,Preference for cash payments or bank transfers,verify-unused-then-remove-or-localize,"Legacy/static dataset; verify usage. Remove if unused, otherwise move to locale/CMS."
SMART-I18N-0218,frontend_legacy_static_data,frontend/src/data/blog-data.ts:41,jsx,الحساسية للأسعار مقارنة بالدول الغربية,Greater price sensitivity compared with Western markets,verify-unused-then-remove-or-localize,"Legacy/static dataset; verify usage. Remove if unused, otherwise move to locale/CMS."
SMART-I18N-0219,frontend_legacy_static_data,frontend/src/data/blog-data.ts:44,jsx,2. البدء بـ MVP واضح,2. Start with a Clear MVP,verify-unused-then-remove-or-localize,"Legacy/static dataset; verify usage. Remove if unused, otherwise move to locale/CMS."
SMART-I18N-0220,frontend_legacy_static_data,frontend/src/data/blog-data.ts:45,jsx,النموذج الأولي (MVP) يجب أن يركز على حل مشكلة واحدة بشكل ممتاز بدلاً من عشرات الميزات المتوسطة. بعض النصائح:,Your MVP should focus on solving one problem exceptionally well rather than offering dozens of average features. Here are a few tips:,verify-unused-then-remove-or-localize,"Legacy/static dataset; verify usage. Remove if unused, otherwise move to locale/CMS."
SMART-I18N-0221,frontend_legacy_static_data,frontend/src/data/blog-data.ts:47,jsx,حدد الميزة الأساسية التي تميزك,Identify the core feature that sets you apart,verify-unused-then-remove-or-localize,"Legacy/static dataset; verify usage. Remove if unused, otherwise move to locale/CMS."
SMART-I18N-0222,frontend_legacy_static_data,frontend/src/data/blog-data.ts:48,jsx,اختبر مع مستخدمين حقيقيين مبكرًا,Test with real users early,verify-unused-then-remove-or-localize,"Legacy/static dataset; verify usage. Remove if unused, otherwise move to locale/CMS."
SMART-I18N-0223,frontend_legacy_static_data,frontend/src/data/blog-data.ts:49,jsx,استخدم أدوات لا-code لاختبار الفكرة قبل الاستثمار في التطوير,Use no-code tools to validate the idea before investing in development,verify-unused-then-remove-or-localize,"Legacy/static dataset; verify usage. Remove if unused, otherwise move to locale/CMS."
SMART-I18N-0224,frontend_legacy_static_data,frontend/src/data/blog-data.ts:52,jsx,3. التسويق المسبق قبل البرمجة,3. Pre-Market Before Development,verify-unused-then-remove-or-localize,"Legacy/static dataset; verify usage. Remove if unused, otherwise move to locale/CMS."
SMART-I18N-0225,frontend_legacy_static_data,frontend/src/data/blog-data.ts:53,jsx,70% من مشاريع SaaS تفشل بسبب عدم وجود طلب كافٍ في السوق. يمكنك تجنب ذلك عن طريق:,70% of SaaS projects fail because there is not enough market demand. You can reduce this risk by:,verify-unused-then-remove-or-localize,"Legacy/static dataset; verify usage. Remove if unused, otherwise move to locale/CMS."
SMART-I18N-0226,frontend_legacy_static_data,frontend/src/data/blog-data.ts:55,jsx,إنشاء صفحة هبوط وقياس الاهتمام,Create a landing page and measure interest,verify-unused-then-remove-or-localize,"Legacy/static dataset; verify usage. Remove if unused, otherwise move to locale/CMS."
SMART-I18N-0227,frontend_legacy_static_data,frontend/src/data/blog-data.ts:56,jsx,جمع رسائل البريد الإلكتروني للمهتمين,Collect email addresses from interested users,verify-unused-then-remove-or-localize,"Legacy/static dataset; verify usage. Remove if unused, otherwise move to locale/CMS."
SMART-I18N-0228,frontend_legacy_static_data,frontend/src/data/blog-data.ts:57,jsx,إنشاء محتوى تعليمي حول المشكلة التي تحلها,Create educational content around the problem you solve,verify-unused-then-remove-or-localize,"Legacy/static dataset; verify usage. Remove if unused, otherwise move to locale/CMS."
SMART-I18N-0229,frontend_legacy_static_data,frontend/src/data/blog-data.ts:60,jsx,4. الشركات المبكرة,4. Early Partnerships,verify-unused-then-remove-or-localize,"Legacy/static dataset; verify usage. Remove if unused, otherwise move to locale/CMS."
SMART-I18N-0230,frontend_legacy_static_data,frontend/src/data/blog-data.ts:61,jsx,الشراكات المحلية يمكن أن تعطي دفعة قوية لعملك:,Local partnerships can give your business a strong boost:,verify-unused-then-remove-or-localize,"Legacy/static dataset; verify usage. Remove if unused, otherwise move to locale/CMS."
SMART-I18N-0231,frontend_legacy_static_data,frontend/src/data/blog-data.ts:63,jsx,ابحث عن شركات مكملة لخدمتك,Look for companies that complement your service,verify-unused-then-remove-or-localize,"Legacy/static dataset; verify usage. Remove if unused, otherwise move to locale/CMS."
SMART-I18N-0232,frontend_legacy_static_data,frontend/src/data/blog-data.ts:64,jsx,قدم قيمة لهم أولاً قبل طلب المساعدة,Offer value first before asking for help,verify-unused-then-remove-or-localize,"Legacy/static dataset; verify usage. Remove if unused, otherwise move to locale/CMS."
SMART-I18N-0233,frontend_legacy_static_data,frontend/src/data/blog-data.ts:65,jsx,استفد من شبكات الأعمال المحلية,Leverage local business networks,verify-unused-then-remove-or-localize,"Legacy/static dataset; verify usage. Remove if unused, otherwise move to locale/CMS."
SMART-I18N-0234,frontend_legacy_static_data,frontend/src/data/blog-data.ts:68,jsx,5. دعم عربي ممتاز من اليوم الأول,5. Excellent Arabic Support from Day One,verify-unused-then-remove-or-localize,"Legacy/static dataset; verify usage. Remove if unused, otherwise move to locale/CMS."
SMART-I18N-0235,frontend_legacy_static_data,frontend/src/data/blog-data.ts:69,jsx,الدعم الفني باللغة العربية وبطريقة تناسب الثقافة المحلية هو ما يميزك عن المنافسين العالميين. استثمر في:,"Technical support in Arabic, delivered in a way that fits the local culture, can differentiate you from global competitors. Invest in:",verify-unused-then-remove-or-localize,"Legacy/static dataset; verify usage. Remove if unused, otherwise move to locale/CMS."
SMART-I18N-0236,frontend_legacy_static_data,frontend/src/data/blog-data.ts:71,jsx,دردشة مباشرة بالعربية,Live chat in Arabic,verify-unused-then-remove-or-localize,"Legacy/static dataset; verify usage. Remove if unused, otherwise move to locale/CMS."
SMART-I18N-0237,frontend_legacy_static_data,frontend/src/data/blog-data.ts:72,jsx,فريق دعم متاح خلال أوقات العمل المحلية,A support team available during local business hours,verify-unused-then-remove-or-localize,"Legacy/static dataset; verify usage. Remove if unused, otherwise move to locale/CMS."
SMART-I18N-0238,frontend_legacy_static_data,frontend/src/data/blog-data.ts:73,jsx,فيديوهات تعليمية باللهجة المحلية,Educational videos in the local dialect,verify-unused-then-remove-or-localize,"Legacy/static dataset; verify usage. Remove if unused, otherwise move to locale/CMS."
SMART-I18N-0239,frontend_legacy_static_data,frontend/src/data/blog-data.ts:76,jsx,الخاتمة,Conclusion,verify-unused-then-remove-or-localize,"Legacy/static dataset; verify usage. Remove if unused, otherwise move to locale/CMS."
SMART-I18N-0240,frontend_legacy_static_data,frontend/src/data/blog-data.ts:77,jsx,إطلاق SaaS في العالم العربي يحتاج إلى أكثر من مجرد منتج جيد. التركيز على هذه الاستراتيجيات الخمس سيعطيك أفضل فرصة للنجاح في سوق سريع النمو ولكنه مليء بالتحديات الفريدة.,Launching a SaaS product in the Arab world requires more than a good product. Focusing on these five strategies gives you a better chance of succeeding in a fast-growing market with unique challenges.,verify-unused-then-remove-or-localize,"Legacy/static dataset; verify usage. Remove if unused, otherwise move to locale/CMS."
SMART-I18N-0241,frontend_legacy_static_data,frontend/src/data/blog-data.ts:80,double,أحمد محمد,Ahmed Mohammed,verify-unused-then-remove-or-localize,"Legacy/static dataset; verify usage. Remove if unused, otherwise move to locale/CMS."
SMART-I18N-0242,frontend_legacy_static_data,frontend/src/data/blog-data.ts:81,double,خبير منتجات SaaS,SaaS Product Expert,verify-unused-then-remove-or-localize,"Legacy/static dataset; verify usage. Remove if unused, otherwise move to locale/CMS."
SMART-I18N-0243,frontend_legacy_static_data,frontend/src/data/blog-data.ts:86,double,كيف تحدد سعر منتجك الرقمي؟,How Do You Price Your Digital Product?,verify-unused-then-remove-or-localize,"Legacy/static dataset; verify usage. Remove if unused, otherwise move to locale/CMS."
SMART-I18N-0244,frontend_legacy_static_data,frontend/src/data/blog-data.ts:88,double,أبريل 2025,April 2025,verify-unused-then-remove-or-localize,"Legacy/static dataset; verify usage. Remove if unused, otherwise move to locale/CMS."
SMART-I18N-0245,frontend_legacy_static_data,frontend/src/data/blog-data.ts:91,double,أدوات لا غنى عنها لفرق SaaS الناشئة,Essential Tools for Early-Stage SaaS Teams,verify-unused-then-remove-or-localize,"Legacy/static dataset; verify usage. Remove if unused, otherwise move to locale/CMS."
SMART-I18N-0246,frontend_legacy_static_data,frontend/src/data/blog-data.ts:93,double,مارس 2025,March 2025,verify-unused-then-remove-or-localize,"Legacy/static dataset; verify usage. Remove if unused, otherwise move to locale/CMS."
SMART-I18N-0247,frontend_legacy_static_data,frontend/src/data/projects-data.ts:18,double,منصة الوفرة أونلاين,Al-Wafrah Online Platform,verify-unused-then-remove-or-localize,"Legacy/static dataset; verify usage. Remove if unused, otherwise move to locale/CMS."
SMART-I18N-0248,frontend_legacy_static_data,frontend/src/data/projects-data.ts:21,double,منصة تعليمية رقمية متكاملة,Integrated Digital Learning Platform,verify-unused-then-remove-or-localize,"Legacy/static dataset; verify usage. Remove if unused, otherwise move to locale/CMS."
SMART-I18N-0249,frontend_legacy_static_data,frontend/src/data/projects-data.ts:24,double,مجتمع خاص للمستخدمين,Private User Community,verify-unused-then-remove-or-localize,"Legacy/static dataset; verify usage. Remove if unused, otherwise move to locale/CMS."
SMART-I18N-0250,frontend_legacy_static_data,frontend/src/data/projects-data.ts:25,double,لوحة تحكم متقدمة للمدربين والطلاب,Advanced Dashboard for Trainers and Students,verify-unused-then-remove-or-localize,"Legacy/static dataset; verify usage. Remove if unused, otherwise move to locale/CMS."
SMART-I18N-0251,frontend_legacy_static_data,frontend/src/data/projects-data.ts:26,double,نظام دورات تفاعلي,Interactive Course System,verify-unused-then-remove-or-localize,"Legacy/static dataset; verify usage. Remove if unused, otherwise move to locale/CMS."
SMART-I18N-0252,frontend_legacy_static_data,frontend/src/data/projects-data.ts:37,double,حجز وتخصيص الهدايا,Gift Booking and Customization,verify-unused-then-remove-or-localize,"Legacy/static dataset; verify usage. Remove if unused, otherwise move to locale/CMS."
SMART-I18N-0253,frontend_legacy_static_data,frontend/src/data/projects-data.ts:38,double,واجهة مستخدم أنيقة ومتجاوبة,Elegant and Responsive User Interface,verify-unused-then-remove-or-localize,"Legacy/static dataset; verify usage. Remove if unused, otherwise move to locale/CMS."
SMART-I18N-0254,frontend_legacy_static_data,frontend/src/data/projects-data.ts:46,double,تطبيق وموقع لمتاجر الكف الأخضر - صنعاء، اليمن,"App and Website for Al-Kaff Al-Akhdar Stores - Sana’a, Yemen",verify-unused-then-remove-or-localize,"Legacy/static dataset; verify usage. Remove if unused, otherwise move to locale/CMS."
SMART-I18N-0255,frontend_legacy_static_data,frontend/src/data/projects-data.ts:74,double,خرائط Google لتحديد المواقع,Google Maps for Location Services,verify-unused-then-remove-or-localize,"Legacy/static dataset; verify usage. Remove if unused, otherwise move to locale/CMS."
SMART-I18N-0256,frontend_legacy_static_data,frontend/src/data/projects-data.ts:75,double,تكامل API مع الأحوال المدنية السعودية,API Integration with Saudi Civil Affairs,verify-unused-then-remove-or-localize,"Legacy/static dataset; verify usage. Remove if unused, otherwise move to locale/CMS."
SMART-I18N-0257,frontend_legacy_static_data,frontend/src/data/projects-data.ts:76,double,لوحة تحكم مخصصة للمؤجر والمستأجر,Custom Dashboard for Landlords and Renters,verify-unused-then-remove-or-localize,"Legacy/static dataset; verify usage. Remove if unused, otherwise move to locale/CMS."
SMART-I18N-0258,frontend_legacy_static_data,frontend/src/data/projects-data.ts:88,double,تقنيات حديثة,Modern Technologies,verify-unused-then-remove-or-localize,"Legacy/static dataset; verify usage. Remove if unused, otherwise move to locale/CMS."
SMART-I18N-0259,frontend_public_static,frontend/src/components/BotTeaser.tsx:58,double,يدعم واتساب وتليجرام,Supports WhatsApp and Telegram,i18n-public-ui,Proposed English copy for bilingual implementation; review brand/proper-name spelling before production.
SMART-I18N-0260,frontend_public_static,frontend/src/components/BotTeaser.tsx:59,double,متكامل مع موقعك,Integrated with your website,i18n-public-ui,Proposed English copy for bilingual implementation; review brand/proper-name spelling before production.
SMART-I18N-0261,frontend_public_static,frontend/src/components/BotTeaser.tsx:60,double,تحليلات لحظية,Real-Time Analytics,i18n-public-ui,Proposed English copy for bilingual implementation; review brand/proper-name spelling before production.
SMART-I18N-0262,frontend_public_static,frontend/src/components/FAQs.tsx:27 | frontend/src/components/FAQs.tsx:28,double,قبل بدء المشروع,Before Starting the Project,i18n-public-ui,Proposed English copy for bilingual implementation; review brand/proper-name spelling before production.
SMART-I18N-0263,frontend_public_static,frontend/src/components/FAQs.tsx:29 | frontend/src/components/FAQs.tsx:33,double,التقنية والتنفيذ,Technology and Implementation,i18n-public-ui,Proposed English copy for bilingual implementation; review brand/proper-name spelling before production.
SMART-I18N-0264,frontend_public_static,frontend/src/components/FAQs.tsx:30,double,الاستضافة والبنية التحتية,Hosting and Infrastructure,i18n-public-ui,Proposed English copy for bilingual implementation; review brand/proper-name spelling before production.
SMART-I18N-0265,frontend_public_static,frontend/src/components/FAQs.tsx:31 | frontend/src/components/FAQs.tsx:32,double,التكلفة والمدة,Cost and Timeline,i18n-public-ui,Proposed English copy for bilingual implementation; review brand/proper-name spelling before production.
SMART-I18N-0266,frontend_public_static,frontend/src/components/FAQs.tsx:37,double,عام,General,i18n-public-ui,Proposed English copy for bilingual implementation; review brand/proper-name spelling before production.
SMART-I18N-0267,frontend_public_static,frontend/src/components/FAQs.tsx:46 | frontend/src/components/FAQs.tsx:48,double,استضاف,Hosting,i18n-public-ui,Proposed English copy for bilingual implementation; review brand/proper-name spelling before production.
SMART-I18N-0268,frontend_public_static,frontend/src/components/FAQs.tsx:47,double,سيرفر,Server,i18n-public-ui,Proposed English copy for bilingual implementation; review brand/proper-name spelling before production.
SMART-I18N-0269,frontend_public_static,frontend/src/components/FAQs.tsx:54,double,تقني,Technical,i18n-public-ui,Proposed English copy for bilingual implementation; review brand/proper-name spelling before production.
SMART-I18N-0270,frontend_public_static,frontend/src/components/FAQs.tsx:55,double,سحاب,Cloud,i18n-public-ui,Proposed English copy for bilingual implementation; review brand/proper-name spelling before production.
SMART-I18N-0271,frontend_public_static,frontend/src/components/FAQs.tsx:62 | frontend/src/components/FAQs.tsx:63,double,دفع,Payment,i18n-public-ui,Proposed English copy for bilingual implementation; review brand/proper-name spelling before production.
SMART-I18N-0272,frontend_public_static,frontend/src/components/FAQs.tsx:64,double,سعر,Price,i18n-public-ui,Proposed English copy for bilingual implementation; review brand/proper-name spelling before production.
SMART-I18N-0273,frontend_public_static,frontend/src/components/FAQs.tsx:65,double,مالي,Financial,i18n-public-ui,Proposed English copy for bilingual implementation; review brand/proper-name spelling before production.
SMART-I18N-0274,frontend_public_static,frontend/src/components/FAQs.tsx:71,double,تطوير,Development,i18n-public-ui,Proposed English copy for bilingual implementation; review brand/proper-name spelling before production.
SMART-I18N-0275,frontend_public_static,frontend/src/components/FAQs.tsx:72,double,كود,Code,i18n-public-ui,Proposed English copy for bilingual implementation; review brand/proper-name spelling before production.
SMART-I18N-0276,frontend_public_static,frontend/src/components/FAQs.tsx:73,double,برمج,Programming,i18n-public-ui,Proposed English copy for bilingual implementation; review brand/proper-name spelling before production.
SMART-I18N-0277,frontend_public_static,frontend/src/components/FAQs.tsx:79 | frontend/src/components/FAQs.tsx:80,double,إعداد,Setup,i18n-public-ui,Proposed English copy for bilingual implementation; review brand/proper-name spelling before production.
SMART-I18N-0278,frontend_public_static,frontend/src/components/FAQs.tsx:81,double,تكوين,Configuration,i18n-public-ui,Proposed English copy for bilingual implementation; review brand/proper-name spelling before production.
SMART-I18N-0279,frontend_public_static,frontend/src/components/FAQs.tsx:93,double,تحليل الفكرة,Idea Analysis,i18n-public-ui,Proposed English copy for bilingual implementation; review brand/proper-name spelling before production.
SMART-I18N-0280,frontend_public_static,frontend/src/components/FAQs.tsx:94,double,تقدير المدة والتكلفة,Timeline and Cost Estimate,i18n-public-ui,Proposed English copy for bilingual implementation; review brand/proper-name spelling before production.
SMART-I18N-0281,frontend_public_static,frontend/src/components/FAQs.tsx:95,double,خطة التنفيذ والدعم,Implementation and Support Plan,i18n-public-ui,Proposed English copy for bilingual implementation; review brand/proper-name spelling before production.
SMART-I18N-0282,frontend_public_static,frontend/src/components/FAQs.tsx:108,jsx,هل لديك فكرة مشروع؟,Do you have a project idea?,i18n-public-ui,Proposed English copy for bilingual implementation; review brand/proper-name spelling before production.
SMART-I18N-0283,frontend_public_static,frontend/src/components/FAQs.tsx:148,double,حلول موثوقة وآمنة,Reliable and Secure Solutions,i18n-public-ui,Proposed English copy for bilingual implementation; review brand/proper-name spelling before production.
SMART-I18N-0284,frontend_public_static,frontend/src/components/FAQs.tsx:149,double,نستخدم أفضل الممارسات لحماية مشروعك وبياناتك.,We follow best practices to protect your project and data.,i18n-public-ui,Proposed English copy for bilingual implementation; review brand/proper-name spelling before production.
SMART-I18N-0285,frontend_public_static,frontend/src/components/FAQs.tsx:153,double,فريق متخصص,Specialized Team,i18n-public-ui,Proposed English copy for bilingual implementation; review brand/proper-name spelling before production.
SMART-I18N-0286,frontend_public_static,frontend/src/components/FAQs.tsx:154,double,خبرة في التصميم، البرمجة، وإدارة المشاريع الرقمية.,"Expertise in design, development, and digital project management.",i18n-public-ui,Proposed English copy for bilingual implementation; review brand/proper-name spelling before production.
SMART-I18N-0287,frontend_public_static,frontend/src/components/FAQs.tsx:158,double,تسليم في الوقت المحدد,On-Time Delivery,i18n-public-ui,Proposed English copy for bilingual implementation; review brand/proper-name spelling before production.
SMART-I18N-0288,frontend_public_static,frontend/src/components/FAQs.tsx:159,double,نعمل بخطة واضحة وجدول زمني متفق عليه.,We work with a clear plan and an agreed timeline.,i18n-public-ui,Proposed English copy for bilingual implementation; review brand/proper-name spelling before production.
SMART-I18N-0289,frontend_public_static,frontend/src/components/FAQs.tsx:254,double,فشل تحميل الأسئلة الشائعة. يرجى المحاولة مرة أخرى.,Failed to load FAQs. Please try again.,i18n-public-ui,Proposed English copy for bilingual implementation; review brand/proper-name spelling before production.
SMART-I18N-0290,frontend_public_static,frontend/src/components/FAQs.tsx:328,jsx,جاري تحميل مركز المساعدة...,Loading Help Center...,i18n-public-ui,Proposed English copy for bilingual implementation; review brand/proper-name spelling before production.
SMART-I18N-0291,frontend_public_static,frontend/src/components/FAQs.tsx:428,double,ابحث عن التكلفة، المدة، الدعم، أو طريقة العمل...,"Search for cost, timeline, support, or how we work...",i18n-public-ui,Proposed English copy for bilingual implementation; review brand/proper-name spelling before production.
SMART-I18N-0292,frontend_public_static,frontend/src/components/FAQs.tsx:439,template,"لـ ""${searchQuery}""","for ""${searchQuery}""",i18n-public-ui,Proposed English copy for bilingual implementation; review brand/proper-name spelling before production.
SMART-I18N-0293,frontend_public_static,frontend/src/components/Footer.tsx:59,double,حدث خطأ أثناء الاشتراك,An error occurred while subscribing,i18n-public-ui,Proposed English copy for bilingual implementation; review brand/proper-name spelling before production.
SMART-I18N-0294,frontend_public_static,frontend/src/components/Footer.tsx:71,double,تويتر,Twitter,i18n-public-ui,Proposed English copy for bilingual implementation; review brand/proper-name spelling before production.
SMART-I18N-0295,frontend_public_static,frontend/src/components/Footer.tsx:78,double,إنستغرام,Instagram,i18n-public-ui,Proposed English copy for bilingual implementation; review brand/proper-name spelling before production.
SMART-I18N-0296,frontend_public_static,frontend/src/components/Footer.tsx:92,double,لينكدإن,LinkedIn,i18n-public-ui,Proposed English copy for bilingual implementation; review brand/proper-name spelling before production.
SMART-I18N-0297,frontend_public_static,frontend/src/components/Footer.tsx:99,double,فيسبوك,Facebook,i18n-public-ui,Proposed English copy for bilingual implementation; review brand/proper-name spelling before production.
SMART-I18N-0298,frontend_public_static,frontend/src/components/Footer.tsx:109,double,"صنعاء, اليمن","Sana’a, Yemen",i18n-public-ui,Proposed English copy for bilingual implementation; review brand/proper-name spelling before production.
SMART-I18N-0299,frontend_public_static,frontend/src/components/Footer.tsx:128,double,السبت - الخميس: 8 ص - 5 م,Saturday - Thursday: 8 AM - 5 PM,i18n-public-ui,Proposed English copy for bilingual implementation; review brand/proper-name spelling before production.
SMART-I18N-0300,frontend_public_static,frontend/src/components/Footer.tsx:159,jsx,لا تتركها في رأسك.,Don’t leave it in your head.,i18n-public-ui,Proposed English copy for bilingual implementation; review brand/proper-name spelling before production.
SMART-I18N-0301,frontend_public_static,frontend/src/components/Footer.tsx:233 | frontend/src/components/Navbar.tsx:46 | frontend/src/lib/constants.ts:1,double,وكالة سمارت,Smart Agency,i18n-public-ui,Proposed English copy for bilingual implementation; review brand/proper-name spelling before production.
SMART-I18N-0302,frontend_public_static,frontend/src/components/Footer.tsx:287 | frontend/src/components/Navbar.tsx:21 | frontend/src/components/hero/HeroSectionNav.tsx:4,double,الرئيسية,Home,i18n-public-ui,Proposed English copy for bilingual implementation; review brand/proper-name spelling before production.
SMART-I18N-0303,frontend_public_static,frontend/src/components/Footer.tsx:288 | frontend/src/components/hero/HeroSectionNav.tsx:7,double,خدماتنا,Our Services,i18n-public-ui,Proposed English copy for bilingual implementation; review brand/proper-name spelling before production.
SMART-I18N-0304,frontend_public_static,frontend/src/components/Footer.tsx:289 | frontend/src/components/Navbar.tsx:23 | frontend/src/components/hero/HeroSectionNav.tsx:6,double,أعمالنا,Our Work,i18n-public-ui,Proposed English copy for bilingual implementation; review brand/proper-name spelling before production.
SMART-I18N-0305,frontend_public_static,frontend/src/components/Footer.tsx:290,double,فريقنا,Our Team,i18n-public-ui,Proposed English copy for bilingual implementation; review brand/proper-name spelling before production.
SMART-I18N-0306,frontend_public_static,frontend/src/components/Footer.tsx:291,double,المدونة,Blog,i18n-public-ui,Proposed English copy for bilingual implementation; review brand/proper-name spelling before production.
SMART-I18N-0307,frontend_public_static,frontend/src/components/Footer.tsx:408,double,بريدك الإلكتروني,Your email address,i18n-public-ui,Proposed English copy for bilingual implementation; review brand/proper-name spelling before production.
SMART-I18N-0308,frontend_public_static,frontend/src/components/HostingPackages.tsx:57 | frontend/src/components/HostingPackages.tsx:89,double,وورد,WordPress,i18n-public-ui,Proposed English copy for bilingual implementation; review brand/proper-name spelling before production.
SMART-I18N-0309,frontend_public_static,frontend/src/components/HostingPackages.tsx:63 | frontend/src/components/HostingPackages.tsx:86,double,أساسية,Basic,i18n-public-ui,Proposed English copy for bilingual implementation; review brand/proper-name spelling before production.
SMART-I18N-0310,frontend_public_static,frontend/src/components/HostingPackages.tsx:68 | frontend/src/components/HostingPackages.tsx:87,double,متوسطة,Standard,i18n-public-ui,Proposed English copy for bilingual implementation; review brand/proper-name spelling before production.
SMART-I18N-0311,frontend_public_static,frontend/src/components/HostingPackages.tsx:70,double,النمو,Growth,i18n-public-ui,Proposed English copy for bilingual implementation; review brand/proper-name spelling before production.
SMART-I18N-0312,frontend_public_static,frontend/src/components/HostingPackages.tsx:75 | frontend/src/components/HostingPackages.tsx:88,double,متقدمة,Advanced,i18n-public-ui,Proposed English copy for bilingual implementation; review brand/proper-name spelling before production.
SMART-I18N-0313,frontend_public_static,frontend/src/components/HostingPackages.tsx:86,double,مثالية للمواقع الصغيرة والبدايات الذكية.,Ideal for small websites and smart beginnings.,i18n-public-ui,Proposed English copy for bilingual implementation; review brand/proper-name spelling before production.
SMART-I18N-0314,frontend_public_static,frontend/src/components/HostingPackages.tsx:87,double,للشركات النامية والمشاريع الاحترافية.,For growing companies and professional projects.,i18n-public-ui,Proposed English copy for bilingual implementation; review brand/proper-name spelling before production.
SMART-I18N-0315,frontend_public_static,frontend/src/components/HostingPackages.tsx:88,double,للمشاريع الكبيرة والتطبيقات عالية الأداء.,For large projects and high-performance applications.,i18n-public-ui,Proposed English copy for bilingual implementation; review brand/proper-name spelling before production.
SMART-I18N-0316,frontend_public_static,frontend/src/components/HostingPackages.tsx:90,double,مخصصة لمواقع WordPress مع أداء محسن.,Built for WordPress websites with optimized performance.,i18n-public-ui,Proposed English copy for bilingual implementation; review brand/proper-name spelling before production.
SMART-I18N-0317,frontend_public_static,frontend/src/components/HostingPackages.tsx:92,double,خطة مرنة مصممة لدعم نمو مشروعك.,A flexible plan designed to support your project’s growth.,i18n-public-ui,Proposed English copy for bilingual implementation; review brand/proper-name spelling before production.
SMART-I18N-0318,frontend_public_static,frontend/src/components/HostingPackages.tsx:130,double,دعم فني سريع,Fast Technical Support,i18n-public-ui,Proposed English copy for bilingual implementation; review brand/proper-name spelling before production.
SMART-I18N-0319,frontend_public_static,frontend/src/components/HostingPackages.tsx:131,double,حماية SSL,SSL Security,i18n-public-ui,Proposed English copy for bilingual implementation; review brand/proper-name spelling before production.
SMART-I18N-0320,frontend_public_static,frontend/src/components/HostingPackages.tsx:132 | frontend/src/components/Technologies.tsx:240,double,أداء عالي,High Performance,i18n-public-ui,Proposed English copy for bilingual implementation; review brand/proper-name spelling before production.
SMART-I18N-0321,frontend_public_static,frontend/src/components/HostingPackages.tsx:133,double,جاهز للتوسع,Ready to Scale,i18n-public-ui,Proposed English copy for bilingual implementation; review brand/proper-name spelling before production.
SMART-I18N-0322,frontend_public_static,frontend/src/components/HostingPackages.tsx:232,double,فشل تحميل البيانات، يرجى المحاولة لاحقاً.,Failed to load data. Please try again later.,i18n-public-ui,Proposed English copy for bilingual implementation; review brand/proper-name spelling before production.
SMART-I18N-0323,frontend_public_static,frontend/src/components/HostingPackages.tsx:327,jsx,شهري,Monthly,i18n-public-ui,Proposed English copy for bilingual implementation; review brand/proper-name spelling before production.
SMART-I18N-0324,frontend_public_static,frontend/src/components/HostingPackages.tsx:339,jsx,سنوي,Yearly,i18n-public-ui,Proposed English copy for bilingual implementation; review brand/proper-name spelling before production.
SMART-I18N-0325,frontend_public_static,frontend/src/components/HostingPackages.tsx:402,template,كل مميزات ${base.name},All ${base.name} features,i18n-public-ui,Proposed English copy for bilingual implementation; review brand/proper-name spelling before production.
SMART-I18N-0326,frontend_public_static,frontend/src/components/HostingPackages.tsx:437,double,الأكثر طلبًا,Most Popular,i18n-public-ui,Proposed English copy for bilingual implementation; review brand/proper-name spelling before production.
SMART-I18N-0327,frontend_public_static,frontend/src/components/HostingPackages.tsx:512 | frontend/src/components/PackageSelectionModal.tsx:221,double,شهرياً,per month,i18n-public-ui,Proposed English copy for bilingual implementation; review brand/proper-name spelling before production.
SMART-I18N-0328,frontend_public_static,frontend/src/components/HostingPackages.tsx:512 | frontend/src/components/PackageSelectionModal.tsx:221,double,سنوياً,per year,i18n-public-ui,Proposed English copy for bilingual implementation; review brand/proper-name spelling before production.
SMART-I18N-0329,frontend_public_static,frontend/src/components/HostingPackages.tsx:527,double,التخزين,Storage,i18n-public-ui,Proposed English copy for bilingual implementation; review brand/proper-name spelling before production.
SMART-I18N-0330,frontend_public_static,frontend/src/components/HostingPackages.tsx:535,double,النطاق,Bandwidth,i18n-public-ui,Proposed English copy for bilingual implementation; review brand/proper-name spelling before production.
SMART-I18N-0331,frontend_public_static,frontend/src/components/HostingPackages.tsx:543,double,المعالج,CPU,i18n-public-ui,Proposed English copy for bilingual implementation; review brand/proper-name spelling before production.
SMART-I18N-0332,frontend_public_static,frontend/src/components/HostingPackages.tsx:551,double,الذاكرة,Memory,i18n-public-ui,Proposed English copy for bilingual implementation; review brand/proper-name spelling before production.
SMART-I18N-0333,frontend_public_static,frontend/src/components/HostingPackages.tsx:578,double,إخفاء التفاصيل,Hide Details,i18n-public-ui,Proposed English copy for bilingual implementation; review brand/proper-name spelling before production.
SMART-I18N-0334,frontend_public_static,frontend/src/components/HostingPackages.tsx:579,double,عرض الكل,View All,i18n-public-ui,Proposed English copy for bilingual implementation; review brand/proper-name spelling before production.
SMART-I18N-0335,frontend_public_static,frontend/src/components/HostingPackages.tsx:627,double,اختر الخطة,Choose Plan,i18n-public-ui,Proposed English copy for bilingual implementation; review brand/proper-name spelling before production.
SMART-I18N-0336,frontend_public_static,frontend/src/components/HostingPackages.tsx:627 | frontend/src/components/blog/ArticleCTA.tsx:25,double | jsx,ابدأ الآن,Get Started,i18n-public-ui,Proposed English copy for bilingual implementation; review brand/proper-name spelling before production.
SMART-I18N-0337,frontend_public_static,frontend/src/components/LatestBlogs.tsx:37,double,تعذر تحميل المقالات حالياً.,Unable to load articles right now.,i18n-public-ui,Proposed English copy for bilingual implementation; review brand/proper-name spelling before production.
SMART-I18N-0338,frontend_public_static,frontend/src/components/Navbar.tsx:22 | frontend/src/components/hero/HeroSectionNav.tsx:5,double,من نحن,About Us,i18n-public-ui,Proposed English copy for bilingual implementation; review brand/proper-name spelling before production.
SMART-I18N-0339,frontend_public_static,frontend/src/components/Navbar.tsx:24,double,مدونة,Blog,i18n-public-ui,Proposed English copy for bilingual implementation; review brand/proper-name spelling before production.
SMART-I18N-0340,frontend_public_static,frontend/src/components/Navbar.tsx:25 | frontend/src/components/hero/HeroSectionNav.tsx:9,double,تواصل معنا,Contact Us,i18n-public-ui,Proposed English copy for bilingual implementation; review brand/proper-name spelling before production.
SMART-I18N-0341,frontend_public_static,frontend/src/components/Navbar.tsx:99,double,فتح القائمة,Open Menu,i18n-public-ui,Proposed English copy for bilingual implementation; review brand/proper-name spelling before production.
SMART-I18N-0342,frontend_public_static,frontend/src/components/PackageSelectionModal.tsx:195,double,طلب خاص,Custom Request,i18n-public-ui,Proposed English copy for bilingual implementation; review brand/proper-name spelling before production.
SMART-I18N-0343,frontend_public_static,frontend/src/components/PackageSelectionModal.tsx:195,double,تأكيد الطلب,Confirm Request,i18n-public-ui,Proposed English copy for bilingual implementation; review brand/proper-name spelling before production.
SMART-I18N-0344,frontend_public_static,frontend/src/components/PackageSelectionModal.tsx:198,double,حلول المؤسسات,Enterprise Solutions,i18n-public-ui,Proposed English copy for bilingual implementation; review brand/proper-name spelling before production.
SMART-I18N-0345,frontend_public_static,frontend/src/components/PackageSelectionModal.tsx:226,double,ر.س,SAR,i18n-public-ui,Proposed English copy for bilingual implementation; review brand/proper-name spelling before production.
SMART-I18N-0346,frontend_public_static,frontend/src/components/PackageSelectionModal.tsx:258,double,مثال: محمد أحمد,Example: Mohammed Ahmed,i18n-public-ui,Proposed English copy for bilingual implementation; review brand/proper-name spelling before production.
SMART-I18N-0347,frontend_public_static,frontend/src/components/PackageSelectionModal.tsx:304,double,اسم مؤسستك أو شركتك,Your organization or company name,i18n-public-ui,Proposed English copy for bilingual implementation; review brand/proper-name spelling before production.
SMART-I18N-0348,frontend_public_static,frontend/src/components/PackageSelectionModal.tsx:324,double,صف لنا متطلبات السيرفر والمواصفات التي تحتاجها...,Describe the server requirements and specifications you need...,i18n-public-ui,Proposed English copy for bilingual implementation; review brand/proper-name spelling before production.
SMART-I18N-0349,frontend_public_static,frontend/src/components/PackageSelectionModal.tsx:325,double,أي تعليمات خاصة...,Any special instructions...,i18n-public-ui,Proposed English copy for bilingual implementation; review brand/proper-name spelling before production.
SMART-I18N-0350,frontend_public_static,frontend/src/components/PackageSelectionModal.tsx:353,jsx,جاري المعالجة...,Processing...,i18n-public-ui,Proposed English copy for bilingual implementation; review brand/proper-name spelling before production.
SMART-I18N-0351,frontend_public_static,frontend/src/components/PackageSelectionModal.tsx:357,double,إرسال طلب عرض سعر,Request a Quote,i18n-public-ui,Proposed English copy for bilingual implementation; review brand/proper-name spelling before production.
SMART-I18N-0352,frontend_public_static,frontend/src/components/PackageSelectionModal.tsx:357,double,إتمام الطلب,Complete Order,i18n-public-ui,Proposed English copy for bilingual implementation; review brand/proper-name spelling before production.
SMART-I18N-0353,frontend_public_static,frontend/src/components/Services.tsx:42,double,تطوير تطبيقات الجوال,Mobile App Development,i18n-public-ui,Proposed English copy for bilingual implementation; review brand/proper-name spelling before production.
SMART-I18N-0354,frontend_public_static,frontend/src/components/Services.tsx:44,double,تطبيقات iOS و Android عالية الأداء بتجربة مستخدم استثنائية,High-performance iOS and Android apps with an exceptional user experience,i18n-public-ui,Proposed English copy for bilingual implementation; review brand/proper-name spelling before production.
SMART-I18N-0355,frontend_public_static,frontend/src/components/Services.tsx:48,double,تطبيقات أصلية ومتعددة المنصات,Native and Cross-Platform Apps,i18n-public-ui,Proposed English copy for bilingual implementation; review brand/proper-name spelling before production.
SMART-I18N-0356,frontend_public_static,frontend/src/components/Services.tsx:49,double,تصميم واجهات مستخدم متفاعلة,Interactive UI Design,i18n-public-ui,Proposed English copy for bilingual implementation; review brand/proper-name spelling before production.
SMART-I18N-0357,frontend_public_static,frontend/src/components/Services.tsx:50,double,تحسين الأداء وتجربة المستخدم,Performance and User Experience Optimization,i18n-public-ui,Proposed English copy for bilingual implementation; review brand/proper-name spelling before production.
SMART-I18N-0358,frontend_public_static,frontend/src/components/Services.tsx:58,double,التسويق الرقمي,Digital Marketing,i18n-public-ui,Proposed English copy for bilingual implementation; review brand/proper-name spelling before production.
SMART-I18N-0359,frontend_public_static,frontend/src/components/Services.tsx:60,double,استراتيجيات تسويق رقمية متكاملة لزيادة الظهور وجذب العملاء وتحقيق النمو,"Integrated digital marketing strategies to increase visibility, attract customers, and drive growth",i18n-public-ui,Proposed English copy for bilingual implementation; review brand/proper-name spelling before production.
SMART-I18N-0360,frontend_public_static,frontend/src/components/Services.tsx:64,double,تحسين محركات البحث SEO,Search Engine Optimization (SEO),i18n-public-ui,Proposed English copy for bilingual implementation; review brand/proper-name spelling before production.
SMART-I18N-0361,frontend_public_static,frontend/src/components/Services.tsx:65,double,إدارة حملات الإعلانات المدفوعة,Paid Advertising Campaign Management,i18n-public-ui,Proposed English copy for bilingual implementation; review brand/proper-name spelling before production.
SMART-I18N-0362,frontend_public_static,frontend/src/components/Services.tsx:66,double,تحليلات وتقارير الأداء,Performance Analytics and Reporting,i18n-public-ui,Proposed English copy for bilingual implementation; review brand/proper-name spelling before production.
SMART-I18N-0363,frontend_public_static,frontend/src/components/Services.tsx:74,double,الاستشارات التقنية,Technical Consulting,i18n-public-ui,Proposed English copy for bilingual implementation; review brand/proper-name spelling before production.
SMART-I18N-0364,frontend_public_static,frontend/src/components/Services.tsx:76,double,نقدم لك الخبرة التقنية اللازمة لتحويل فكرتك إلى مشروع ناجح ومستدام,"We provide the technical expertise needed to turn your idea into a successful, sustainable project",i18n-public-ui,Proposed English copy for bilingual implementation; review brand/proper-name spelling before production.
SMART-I18N-0365,frontend_public_static,frontend/src/components/Services.tsx:80,double,تحليل المتطلبات وتخطيط المشاريع,Requirements Analysis and Project Planning,i18n-public-ui,Proposed English copy for bilingual implementation; review brand/proper-name spelling before production.
SMART-I18N-0366,frontend_public_static,frontend/src/components/Services.tsx:81,double,تقييم البنية التحتية التقنية,Technical Infrastructure Assessment,i18n-public-ui,Proposed English copy for bilingual implementation; review brand/proper-name spelling before production.
SMART-I18N-0367,frontend_public_static,frontend/src/components/Services.tsx:82,double,وضع خارطة طريق رقمية,Digital Roadmap Development,i18n-public-ui,Proposed English copy for bilingual implementation; review brand/proper-name spelling before production.
SMART-I18N-0368,frontend_public_static,frontend/src/components/Services.tsx:90,double,تصميم وتطوير مواقع الويب,Web Design and Development,i18n-public-ui,Proposed English copy for bilingual implementation; review brand/proper-name spelling before production.
SMART-I18N-0369,frontend_public_static,frontend/src/components/Services.tsx:92,double,مواقع احترافية سريعة، متجاوبة، ومحسنة لتجربة المستخدم ومحركات البحث,"Professional, fast, responsive websites optimized for user experience and search engines",i18n-public-ui,Proposed English copy for bilingual implementation; review brand/proper-name spelling before production.
SMART-I18N-0370,frontend_public_static,frontend/src/components/Services.tsx:96,double,مواقع سريعة ومتجاوبة,Fast and Responsive Websites,i18n-public-ui,Proposed English copy for bilingual implementation; review brand/proper-name spelling before production.
SMART-I18N-0371,frontend_public_static,frontend/src/components/Services.tsx:97,double,تصميم واجهات مخصصة,Custom Interface Design,i18n-public-ui,Proposed English copy for bilingual implementation; review brand/proper-name spelling before production.
SMART-I18N-0372,frontend_public_static,frontend/src/components/Services.tsx:98,double,تحسين SEO وأمان الموقع,SEO and Website Security Optimization,i18n-public-ui,Proposed English copy for bilingual implementation; review brand/proper-name spelling before production.
SMART-I18N-0373,frontend_public_static,frontend/src/components/Services.tsx:106,double,تصميم الهوية البصرية,Visual Identity Design,i18n-public-ui,Proposed English copy for bilingual implementation; review brand/proper-name spelling before production.
SMART-I18N-0374,frontend_public_static,frontend/src/components/Services.tsx:108,double,نبني هوية بصرية قوية تعكس قيم علامتك وتتميز بك في السوق,We build a strong visual identity that reflects your brand values and helps you stand out in the market,i18n-public-ui,Proposed English copy for bilingual implementation; review brand/proper-name spelling before production.
SMART-I18N-0375,frontend_public_static,frontend/src/components/Services.tsx:112,double,تصميم الشعارات والهوية البصرية,Logo and Visual Identity Design,i18n-public-ui,Proposed English copy for bilingual implementation; review brand/proper-name spelling before production.
SMART-I18N-0376,frontend_public_static,frontend/src/components/Services.tsx:113,double,دليل الهوية البصرية,Brand Guidelines,i18n-public-ui,Proposed English copy for bilingual implementation; review brand/proper-name spelling before production.
SMART-I18N-0377,frontend_public_static,frontend/src/components/Services.tsx:114,double,تصميم مواد تسويقية,Marketing Collateral Design,i18n-public-ui,Proposed English copy for bilingual implementation; review brand/proper-name spelling before production.
SMART-I18N-0378,frontend_public_static,frontend/src/components/Services.tsx:122,double,الأنظمة ولوحات التحكم,Systems and Dashboards,i18n-public-ui,Proposed English copy for bilingual implementation; review brand/proper-name spelling before production.
SMART-I18N-0379,frontend_public_static,frontend/src/components/Services.tsx:124,double,أنظمة مخصصة ولوحات تحكم ذكية لإدارة العمليات واتخاذ قرارات أدق,Custom systems and smart dashboards for managing operations and making better decisions,i18n-public-ui,Proposed English copy for bilingual implementation; review brand/proper-name spelling before production.
SMART-I18N-0380,frontend_public_static,frontend/src/components/Services.tsx:128,double,لوحات تحكم مخصصة,Custom Dashboards,i18n-public-ui,Proposed English copy for bilingual implementation; review brand/proper-name spelling before production.
SMART-I18N-0381,frontend_public_static,frontend/src/components/Services.tsx:129,double,أنظمة إدارة المحتوى,Content Management Systems,i18n-public-ui,Proposed English copy for bilingual implementation; review brand/proper-name spelling before production.
SMART-I18N-0382,frontend_public_static,frontend/src/components/Services.tsx:130,double,تقارير ورسوم بيانية تفاعلية,Interactive Reports and Charts,i18n-public-ui,Proposed English copy for bilingual implementation; review brand/proper-name spelling before production.
SMART-I18N-0383,frontend_public_static,frontend/src/components/Services.tsx:162,double,تعذر تحميل الخدمات من الخادم,Failed to load services from the server,i18n-public-ui,Proposed English copy for bilingual implementation; review brand/proper-name spelling before production.
SMART-I18N-0384,frontend_public_static,frontend/src/components/Services.tsx:186,double,لا توجد خدمات متاحة,No services available,i18n-public-ui,Proposed English copy for bilingual implementation; review brand/proper-name spelling before production.
SMART-I18N-0385,frontend_public_static,frontend/src/components/Services.tsx:187,double,لم نتمكن من تحميل الخدمات,We couldn’t load the services,i18n-public-ui,Proposed English copy for bilingual implementation; review brand/proper-name spelling before production.
SMART-I18N-0386,frontend_public_static,frontend/src/components/Services.tsx:222,jsx,تصنع النمو,that drive growth,i18n-public-ui,Proposed English copy for bilingual implementation; review brand/proper-name spelling before production.
SMART-I18N-0387,frontend_public_static,frontend/src/components/Team.tsx:91,double,فشل تحميل أعضاء الفريق. يرجى المحاولة مرة أخرى.,Failed to load team members. Please try again.,i18n-public-ui,Proposed English copy for bilingual implementation; review brand/proper-name spelling before production.
SMART-I18N-0388,frontend_public_static,frontend/src/components/TeamMemberDialog.tsx:42 | frontend/src/components/team/TeamProfileDrawer.tsx:45,jsx,تفاصيل العضو,Member Details,i18n-public-ui,Proposed English copy for bilingual implementation; review brand/proper-name spelling before production.
SMART-I18N-0389,frontend_public_static,frontend/src/components/Technologies.tsx:39 | frontend/src/components/Technologies.tsx:335,double,هندسة الأنظمة,System Engineering,i18n-public-ui,Proposed English copy for bilingual implementation; review brand/proper-name spelling before production.
SMART-I18N-0390,frontend_public_static,frontend/src/components/Technologies.tsx:42,double,نصمم ونبني أنظمة خلفية قوية وواجهات برمجية منظمة قابلة للتوسع، مع التركيز على الأداء، الأمان، وسهولة الصيانة.,"We design and build robust backend systems and well-structured, scalable APIs, with a focus on performance, security, and maintainability.",i18n-public-ui,Proposed English copy for bilingual implementation; review brand/proper-name spelling before production.
SMART-I18N-0391,frontend_public_static,frontend/src/components/Technologies.tsx:46 | frontend/src/components/Technologies.tsx:330,double,تجربة الواجهة,Frontend Experience,i18n-public-ui,Proposed English copy for bilingual implementation; review brand/proper-name spelling before production.
SMART-I18N-0392,frontend_public_static,frontend/src/components/Technologies.tsx:49,double,نبني واجهات سريعة، متجاوبة، وأنيقة تمنح المستخدم تجربة واضحة وسلسة على مختلف الأجهزة.,"We build fast, responsive, elegant interfaces that deliver a clear and seamless experience across devices.",i18n-public-ui,Proposed English copy for bilingual implementation; review brand/proper-name spelling before production.
SMART-I18N-0393,frontend_public_static,frontend/src/components/Technologies.tsx:53,double,إدارة البيانات,Data Management,i18n-public-ui,Proposed English copy for bilingual implementation; review brand/proper-name spelling before production.
SMART-I18N-0394,frontend_public_static,frontend/src/components/Technologies.tsx:56,double,ننظم البيانات بطريقة آمنة ومرنة تساعد المنتج على النمو، التحليل، والتكامل مع الخدمات الأخرى.,"We organize data securely and flexibly to support product growth, analytics, and integration with other services.",i18n-public-ui,Proposed English copy for bilingual implementation; review brand/proper-name spelling before production.
SMART-I18N-0395,frontend_public_static,frontend/src/components/Technologies.tsx:60 | frontend/src/components/team/team-utils.ts:6,double,تطبيقات الجوال,Mobile Applications,i18n-public-ui,Proposed English copy for bilingual implementation; review brand/proper-name spelling before production.
SMART-I18N-0396,frontend_public_static,frontend/src/components/Technologies.tsx:63,double,نطوّر تطبيقات جوال عملية وسلسة تدعم تجربة المستخدم وتتكامل مع أنظمة المنتج الأساسية.,"We develop practical, smooth mobile applications that enhance the user experience and integrate with core product systems.",i18n-public-ui,Proposed English copy for bilingual implementation; review brand/proper-name spelling before production.
SMART-I18N-0397,frontend_public_static,frontend/src/components/Technologies.tsx:67 | frontend/src/components/Technologies.tsx:340,double,التشغيل والنشر,Operations and Deployment,i18n-public-ui,Proposed English copy for bilingual implementation; review brand/proper-name spelling before production.
SMART-I18N-0398,frontend_public_static,frontend/src/components/Technologies.tsx:70,double,نضمن نشرًا مستقرًا، مراقبة مستمرة، وبيئة تشغيل تساعد على استقرار المنتج واستمراره.,"We ensure stable deployment, continuous monitoring, and a reliable operating environment that keeps your product running smoothly.",i18n-public-ui,Proposed English copy for bilingual implementation; review brand/proper-name spelling before production.
SMART-I18N-0399,frontend_public_static,frontend/src/components/Technologies.tsx:74 | frontend/src/components/Technologies.tsx:345,double,الذكاء والأتمتة,Intelligence and Automation,i18n-public-ui,Proposed English copy for bilingual implementation; review brand/proper-name spelling before production.
SMART-I18N-0400,frontend_public_static,frontend/src/components/Technologies.tsx:77,double,نستخدم الأتمتة والذكاء الاصطناعي لتقليل العمل اليدوي، ربط الأنظمة، وتحسين كفاءة التشغيل.,"We use automation and AI to reduce manual work, connect systems, and improve operational efficiency.",i18n-public-ui,Proposed English copy for bilingual implementation; review brand/proper-name spelling before production.
SMART-I18N-0401,frontend_public_static,frontend/src/components/Technologies.tsx:81,double,الذكاء الاصطناعي,Artificial Intelligence,i18n-public-ui,Proposed English copy for bilingual implementation; review brand/proper-name spelling before production.
SMART-I18N-0402,frontend_public_static,frontend/src/components/Technologies.tsx:84,double,نربط المنتجات بحلول ذكاء اصطناعي عملية تساعد في البحث، التحليل، الدعم، وأتمتة العمليات.,"We integrate products with practical AI solutions for search, analysis, support, and process automation.",i18n-public-ui,Proposed English copy for bilingual implementation; review brand/proper-name spelling before production.
SMART-I18N-0403,frontend_public_static,frontend/src/components/Technologies.tsx:88,double,تقنيات مساعدة,Supporting Technologies,i18n-public-ui,Proposed English copy for bilingual implementation; review brand/proper-name spelling before production.
SMART-I18N-0404,frontend_public_static,frontend/src/components/Technologies.tsx:91,double,تقنيات وأدوات داعمة نستخدمها حسب احتياج كل منتج لضمان تجربة أفضل واستقرار أعلى.,Supporting technologies and tools selected for each product’s needs to ensure a better experience and greater reliability.,i18n-public-ui,Proposed English copy for bilingual implementation; review brand/proper-name spelling before production.
SMART-I18N-0405,frontend_public_static,frontend/src/components/Technologies.tsx:143,jsx,تقنية,Technology,i18n-public-ui,Proposed English copy for bilingual implementation; review brand/proper-name spelling before production.
SMART-I18N-0406,frontend_public_static,frontend/src/components/Technologies.tsx:148,jsx,طبقات تقنية,Technology Layers,i18n-public-ui,Proposed English copy for bilingual implementation; review brand/proper-name spelling before production.
SMART-I18N-0407,frontend_public_static,frontend/src/components/Technologies.tsx:156,jsx,منظومة عمل متكاملة,Integrated Technology Ecosystem,i18n-public-ui,Proposed English copy for bilingual implementation; review brand/proper-name spelling before production.
SMART-I18N-0408,frontend_public_static,frontend/src/components/Technologies.tsx:241,double,هيكلة نظيفة,Clean Architecture,i18n-public-ui,Proposed English copy for bilingual implementation; review brand/proper-name spelling before production.
SMART-I18N-0409,frontend_public_static,frontend/src/components/Technologies.tsx:242,double,قابلية توسع,Scalability,i18n-public-ui,Proposed English copy for bilingual implementation; review brand/proper-name spelling before production.
SMART-I18N-0410,frontend_public_static,frontend/src/components/Technologies.tsx:243,double,أمان متقدم,Advanced Security,i18n-public-ui,Proposed English copy for bilingual implementation; review brand/proper-name spelling before production.
SMART-I18N-0411,frontend_public_static,frontend/src/components/Technologies.tsx:331,double,نصمم واجهات سريعة، متجاوبة، وتقدم أفضل تجربة للمستخدم.,"We design fast, responsive interfaces that deliver the best possible user experience.",i18n-public-ui,Proposed English copy for bilingual implementation; review brand/proper-name spelling before production.
SMART-I18N-0412,frontend_public_static,frontend/src/components/Technologies.tsx:336,double,نبني أنظمة خلفية قوية وقابلة للتوسع تدعم نمو منتجاتك.,"We build robust, scalable backend systems that support your product’s growth.",i18n-public-ui,Proposed English copy for bilingual implementation; review brand/proper-name spelling before production.
SMART-I18N-0413,frontend_public_static,frontend/src/components/Technologies.tsx:341,double,نضمن نشرًا مستقرًا، مراقبة مستمرة، ونسخًا احتياطيًا يحافظ على استمرارية خدماتك.,"We ensure stable deployment, continuous monitoring, and backups that maintain service continuity.",i18n-public-ui,Proposed English copy for bilingual implementation; review brand/proper-name spelling before production.
SMART-I18N-0414,frontend_public_static,frontend/src/components/Technologies.tsx:346,double,نستخدم الذكاء الاصطناعي والأتمتة لزيادة الكفاءة وتقليل العمل اليدوي.,We use AI and automation to increase efficiency and reduce manual work.,i18n-public-ui,Proposed English copy for bilingual implementation; review brand/proper-name spelling before production.
SMART-I18N-0415,frontend_public_static,frontend/src/components/Technologies.tsx:402,double,فشل تحميل التقنيات. يرجى المحاولة مرة أخرى.,Failed to load technologies. Please try again.,i18n-public-ui,Proposed English copy for bilingual implementation; review brand/proper-name spelling before production.
SMART-I18N-0416,frontend_public_static,frontend/src/components/Technologies.tsx:441,jsx,جاري تحميل التقنيات...,Loading technologies...,i18n-public-ui,Proposed English copy for bilingual implementation; review brand/proper-name spelling before production.
SMART-I18N-0417,frontend_public_static,frontend/src/components/Testimonials.tsx:53,jsx,نتائج حقيقية,Real Results,i18n-public-ui,Proposed English copy for bilingual implementation; review brand/proper-name spelling before production.
SMART-I18N-0418,frontend_public_static,frontend/src/components/Testimonials.tsx:90 | frontend/src/components/Testimonials.tsx:157,double,شعار الشركة,Company Logo,i18n-public-ui,Proposed English copy for bilingual implementation; review brand/proper-name spelling before production.
SMART-I18N-0419,frontend_public_static,frontend/src/components/Testimonials.tsx:104,jsx,ملخص المشروع,Project Summary,i18n-public-ui,Proposed English copy for bilingual implementation; review brand/proper-name spelling before production.
SMART-I18N-0420,frontend_public_static,frontend/src/components/Testimonials.tsx:109,jsx,تصميم وتجربة المستخدم,Design and User Experience,i18n-public-ui,Proposed English copy for bilingual implementation; review brand/proper-name spelling before production.
SMART-I18N-0421,frontend_public_static,frontend/src/components/Testimonials.tsx:113,jsx,تطوير موقع احترافي,Professional Website Development,i18n-public-ui,Proposed English copy for bilingual implementation; review brand/proper-name spelling before production.
SMART-I18N-0422,frontend_public_static,frontend/src/components/Testimonials.tsx:119,jsx,النتيجة,The Result,i18n-public-ui,Proposed English copy for bilingual implementation; review brand/proper-name spelling before production.
SMART-I18N-0423,frontend_public_static,frontend/src/components/Testimonials.tsx:121,jsx,تجربة رقمية أكثر وضوحًا واحترافية,A clearer and more professional digital experience,i18n-public-ui,Proposed English copy for bilingual implementation; review brand/proper-name spelling before production.
SMART-I18N-0424,frontend_public_static,frontend/src/components/Testimonials.tsx:177,jsx,مشروع تم تسليمه بنجاح,Successfully Delivered Project,i18n-public-ui,Proposed English copy for bilingual implementation; review brand/proper-name spelling before production.
SMART-I18N-0425,frontend_public_static,frontend/src/components/Testimonials.tsx:181,jsx,متوسط التقييم من عملائنا,Average Client Rating,i18n-public-ui,Proposed English copy for bilingual implementation; review brand/proper-name spelling before production.
SMART-I18N-0426,frontend_public_static,frontend/src/components/Testimonials.tsx:185,jsx,قطاعات تنوع في الخبرات,Industries Representing Diverse Experience,i18n-public-ui,Proposed English copy for bilingual implementation; review brand/proper-name spelling before production.
SMART-I18N-0427,frontend_public_static,frontend/src/components/layout/FloatingSectionNav.tsx:6,double,الخدمات,Services,i18n-public-ui,Proposed English copy for bilingual implementation; review brand/proper-name spelling before production.
SMART-I18N-0428,frontend_public_static,frontend/src/components/layout/FloatingSectionNav.tsx:7,double,الأعمال,Work,i18n-public-ui,Proposed English copy for bilingual implementation; review brand/proper-name spelling before production.
SMART-I18N-0429,frontend_public_static,frontend/src/components/layout/FloatingSectionNav.tsx:8 | frontend/src/components/hero/HeroSectionNav.tsx:8,double,التقنيات,Technologies,i18n-public-ui,Proposed English copy for bilingual implementation; review brand/proper-name spelling before production.
SMART-I18N-0430,frontend_public_static,frontend/src/components/layout/FloatingSectionNav.tsx:9,double,العملاء,Clients,i18n-public-ui,Proposed English copy for bilingual implementation; review brand/proper-name spelling before production.
SMART-I18N-0431,frontend_public_static,frontend/src/components/layout/FloatingSectionNav.tsx:10,double,الباقات,Plans,i18n-public-ui,Proposed English copy for bilingual implementation; review brand/proper-name spelling before production.
SMART-I18N-0432,frontend_public_static,frontend/src/components/layout/FloatingSectionNav.tsx:11,double,تواصل,Contact,i18n-public-ui,Proposed English copy for bilingual implementation; review brand/proper-name spelling before production.
SMART-I18N-0433,frontend_public_static,frontend/src/components/ui/StateViews.tsx:71,single,حدث خطأ,An Error Occurred,i18n-public-ui,Proposed English copy for bilingual implementation; review brand/proper-name spelling before production.
SMART-I18N-0434,frontend_public_static,frontend/src/components/scroll-snap/ScrollSnapContainer.tsx:210,double,القسم الحالي,Current Section,i18n-public-ui,Proposed English copy for bilingual implementation; review brand/proper-name spelling before production.
SMART-I18N-0435,frontend_public_static,frontend/src/components/scroll-snap/ScrollSnapContainer.tsx:212,double,تمت زيارته,Visited,i18n-public-ui,Proposed English copy for bilingual implementation; review brand/proper-name spelling before production.
SMART-I18N-0436,frontend_public_static,frontend/src/components/blog/ArticleCTA.tsx:6,double,حوّل فكرتك إلى منتج رقمي واضح,Turn Your Idea into a Clear Digital Product,i18n-public-ui,Proposed English copy for bilingual implementation; review brand/proper-name spelling before production.
SMART-I18N-0437,frontend_public_static,frontend/src/components/blog/ArticleCTA.tsx:8,double,فريق Smart Agency يساعدك على التخطيط، التصميم، التطوير، والإطلاق بمنهج عملي ونتائج مضمونة.,"The Smart Agency team helps you plan, design, develop, and launch with a practical approach and reliable results.",i18n-public-ui,Proposed English copy for bilingual implementation; review brand/proper-name spelling before production.
SMART-I18N-0438,frontend_public_static,frontend/src/components/blog/ArticleHero.tsx:71,double,مشاركة المقال,Share Article,i18n-public-ui,Proposed English copy for bilingual implementation; review brand/proper-name spelling before production.
SMART-I18N-0439,frontend_public_static,frontend/src/components/blog/AuthorBox.tsx:26,double,فريق المنتجات الرقمية,Digital Products Team,i18n-public-ui,Proposed English copy for bilingual implementation; review brand/proper-name spelling before production.
SMART-I18N-0440,frontend_public_static,frontend/src/components/blog/AuthorBox.tsx:26,jsx,"{blog.authorRole || ""فريق المنتجات الرقمية""}","{blog.authorRole || ""Digital Products Team""}",i18n-public-ui,Proposed English copy for bilingual implementation; review brand/proper-name spelling before production.
SMART-I18N-0441,frontend_public_static,frontend/src/components/blog/BlogEmptyState.tsx:4,jsx,لا توجد مقالات مطابقة,No Matching Articles,i18n-public-ui,Proposed English copy for bilingual implementation; review brand/proper-name spelling before production.
SMART-I18N-0442,frontend_public_static,frontend/src/components/blog/BlogEmptyState.tsx:5,jsx,جرّب تغيير البحث أو الفلاتر الحالية.,Try changing your search or current filters.,i18n-public-ui,Proposed English copy for bilingual implementation; review brand/proper-name spelling before production.
SMART-I18N-0443,frontend_public_static,frontend/src/components/blog/BlogHero.tsx:32,double,ابحث في المقالات والأدلة...,Search articles and guides...,i18n-public-ui,Proposed English copy for bilingual implementation; review brand/proper-name spelling before production.
SMART-I18N-0444,frontend_public_static,frontend/src/components/blog/BlogInsightCard.tsx:42,double,رؤية عملية من فريق Smart Agency حول بناء منتجات رقمية أفضل.,Practical insights from the Smart Agency team on building better digital products.,i18n-public-ui,Proposed English copy for bilingual implementation; review brand/proper-name spelling before production.
SMART-I18N-0445,frontend_public_static,frontend/src/components/blog/BlogSidebar.tsx:29,jsx,وسوم شائعة,Popular Tags,i18n-public-ui,Proposed English copy for bilingual implementation; review brand/proper-name spelling before production.
SMART-I18N-0446,frontend_public_static,frontend/src/components/blog/BlogSidebar.tsx:48,jsx,هل لديك فكرة منتج؟,Do you have a product idea?,i18n-public-ui,Proposed English copy for bilingual implementation; review brand/proper-name spelling before production.
SMART-I18N-0447,frontend_public_static,frontend/src/components/blog/CategoryTabs.tsx:12 | frontend/src/components/projects/ProjectsShowcase.tsx:32 | frontend/src/components/projects/ProjectsShowcase.tsx:54 | frontend/src/components/projects/ProjectsShowcase.tsx:64,double,الكل,All,i18n-public-ui,Proposed English copy for bilingual implementation; review brand/proper-name spelling before production.
SMART-I18N-0448,frontend_public_static,frontend/src/components/blog/FeaturedArticle.tsx:10,jsx,المقال المميز,Featured Article,i18n-public-ui,Proposed English copy for bilingual implementation; review brand/proper-name spelling before production.
SMART-I18N-0449,frontend_public_static,frontend/src/components/blog/RelatedArticles.tsx:15,jsx,مقالات ذات صلة,Related Articles,i18n-public-ui,Proposed English copy for bilingual implementation; review brand/proper-name spelling before production.
SMART-I18N-0450,frontend_public_static,frontend/src/components/blog/TableOfContents.tsx:45,jsx,في هذا المقال,In This Article,i18n-public-ui,Proposed English copy for bilingual implementation; review brand/proper-name spelling before production.
SMART-I18N-0451,frontend_public_static,frontend/src/components/blog/blogUtils.ts:4,double,مقال,Article,i18n-public-ui,Proposed English copy for bilingual implementation; review brand/proper-name spelling before production.
SMART-I18N-0452,frontend_public_static,frontend/src/components/blog/blogUtils.ts:5,double,دليل عملي,Practical Guide,i18n-public-ui,Proposed English copy for bilingual implementation; review brand/proper-name spelling before production.
SMART-I18N-0453,frontend_public_static,frontend/src/components/blog/blogUtils.ts:6,double,دراسة حالة,Case Study,i18n-public-ui,Proposed English copy for bilingual implementation; review brand/proper-name spelling before production.
SMART-I18N-0454,frontend_public_static,frontend/src/components/blog/blogUtils.ts:7,double,رؤية تقنية,Technical Insight,i18n-public-ui,Proposed English copy for bilingual implementation; review brand/proper-name spelling before production.
SMART-I18N-0455,frontend_public_static,frontend/src/components/blog/blogUtils.ts:8,double,خبر,News,i18n-public-ui,Proposed English copy for bilingual implementation; review brand/proper-name spelling before production.
SMART-I18N-0456,frontend_public_static,frontend/src/components/blog/blogUtils.ts:23 | frontend/src/components/blog/blogUtils.ts:25,double,فريق Smart Agency,Smart Agency Team,i18n-public-ui,Proposed English copy for bilingual implementation; review brand/proper-name spelling before production.
SMART-I18N-0457,frontend_public_static,frontend/src/components/about/AboutHero.tsx:30,double,الاستراتيجية والتخطيط,Strategy and Planning,i18n-public-ui,Proposed English copy for bilingual implementation; review brand/proper-name spelling before production.
SMART-I18N-0458,frontend_public_static,frontend/src/components/about/AboutHero.tsx:31,double,تصميم واجهات المستخدم UX/UI,UX/UI Design,i18n-public-ui,Proposed English copy for bilingual implementation; review brand/proper-name spelling before production.
SMART-I18N-0459,frontend_public_static,frontend/src/components/about/AboutHero.tsx:32,double,التطوير البرمجي المتقن,High-Quality Software Development,i18n-public-ui,Proposed English copy for bilingual implementation; review brand/proper-name spelling before production.
SMART-I18N-0460,frontend_public_static,frontend/src/components/about/AboutHero.tsx:33,double,الإطلاق والتشغيل الآمن,Secure Launch and Operations,i18n-public-ui,Proposed English copy for bilingual implementation; review brand/proper-name spelling before production.
SMART-I18N-0461,frontend_public_static,frontend/src/components/about/AboutHero.tsx:34,double,النمو والتحسين المستمر,Growth and Continuous Improvement,i18n-public-ui,Proposed English copy for bilingual implementation; review brand/proper-name spelling before production.
SMART-I18N-0462,frontend_public_static,frontend/src/components/about/AboutHero.tsx:66,double,نصنع المستقبل الرقمي,Building the Digital Future,i18n-public-ui,Proposed English copy for bilingual implementation; review brand/proper-name spelling before production.
SMART-I18N-0463,frontend_public_static,frontend/src/components/about/AboutProcess.tsx:94,jsx,المخرج النهائي:,Final Deliverable:,i18n-public-ui,Proposed English copy for bilingual implementation; review brand/proper-name spelling before production.
SMART-I18N-0464,frontend_public_static,frontend/src/components/about/AboutValues.tsx:83,jsx,قيمنا الجوهرية,Our Core Values,i18n-public-ui,Proposed English copy for bilingual implementation; review brand/proper-name spelling before production.
SMART-I18N-0465,frontend_public_static,frontend/src/components/about/AboutValues.tsx:88,jsx,المبادئ التي,The Principles That,i18n-public-ui,Proposed English copy for bilingual implementation; review brand/proper-name spelling before production.
SMART-I18N-0466,frontend_public_static,frontend/src/components/about/AboutValues.tsx:247,jsx,قيمة أساسية,Core Value,i18n-public-ui,Proposed English copy for bilingual implementation; review brand/proper-name spelling before production.
SMART-I18N-0467,frontend_public_static,frontend/src/components/team/FeaturedTeamMember.tsx:75,jsx,المهارات الأساسية,Core Skills,i18n-public-ui,Proposed English copy for bilingual implementation; review brand/proper-name spelling before production.
SMART-I18N-0468,frontend_public_static,frontend/src/components/team/FeaturedTeamMember.tsx:92,jsx,مشروع مكتمل,Completed Project,i18n-public-ui,Proposed English copy for bilingual implementation; review brand/proper-name spelling before production.
SMART-I18N-0469,frontend_public_static,frontend/src/components/team/FeaturedTeamMember.tsx:118,double,عرض الملف المهني,View Professional Profile,i18n-public-ui,Proposed English copy for bilingual implementation; review brand/proper-name spelling before production.
SMART-I18N-0470,frontend_public_static,frontend/src/components/team/FeaturedTeamMember.tsx:120,jsx,عرض الملف,View Profile,i18n-public-ui,Proposed English copy for bilingual implementation; review brand/proper-name spelling before production.
SMART-I18N-0471,frontend_public_static,frontend/src/components/team/TeamProfileDrawer.tsx:44,jsx,الملف المهني,Professional Profile,i18n-public-ui,Proposed English copy for bilingual implementation; review brand/proper-name spelling before production.
SMART-I18N-0472,frontend_public_static,frontend/src/components/team/TeamProfileDrawer.tsx:101,jsx,منذ {new Date(member.joinedAt).getFullYear()},Since {new Date(member.joinedAt).getFullYear()},i18n-public-ui,Proposed English copy for bilingual implementation; review brand/proper-name spelling before production.
SMART-I18N-0473,frontend_public_static,frontend/src/components/team/TeamSectionHeader.tsx:21,jsx,تجربة رقمية ناجحة,A Successful Digital Experience,i18n-public-ui,Proposed English copy for bilingual implementation; review brand/proper-name spelling before production.
SMART-I18N-0474,frontend_public_static,frontend/src/components/team/TeamStats.tsx:15 | frontend/src/components/projects/ProjectsShowcase.tsx:123,double,مشروع,Project,i18n-public-ui,Proposed English copy for bilingual implementation; review brand/proper-name spelling before production.
SMART-I18N-0475,frontend_public_static,frontend/src/components/team/TeamStats.tsx:20,double,تخصصات,Specializations,i18n-public-ui,Proposed English copy for bilingual implementation; review brand/proper-name spelling before production.
SMART-I18N-0476,frontend_public_static,frontend/src/components/team/TeamStats.tsx:25,double,من الفكرة إلى الإطلاق,From Idea to Launch,i18n-public-ui,Proposed English copy for bilingual implementation; review brand/proper-name spelling before production.
SMART-I18N-0477,frontend_public_static,frontend/src/components/team/team-utils.ts:3,double,الإدارة,Management,i18n-public-ui,Proposed English copy for bilingual implementation; review brand/proper-name spelling before production.
SMART-I18N-0478,frontend_public_static,frontend/src/components/team/team-utils.ts:4,double,تطوير الخلفية,Backend Development,i18n-public-ui,Proposed English copy for bilingual implementation; review brand/proper-name spelling before production.
SMART-I18N-0479,frontend_public_static,frontend/src/components/team/team-utils.ts:5,double,تطوير الواجهات,Frontend Development,i18n-public-ui,Proposed English copy for bilingual implementation; review brand/proper-name spelling before production.
SMART-I18N-0480,frontend_public_static,frontend/src/components/team/team-utils.ts:7,double,البنية والتشغيل,Infrastructure and Operations,i18n-public-ui,Proposed English copy for bilingual implementation; review brand/proper-name spelling before production.
SMART-I18N-0481,frontend_public_static,frontend/src/components/team/team-utils.ts:8,double,التصميم وتجربة المستخدم,Design and User Experience,i18n-public-ui,Proposed English copy for bilingual implementation; review brand/proper-name spelling before production.
SMART-I18N-0482,frontend_public_static,frontend/src/components/team/team-utils.ts:9,double,ضمان الجودة,Quality Assurance,i18n-public-ui,Proposed English copy for bilingual implementation; review brand/proper-name spelling before production.
SMART-I18N-0483,frontend_public_static,frontend/src/components/team/team-utils.ts:10,double,التسويق والنمو,Marketing and Growth,i18n-public-ui,Proposed English copy for bilingual implementation; review brand/proper-name spelling before production.
SMART-I18N-0484,frontend_public_static,frontend/src/components/team/team-utils.ts:11,double,الدعم الفني,Technical Support,i18n-public-ui,Proposed English copy for bilingual implementation; review brand/proper-name spelling before production.
SMART-I18N-0485,frontend_public_static,frontend/src/components/team/team-utils.ts:14,double,فريق سمارت,Smart Team,i18n-public-ui,Proposed English copy for bilingual implementation; review brand/proper-name spelling before production.
SMART-I18N-0486,frontend_public_static,frontend/src/components/projects/ProjectBentoGrid.tsx:26 | frontend/src/components/projects/ProjectEmptyState.tsx:12,double,لا توجد مشاريع في هذا التصنيف حالياً,There are currently no projects in this category,i18n-public-ui,Proposed English copy for bilingual implementation; review brand/proper-name spelling before production.
SMART-I18N-0487,frontend_public_static,frontend/src/components/projects/ProjectBentoGrid.tsx:27 | frontend/src/components/projects/ProjectEmptyState.tsx:13,double,نعمل على إضافة نماذج جديدة قريباً.,We’re working on adding new examples soon.,i18n-public-ui,Proposed English copy for bilingual implementation; review brand/proper-name spelling before production.
SMART-I18N-0488,frontend_public_static,frontend/src/components/projects/ProjectBentoGrid.tsx:28,double,عرض كل المشاريع,View All Projects,i18n-public-ui,Proposed English copy for bilingual implementation; review brand/proper-name spelling before production.
SMART-I18N-0489,frontend_public_static,frontend/src/components/projects/ProjectCard.tsx:148,double,فتح المشروع,Open Project,i18n-public-ui,Proposed English copy for bilingual implementation; review brand/proper-name spelling before production.
SMART-I18N-0490,frontend_public_static,frontend/src/components/projects/ProjectCard.tsx:156,double,عرض التفاصيل,View Details,i18n-public-ui,Proposed English copy for bilingual implementation; review brand/proper-name spelling before production.
SMART-I18N-0491,frontend_public_static,frontend/src/components/projects/ProjectsShowcase.tsx:93,double,فشل تحميل المشاريع. يرجى المحاولة مرة أخرى.,Failed to load projects. Please try again.,i18n-public-ui,Proposed English copy for bilingual implementation; review brand/proper-name spelling before production.
SMART-I18N-0492,frontend_public_static,frontend/src/components/projects/ProjectsShowcase.tsx:124,double,تصنيف ومجال,Category and Industry,i18n-public-ui,Proposed English copy for bilingual implementation; review brand/proper-name spelling before production.
SMART-I18N-0493,frontend_public_static,frontend/src/components/projects/ProjectsShowcase.tsx:174,jsx,جاري تحميل المشاريع...,Loading projects...,i18n-public-ui,Proposed English copy for bilingual implementation; review brand/proper-name spelling before production.
SMART-I18N-0494,frontend_public_static,frontend/src/components/projects/details/ProjectGallery.tsx:57,jsx,معرض اللقطات الفنية,Technical Screenshots Gallery,i18n-public-ui,Proposed English copy for bilingual implementation; review brand/proper-name spelling before production.
SMART-I18N-0495,frontend_public_static,frontend/src/components/projects/details/ProjectHero.tsx:26,jsx,العودة إلى المشاريع,Back to Projects,i18n-public-ui,Proposed English copy for bilingual implementation; review brand/proper-name spelling before production.
SMART-I18N-0496,frontend_public_static,frontend/src/components/projects/details/ProjectHero.tsx:114,jsx,زيارة موقع المشروع,Visit Project Website,i18n-public-ui,Proposed English copy for bilingual implementation; review brand/proper-name spelling before production.
SMART-I18N-0497,frontend_public_static,frontend/src/components/projects/details/ProjectOverview.tsx:45,jsx,التحدي,The Challenge,i18n-public-ui,Proposed English copy for bilingual implementation; review brand/proper-name spelling before production.
SMART-I18N-0498,frontend_public_static,frontend/src/components/projects/details/ProjectOverview.tsx:64,jsx,الحل البرمجي,The Software Solution,i18n-public-ui,Proposed English copy for bilingual implementation; review brand/proper-name spelling before production.
SMART-I18N-0499,frontend_public_static,frontend/src/components/projects/details/ProjectOverview.tsx:85,jsx,المزايا والمواصفات الأساسية,Key Features and Specifications,i18n-public-ui,Proposed English copy for bilingual implementation; review brand/proper-name spelling before production.
SMART-I18N-0500,frontend_public_static,frontend/src/components/projects/details/ProjectSidebar.tsx:51,jsx,بطاقة المشروع,Project Card,i18n-public-ui,Proposed English copy for bilingual implementation; review brand/proper-name spelling before production.
SMART-I18N-0501,frontend_public_static,frontend/src/components/projects/details/ProjectSidebar.tsx:115,jsx,التقنيات المستخدمة,Technologies Used,i18n-public-ui,Proposed English copy for bilingual implementation; review brand/proper-name spelling before production.
SMART-I18N-0502,frontend_public_static,frontend/src/components/projects/details/ProjectSidebar.tsx:142,jsx,لا توجد تقنيات محددة,No technologies specified,i18n-public-ui,Proposed English copy for bilingual implementation; review brand/proper-name spelling before production.
SMART-I18N-0503,frontend_public_static,frontend/src/components/projects/details/ProjectSidebar.tsx:158,jsx,هل تريد مشروعًا مشابهًا؟,Want a similar project?,i18n-public-ui,Proposed English copy for bilingual implementation; review brand/proper-name spelling before production.
SMART-I18N-0504,frontend_public_static,frontend/src/components/projects/details/ProjectSidebar.tsx:180,jsx,أعجبك المشروع؟,Like this project?,i18n-public-ui,Proposed English copy for bilingual implementation; review brand/proper-name spelling before production.
SMART-I18N-0505,frontend_public_static,frontend/src/components/projects/details/ProjectSidebar.tsx:186,jsx,احفظه للمراجعة,Save for Review,i18n-public-ui,Proposed English copy for bilingual implementation; review brand/proper-name spelling before production.
SMART-I18N-0506,frontend_public_static,frontend/src/components/projects/details/ProjectStats.tsx:93,jsx,أرقام وإنجازات المشروع,Project Metrics and Achievements,i18n-public-ui,Proposed English copy for bilingual implementation; review brand/proper-name spelling before production.
SMART-I18N-0507,frontend_public_static,frontend/src/components/projects/details/ProjectStats.tsx:131,jsx,النتائج المحققة للأعمال,Business Results Achieved,i18n-public-ui,Proposed English copy for bilingual implementation; review brand/proper-name spelling before production.
SMART-I18N-0508,frontend_public_static,frontend/src/components/projects/details/RelatedProjects.tsx:31,jsx,مشاريع مشابهة قد تهمك,Similar Projects You May Like,i18n-public-ui,Proposed English copy for bilingual implementation; review brand/proper-name spelling before production.
SMART-I18N-0509,frontend_public_static,frontend/src/components/projects/details/RelatedProjects.tsx:87,jsx,عرض تفاصيل المشروع,View Project Details,i18n-public-ui,Proposed English copy for bilingual implementation; review brand/proper-name spelling before production.
SMART-I18N-0510,frontend_public_static,frontend/src/components/hero/Hero.tsx:28,jsx,نبني,We Build,i18n-public-ui,Proposed English copy for bilingual implementation; review brand/proper-name spelling before production.
SMART-I18N-0511,frontend_public_static,frontend/src/components/hero/Hero.tsx:46,jsx,تساعد مشروعك,that help your business,i18n-public-ui,Proposed English copy for bilingual implementation; review brand/proper-name spelling before production.
SMART-I18N-0512,frontend_public_static,frontend/src/components/hero/Hero.tsx:47,jsx,على النمو,grow,i18n-public-ui,Proposed English copy for bilingual implementation; review brand/proper-name spelling before production.
SMART-I18N-0513,frontend_public_static,frontend/src/components/hero/Hero.tsx:82,jsx,شاهد أعمالنا,View Our Work,i18n-public-ui,Proposed English copy for bilingual implementation; review brand/proper-name spelling before production.
SMART-I18N-0514,frontend_public_static,frontend/src/components/hero/HeroDashboard.tsx:14,double,تحليل المتطلبات,Requirements Analysis,i18n-public-ui,Proposed English copy for bilingual implementation; review brand/proper-name spelling before production.
SMART-I18N-0515,frontend_public_static,frontend/src/components/hero/HeroDashboard.tsx:15,double,تصميم/UX,Design / UX,i18n-public-ui,Proposed English copy for bilingual implementation; review brand/proper-name spelling before production.
SMART-I18N-0516,frontend_public_static,frontend/src/components/hero/HeroDashboard.tsx:16,double,التطوير,Development,i18n-public-ui,Proposed English copy for bilingual implementation; review brand/proper-name spelling before production.
SMART-I18N-0517,frontend_public_static,frontend/src/components/hero/HeroDashboard.tsx:17,double,الاختبار,Testing,i18n-public-ui,Proposed English copy for bilingual implementation; review brand/proper-name spelling before production.
SMART-I18N-0518,frontend_public_static,frontend/src/components/hero/HeroDashboard.tsx:18,double,جاهز للإطلاق,Ready to Launch,i18n-public-ui,Proposed English copy for bilingual implementation; review brand/proper-name spelling before production.
SMART-I18N-0519,frontend_public_static,frontend/src/components/hero/HeroDashboard.tsx:22,double,الأداء,Performance,i18n-public-ui,Proposed English copy for bilingual implementation; review brand/proper-name spelling before production.
SMART-I18N-0520,frontend_public_static,frontend/src/components/hero/HeroDashboard.tsx:22,double,سرعة واستجابة,Speed and Responsiveness,i18n-public-ui,Proposed English copy for bilingual implementation; review brand/proper-name spelling before production.
SMART-I18N-0521,frontend_public_static,frontend/src/components/hero/HeroDashboard.tsx:23,double,الاستقرار,Stability,i18n-public-ui,Proposed English copy for bilingual implementation; review brand/proper-name spelling before production.
SMART-I18N-0522,frontend_public_static,frontend/src/components/hero/HeroDashboard.tsx:23,double,جاهزية النظام,System Readiness,i18n-public-ui,Proposed English copy for bilingual implementation; review brand/proper-name spelling before production.
SMART-I18N-0523,frontend_public_static,frontend/src/components/hero/HeroDashboard.tsx:24,double,الأمان,Security,i18n-public-ui,Proposed English copy for bilingual implementation; review brand/proper-name spelling before production.
SMART-I18N-0524,frontend_public_static,frontend/src/components/hero/HeroDashboard.tsx:24,double,حماية البيانات,Data Protection,i18n-public-ui,Proposed English copy for bilingual implementation; review brand/proper-name spelling before production.
SMART-I18N-0525,frontend_public_static,frontend/src/components/hero/HeroDashboard.tsx:166,jsx,المهام المكتملة,Completed Tasks,i18n-public-ui,Proposed English copy for bilingual implementation; review brand/proper-name spelling before production.
SMART-I18N-0526,frontend_public_static,frontend/src/components/hero/HeroDashboard.tsx:195,jsx,اختبار نهائي,Final Testing,i18n-public-ui,Proposed English copy for bilingual implementation; review brand/proper-name spelling before production.
SMART-I18N-0527,frontend_public_static,frontend/src/components/hero/HeroDashboard.tsx:262,jsx,كود نظيف ومنظم,Clean and Organized Code,i18n-public-ui,Proposed English copy for bilingual implementation; review brand/proper-name spelling before production.
SMART-I18N-0528,frontend_public_static,frontend/src/components/hero/HeroValueBadges.tsx:6,double,تصميم UX/UI,UX/UI Design,i18n-public-ui,Proposed English copy for bilingual implementation; review brand/proper-name spelling before production.
SMART-I18N-0529,frontend_public_static,frontend/src/components/hero/HeroValueBadges.tsx:7,double,تجربة رقمية مميزة,Outstanding Digital Experience,i18n-public-ui,Proposed English copy for bilingual implementation; review brand/proper-name spelling before production.
SMART-I18N-0530,frontend_public_static,frontend/src/components/hero/HeroValueBadges.tsx:11,double,تطوير Web & Mobile,Web & Mobile Development,i18n-public-ui,Proposed English copy for bilingual implementation; review brand/proper-name spelling before production.
SMART-I18N-0531,frontend_public_static,frontend/src/components/hero/HeroValueBadges.tsx:12,double,تطبيقات سريعة ومتجاوبة,Fast and Responsive Applications,i18n-public-ui,Proposed English copy for bilingual implementation; review brand/proper-name spelling before production.
SMART-I18N-0532,frontend_public_static,frontend/src/components/hero/HeroValueBadges.tsx:16,double,بنية قابلة للتوسع,Scalable Architecture,i18n-public-ui,Proposed English copy for bilingual implementation; review brand/proper-name spelling before production.
SMART-I18N-0533,frontend_public_static,frontend/src/components/hero/HeroValueBadges.tsx:17,double,جاهزة للنمو والتوسع,Ready for Growth and Expansion,i18n-public-ui,Proposed English copy for bilingual implementation; review brand/proper-name spelling before production.
SMART-I18N-0534,frontend_admin_static,frontend/src/admin/pages/Dashboard.tsx:66,jsx,عرض الكل,View All,i18n-admin-ui,Proposed English copy for bilingual implementation; review brand/proper-name spelling before production.
SMART-I18N-0535,frontend_admin_static,frontend/src/admin/pages/Dashboard.tsx:174,jsx,فشل تحميل لوحة التحكم,Failed to Load Dashboard,i18n-admin-ui,Proposed English copy for bilingual implementation; review brand/proper-name spelling before production.
SMART-I18N-0536,frontend_admin_static,frontend/src/admin/pages/Dashboard.tsx:175,single,حدث خطأ أثناء تحميل البيانات,An error occurred while loading data,i18n-admin-ui,Proposed English copy for bilingual implementation; review brand/proper-name spelling before production.
SMART-I18N-0537,frontend_admin_static,frontend/src/admin/pages/Dashboard.tsx:175,jsx,{(error as Error)?.message || 'حدث خطأ أثناء تحميل البيانات'},{(error as Error)?.message || 'An error occurred while loading data'},i18n-admin-ui,Proposed English copy for bilingual implementation; review brand/proper-name spelling before production.
SMART-I18N-0538,frontend_admin_static,frontend/src/admin/pages/Dashboard.tsx:190 | frontend/src/admin/components/shared/DataTable.tsx:41,jsx | double,لا توجد بيانات,No Data Available,i18n-admin-ui,Proposed English copy for bilingual implementation; review brand/proper-name spelling before production.
SMART-I18N-0539,frontend_admin_static,frontend/src/admin/pages/Dashboard.tsx:191,jsx,لم يتم العثور على بيانات لوحة التحكم,No dashboard data was found,i18n-admin-ui,Proposed English copy for bilingual implementation; review brand/proper-name spelling before production.
SMART-I18N-0540,frontend_admin_static,frontend/src/admin/pages/Dashboard.tsx:199,single,خدمة غير نشطة,Inactive Service,i18n-admin-ui,Proposed English copy for bilingual implementation; review brand/proper-name spelling before production.
SMART-I18N-0541,frontend_admin_static,frontend/src/admin/pages/Dashboard.tsx:200,single,مشروع غير منشور,Unpublished Project,i18n-admin-ui,Proposed English copy for bilingual implementation; review brand/proper-name spelling before production.
SMART-I18N-0542,frontend_admin_static,frontend/src/admin/pages/Dashboard.tsx:201,single,مقالة مسودة,Draft Article,i18n-admin-ui,Proposed English copy for bilingual implementation; review brand/proper-name spelling before production.
SMART-I18N-0543,frontend_admin_static,frontend/src/admin/pages/Dashboard.tsx:202,single,مشروع بدون صورة غلاف,Project Without a Cover Image,i18n-admin-ui,Proposed English copy for bilingual implementation; review brand/proper-name spelling before production.
SMART-I18N-0544,frontend_admin_static,frontend/src/admin/pages/Dashboard.tsx:209 | frontend/src/admin/pages/Login.tsx:56 | frontend/src/admin/components/layout/Breadcrumb.tsx:5 | frontend/src/admin/components/layout/Sidebar.tsx:32 | frontend/src/admin/components/layout/Sidebar.tsx:82,jsx | double,لوحة التحكم,Dashboard,i18n-admin-ui,Proposed English copy for bilingual implementation; review brand/proper-name spelling before production.
SMART-I18N-0545,frontend_admin_static,frontend/src/admin/pages/Dashboard.tsx:210,jsx,مرحباً بك في لوحة تحكم Smart Agency,Welcome to the Smart Agency dashboard,i18n-admin-ui,Proposed English copy for bilingual implementation; review brand/proper-name spelling before production.
SMART-I18N-0546,frontend_admin_static,frontend/src/admin/pages/Dashboard.tsx:220 | frontend/src/admin/pages/projects/ProjectsList.tsx:219 | frontend/src/admin/components/layout/Breadcrumb.tsx:6 | frontend/src/admin/components/layout/Sidebar.tsx:33,double,المشاريع,Projects,i18n-admin-ui,Proposed English copy for bilingual implementation; review brand/proper-name spelling before production.
SMART-I18N-0547,frontend_admin_static,frontend/src/admin/pages/Dashboard.tsx:227 | frontend/src/admin/pages/services/ServicesList.tsx:57 | frontend/src/admin/components/layout/Sidebar.tsx:46,double,الخدمات,Services,i18n-admin-ui,Proposed English copy for bilingual implementation; review brand/proper-name spelling before production.
SMART-I18N-0548,frontend_admin_static,frontend/src/admin/pages/Dashboard.tsx:234 | frontend/src/admin/pages/leads/LeadsList.tsx:372 | frontend/src/admin/components/layout/Breadcrumb.tsx:8 | frontend/src/admin/components/layout/Sidebar.tsx:36,double,العملاء المحتملين,Leads,i18n-admin-ui,Proposed English copy for bilingual implementation; review brand/proper-name spelling before production.
SMART-I18N-0549,frontend_admin_static,frontend/src/admin/pages/Dashboard.tsx:241,double,المقالات,Articles,i18n-admin-ui,Proposed English copy for bilingual implementation; review brand/proper-name spelling before production.
SMART-I18N-0550,frontend_admin_static,frontend/src/admin/pages/Dashboard.tsx:274,jsx,لا يوجد عملاء محتملين حتى الآن,No leads yet,i18n-admin-ui,Proposed English copy for bilingual implementation; review brand/proper-name spelling before production.
SMART-I18N-0551,frontend_admin_static,frontend/src/admin/pages/Dashboard.tsx:302,jsx,كل شيء على ما يرام!,Everything looks good!,i18n-admin-ui,Proposed English copy for bilingual implementation; review brand/proper-name spelling before production.
SMART-I18N-0552,frontend_admin_static,frontend/src/admin/pages/Dashboard.tsx:310,jsx,إجراءات سريعة,Quick Actions,i18n-admin-ui,Proposed English copy for bilingual implementation; review brand/proper-name spelling before production.
SMART-I18N-0553,frontend_admin_static,frontend/src/admin/pages/Dashboard.tsx:320 | frontend/src/admin/pages/projects/ProjectForm.tsx:296,jsx | double,إضافة مشروع جديد,Add New Project,i18n-admin-ui,Proposed English copy for bilingual implementation; review brand/proper-name spelling before production.
SMART-I18N-0554,frontend_admin_static,frontend/src/admin/pages/Dashboard.tsx:331 | frontend/src/admin/pages/blog/BlogForm.tsx:215,jsx | double,كتابة مقال جديد,Write New Article,i18n-admin-ui,Proposed English copy for bilingual implementation; review brand/proper-name spelling before production.
SMART-I18N-0555,frontend_admin_static,frontend/src/admin/pages/Dashboard.tsx:342,jsx,إدارة الخدمات,Manage Services,i18n-admin-ui,Proposed English copy for bilingual implementation; review brand/proper-name spelling before production.
SMART-I18N-0556,frontend_admin_static,frontend/src/admin/pages/Dashboard.tsx:354,jsx,عرض الموقع,View Website,i18n-admin-ui,Proposed English copy for bilingual implementation; review brand/proper-name spelling before production.
SMART-I18N-0557,frontend_admin_static,frontend/src/admin/pages/Login.tsx:15 | frontend/src/admin/pages/team/TeamForm.tsx:35,single | double,البريد الإلكتروني غير صالح,Invalid email address,i18n-admin-ui,Proposed English copy for bilingual implementation; review brand/proper-name spelling before production.
SMART-I18N-0558,frontend_admin_static,frontend/src/admin/pages/Login.tsx:16,single,كلمة المرور يجب أن تكون 6 أحرف على الأقل,Password must be at least 6 characters,i18n-admin-ui,Proposed English copy for bilingual implementation; review brand/proper-name spelling before production.
SMART-I18N-0559,frontend_admin_static,frontend/src/admin/pages/Login.tsx:37,single,تم تسجيل الدخول بنجاح,Logged in successfully,i18n-admin-ui,Proposed English copy for bilingual implementation; review brand/proper-name spelling before production.
SMART-I18N-0560,frontend_admin_static,frontend/src/admin/pages/Login.tsx:40,single,البريد الإلكتروني أو كلمة المرور غير صحيحة,Incorrect email or password,i18n-admin-ui,Proposed English copy for bilingual implementation; review brand/proper-name spelling before production.
SMART-I18N-0561,frontend_admin_static,frontend/src/admin/pages/Login.tsx:65 | frontend/src/admin/pages/team/TeamForm.tsx:246 | frontend/src/admin/pages/leads/LeadsList.tsx:483,jsx,البريد الإلكتروني,Email Address,i18n-admin-ui,Proposed English copy for bilingual implementation; review brand/proper-name spelling before production.
SMART-I18N-0562,frontend_admin_static,frontend/src/admin/pages/Login.tsx:83,jsx,كلمة المرور,Password,i18n-admin-ui,Proposed English copy for bilingual implementation; review brand/proper-name spelling before production.
SMART-I18N-0563,frontend_admin_static,frontend/src/admin/pages/Login.tsx:118,single,تسجيل الدخول,Log In,i18n-admin-ui,Proposed English copy for bilingual implementation; review brand/proper-name spelling before production.
SMART-I18N-0564,frontend_admin_static,frontend/src/admin/pages/hosting/HostingForm.tsx:21 | frontend/src/admin/pages/team/TeamForm.tsx:27 | frontend/src/admin/pages/technologies/TechnologyForm.tsx:26,single | double,الاسم مطلوب,Name is required,i18n-admin-ui,Proposed English copy for bilingual implementation; review brand/proper-name spelling before production.
SMART-I18N-0565,frontend_admin_static,frontend/src/admin/pages/hosting/HostingForm.tsx:69,single,تم تحديث الباقة,Package updated successfully,i18n-admin-ui,Proposed English copy for bilingual implementation; review brand/proper-name spelling before production.
SMART-I18N-0566,frontend_admin_static,frontend/src/admin/pages/hosting/HostingForm.tsx:69,single,تم إضافة الباقة,Package added successfully,i18n-admin-ui,Proposed English copy for bilingual implementation; review brand/proper-name spelling before production.
SMART-I18N-0567,frontend_admin_static,frontend/src/admin/pages/hosting/HostingForm.tsx:72 | frontend/src/admin/pages/about/AboutForm.tsx:241 | frontend/src/admin/pages/technologies/TechnologyForm.tsx:105 | frontend/src/admin/pages/company-info/CompanyInfoForm.tsx:115 | frontend/src/admin/pages/project-categories/ProjectCategoryForm.tsx:83 | frontend/src/admin/pages/services/ServiceForm.tsx:95 | frontend/src/admin/pages/faqs/FAQForm.tsx:57,single | double,فشل التحديث,Update failed,i18n-admin-ui,Proposed English copy for bilingual implementation; review brand/proper-name spelling before production.
SMART-I18N-0568,frontend_admin_static,frontend/src/admin/pages/hosting/HostingForm.tsx:72 | frontend/src/admin/pages/technologies/TechnologyForm.tsx:105 | frontend/src/admin/pages/project-categories/ProjectCategoryForm.tsx:83 | frontend/src/admin/pages/services/ServiceForm.tsx:95 | frontend/src/admin/pages/faqs/FAQForm.tsx:57,single | double,فشل الإضافة,Add failed,i18n-admin-ui,Proposed English copy for bilingual implementation; review brand/proper-name spelling before production.
SMART-I18N-0569,frontend_admin_static,frontend/src/admin/pages/hosting/HostingForm.tsx:79,single,تعديل الباقة,Edit Package,i18n-admin-ui,Proposed English copy for bilingual implementation; review brand/proper-name spelling before production.
SMART-I18N-0570,frontend_admin_static,frontend/src/admin/pages/hosting/HostingForm.tsx:79,single,إضافة باقة جديدة,Add New Package,i18n-admin-ui,Proposed English copy for bilingual implementation; review brand/proper-name spelling before production.
SMART-I18N-0571,frontend_admin_static,frontend/src/admin/pages/hosting/HostingForm.tsx:84,jsx,معلومات الباقة,Package Information,i18n-admin-ui,Proposed English copy for bilingual implementation; review brand/proper-name spelling before production.
SMART-I18N-0572,frontend_admin_static,frontend/src/admin/pages/hosting/HostingForm.tsx:88,jsx,الاسم *,Name *,i18n-admin-ui,Proposed English copy for bilingual implementation; review brand/proper-name spelling before production.
SMART-I18N-0573,frontend_admin_static,frontend/src/admin/pages/hosting/HostingForm.tsx:93 | frontend/src/admin/pages/blog/BlogList.tsx:72 | frontend/src/admin/pages/blog/BlogList.tsx:168 | frontend/src/admin/pages/projects/ProjectsList.tsx:106 | frontend/src/admin/pages/faqs/FAQForm.tsx:76,jsx | double | single,التصنيف,Category,i18n-admin-ui,Proposed English copy for bilingual implementation; review brand/proper-name spelling before production.
SMART-I18N-0574,frontend_admin_static,frontend/src/admin/pages/hosting/HostingForm.tsx:105 | frontend/src/admin/pages/about/AboutForm.tsx:345 | frontend/src/admin/pages/about/AboutForm.tsx:509 | frontend/src/admin/pages/about/AboutForm.tsx:629 | frontend/src/admin/pages/project-categories/ProjectCategoryForm.tsx:140,jsx,الوصف,Description,i18n-admin-ui,Proposed English copy for bilingual implementation; review brand/proper-name spelling before production.
SMART-I18N-0575,frontend_admin_static,frontend/src/admin/pages/hosting/HostingForm.tsx:110,jsx,السعر *,Price *,i18n-admin-ui,Proposed English copy for bilingual implementation; review brand/proper-name spelling before production.
SMART-I18N-0576,frontend_admin_static,frontend/src/admin/pages/hosting/HostingForm.tsx:114,jsx,العملة,Currency,i18n-admin-ui,Proposed English copy for bilingual implementation; review brand/proper-name spelling before production.
SMART-I18N-0577,frontend_admin_static,frontend/src/admin/pages/hosting/HostingForm.tsx:118,jsx,دورة الفوترة,Billing Cycle,i18n-admin-ui,Proposed English copy for bilingual implementation; review brand/proper-name spelling before production.
SMART-I18N-0578,frontend_admin_static,frontend/src/admin/pages/hosting/HostingForm.tsx:132,jsx,المواصفات التقنية,Technical Specifications,i18n-admin-ui,Proposed English copy for bilingual implementation; review brand/proper-name spelling before production.
SMART-I18N-0579,frontend_admin_static,frontend/src/admin/pages/hosting/HostingForm.tsx:134,double,>المساحة</Label><Input {...register('storage')} className=,>Storage</Label><Input {...register('storage')} className=,i18n-admin-ui,Proposed English copy for bilingual implementation; review brand/proper-name spelling before production.
SMART-I18N-0580,frontend_admin_static,frontend/src/admin/pages/hosting/HostingForm.tsx:134,jsx,المساحة,Storage,i18n-admin-ui,Proposed English copy for bilingual implementation; review brand/proper-name spelling before production.
SMART-I18N-0581,frontend_admin_static,frontend/src/admin/pages/hosting/HostingForm.tsx:135,double,>الباندويث</Label><Input {...register('bandwidth')} className=,>Bandwidth</Label><Input {...register('bandwidth')} className=,i18n-admin-ui,Proposed English copy for bilingual implementation; review brand/proper-name spelling before production.
SMART-I18N-0582,frontend_admin_static,frontend/src/admin/pages/hosting/HostingForm.tsx:135,jsx,الباندويث,Bandwidth,i18n-admin-ui,Proposed English copy for bilingual implementation; review brand/proper-name spelling before production.
SMART-I18N-0583,frontend_admin_static,frontend/src/admin/pages/hosting/HostingForm.tsx:138,double,>النطاقات</Label><Input {...register('domains')} className=,>Domains</Label><Input {...register('domains')} className=,i18n-admin-ui,Proposed English copy for bilingual implementation; review brand/proper-name spelling before production.
SMART-I18N-0584,frontend_admin_static,frontend/src/admin/pages/hosting/HostingForm.tsx:138,jsx,النطاقات,Domains,i18n-admin-ui,Proposed English copy for bilingual implementation; review brand/proper-name spelling before production.
SMART-I18N-0585,frontend_admin_static,frontend/src/admin/pages/hosting/HostingForm.tsx:143,jsx,الميزات,Features,i18n-admin-ui,Proposed English copy for bilingual implementation; review brand/proper-name spelling before production.
SMART-I18N-0586,frontend_admin_static,frontend/src/admin/pages/hosting/HostingForm.tsx:144 | frontend/src/admin/pages/hosting/HostingForm.tsx:171 | frontend/src/admin/pages/technologies/TechnologyForm.tsx:269 | frontend/src/admin/pages/project-categories/ProjectCategoryForm.tsx:205 | frontend/src/admin/pages/services/ServiceForm.tsx:282 | frontend/src/admin/pages/faqs/FAQForm.tsx:95,jsx | single | double,إضافة,Add,i18n-admin-ui,Proposed English copy for bilingual implementation; review brand/proper-name spelling before production.
SMART-I18N-0587,frontend_admin_static,frontend/src/admin/pages/hosting/HostingForm.tsx:149,double,ميزة...,Feature...,i18n-admin-ui,Proposed English copy for bilingual implementation; review brand/proper-name spelling before production.
SMART-I18N-0588,frontend_admin_static,frontend/src/admin/pages/hosting/HostingForm.tsx:158 | frontend/src/admin/pages/testimonials/TestimonialForm.tsx:142 | frontend/src/admin/pages/team/TeamForm.tsx:400,jsx,الإعدادات,Settings,i18n-admin-ui,Proposed English copy for bilingual implementation; review brand/proper-name spelling before production.
SMART-I18N-0589,frontend_admin_static,frontend/src/admin/pages/hosting/HostingForm.tsx:160 | frontend/src/admin/pages/hosting/HostingList.tsx:78 | frontend/src/admin/pages/testimonials/TestimonialForm.tsx:166 | frontend/src/admin/pages/testimonials/TestimonialsList.tsx:95 | frontend/src/admin/pages/team/TeamForm.tsx:408 | frontend/src/admin/pages/project-categories/ProjectCategoriesList.tsx:107 | frontend/src/admin/pages/project-categories/ProjectCategoryForm.tsx:177 | frontend/src/admin/pages/services/ServiceForm.tsx:254 | frontend/src/admin/pages/services/ServicesList.tsx:111 | frontend/src/admin/pages/services/ServicesList.tsx:137 | frontend/src/admin/pages/faqs/FAQForm.tsx:89,jsx | single,نشط,Active,i18n-admin-ui,Proposed English copy for bilingual implementation; review brand/proper-name spelling before production.
SMART-I18N-0590,frontend_admin_static,frontend/src/admin/pages/hosting/HostingForm.tsx:161 | frontend/src/admin/pages/hosting/HostingList.tsx:46,jsx,شائعة,Popular,i18n-admin-ui,Proposed English copy for bilingual implementation; review brand/proper-name spelling before production.
SMART-I18N-0591,frontend_admin_static,frontend/src/admin/pages/hosting/HostingForm.tsx:162 | frontend/src/admin/pages/hosting/HostingList.tsx:47,jsx,أفضل قيمة,Best Value,i18n-admin-ui,Proposed English copy for bilingual implementation; review brand/proper-name spelling before production.
SMART-I18N-0592,frontend_admin_static,frontend/src/admin/pages/hosting/HostingForm.tsx:163,double,>ترتيب العرض</Label><Input type=,>Display Order</Label><Input type=,i18n-admin-ui,Proposed English copy for bilingual implementation; review brand/proper-name spelling before production.
SMART-I18N-0593,frontend_admin_static,frontend/src/admin/pages/hosting/HostingForm.tsx:163 | frontend/src/admin/pages/testimonials/TestimonialForm.tsx:169 | frontend/src/admin/pages/team/TeamForm.tsx:450 | frontend/src/admin/pages/project-categories/ProjectCategoryForm.tsx:151 | frontend/src/admin/pages/services/ServiceForm.tsx:159 | frontend/src/admin/pages/faqs/FAQForm.tsx:80,jsx,ترتيب العرض,Display Order,i18n-admin-ui,Proposed English copy for bilingual implementation; review brand/proper-name spelling before production.
SMART-I18N-0594,frontend_admin_static,frontend/src/admin/pages/hosting/HostingForm.tsx:169 | frontend/src/admin/pages/testimonials/TestimonialForm.tsx:177 | frontend/src/admin/pages/faqs/FAQForm.tsx:93 | frontend/src/admin/components/shared/ConfirmDialog.tsx:30,jsx | single,إلغاء,Cancel,i18n-admin-ui,Proposed English copy for bilingual implementation; review brand/proper-name spelling before production.
SMART-I18N-0595,frontend_admin_static,frontend/src/admin/pages/hosting/HostingForm.tsx:171 | frontend/src/admin/pages/technologies/TechnologyForm.tsx:267 | frontend/src/admin/pages/project-categories/ProjectCategoryForm.tsx:203 | frontend/src/admin/pages/services/ServiceForm.tsx:280 | frontend/src/admin/pages/faqs/FAQForm.tsx:95,single | double,تحديث,Update,i18n-admin-ui,Proposed English copy for bilingual implementation; review brand/proper-name spelling before production.
SMART-I18N-0596,frontend_admin_static,frontend/src/admin/pages/hosting/HostingForm.tsx:171 | frontend/src/admin/pages/testimonials/TestimonialForm.tsx:179 | frontend/src/admin/pages/faqs/FAQForm.tsx:95,jsx,جاري الحفظ...,Saving...,i18n-admin-ui,Proposed English copy for bilingual implementation; review brand/proper-name spelling before production.
SMART-I18N-0597,frontend_admin_static,frontend/src/admin/pages/hosting/HostingList.tsx:28,single,تم حذف الباقة بنجاح,Package deleted successfully,i18n-admin-ui,Proposed English copy for bilingual implementation; review brand/proper-name spelling before production.
SMART-I18N-0598,frontend_admin_static,frontend/src/admin/pages/hosting/HostingList.tsx:31,single,فشل حذف الباقة,Failed to delete package,i18n-admin-ui,Proposed English copy for bilingual implementation; review brand/proper-name spelling before production.
SMART-I18N-0599,frontend_admin_static,frontend/src/admin/pages/hosting/HostingList.tsx:37,single,الباقة,Package,i18n-admin-ui,Proposed English copy for bilingual implementation; review brand/proper-name spelling before production.
SMART-I18N-0600,frontend_admin_static,frontend/src/admin/pages/hosting/HostingList.tsx:56,single,السعر,Price,i18n-admin-ui,Proposed English copy for bilingual implementation; review brand/proper-name spelling before production.
SMART-I18N-0601,frontend_admin_static,frontend/src/admin/pages/hosting/HostingList.tsx:66,single,المواصفات,Specifications,i18n-admin-ui,Proposed English copy for bilingual implementation; review brand/proper-name spelling before production.
SMART-I18N-0602,frontend_admin_static,frontend/src/admin/pages/hosting/HostingList.tsx:76 | frontend/src/admin/pages/blog/BlogList.tsx:84 | frontend/src/admin/pages/testimonials/TestimonialsList.tsx:91 | frontend/src/admin/pages/team/TeamList.tsx:89 | frontend/src/admin/pages/leads/LeadsList.tsx:308 | frontend/src/admin/pages/projects/ProjectsList.tsx:139,single | double,الحالة,Status,i18n-admin-ui,Proposed English copy for bilingual implementation; review brand/proper-name spelling before production.
SMART-I18N-0603,frontend_admin_static,frontend/src/admin/pages/hosting/HostingList.tsx:78,double,>نشط</Badge> : <Badge variant=,>Active</Badge> : <Badge variant=,i18n-admin-ui,Proposed English copy for bilingual implementation; review brand/proper-name spelling before production.
SMART-I18N-0604,frontend_admin_static,frontend/src/admin/pages/hosting/HostingList.tsx:78 | frontend/src/admin/pages/testimonials/TestimonialsList.tsx:97 | frontend/src/admin/pages/project-categories/ProjectCategoriesList.tsx:107 | frontend/src/admin/pages/services/ServicesList.tsx:111 | frontend/src/admin/pages/services/ServicesList.tsx:137 | frontend/src/admin/pages/faqs/FAQsList.tsx:74,jsx | single,غير نشط,Inactive,i18n-admin-ui,Proposed English copy for bilingual implementation; review brand/proper-name spelling before production.
SMART-I18N-0605,frontend_admin_static,frontend/src/admin/pages/hosting/HostingList.tsx:83 | frontend/src/admin/pages/blog/BlogList.tsx:133 | frontend/src/admin/pages/testimonials/TestimonialsList.tsx:105 | frontend/src/admin/pages/team/TeamList.tsx:124 | frontend/src/admin/pages/leads/LeadsList.tsx:339 | frontend/src/admin/pages/projects/ProjectsList.tsx:168,single | double,الإجراءات,Actions,i18n-admin-ui,Proposed English copy for bilingual implementation; review brand/proper-name spelling before production.
SMART-I18N-0606,frontend_admin_static,frontend/src/admin/pages/hosting/HostingList.tsx:95,double,فشل تحميل باقات الاستضافة,Failed to load hosting packages,i18n-admin-ui,Proposed English copy for bilingual implementation; review brand/proper-name spelling before production.
SMART-I18N-0607,frontend_admin_static,frontend/src/admin/pages/hosting/HostingList.tsx:99 | frontend/src/admin/components/layout/Breadcrumb.tsx:12 | frontend/src/admin/components/layout/Sidebar.tsx:44,double,باقات الاستضافة,Hosting Packages,i18n-admin-ui,Proposed English copy for bilingual implementation; review brand/proper-name spelling before production.
SMART-I18N-0608,frontend_admin_static,frontend/src/admin/pages/hosting/HostingList.tsx:99,double,إدارة باقات وخطط الاستضافة,Manage hosting packages and plans,i18n-admin-ui,Proposed English copy for bilingual implementation; review brand/proper-name spelling before production.
SMART-I18N-0609,frontend_admin_static,frontend/src/admin/pages/hosting/HostingList.tsx:99,double,إضافة باقة,Add Package,i18n-admin-ui,Proposed English copy for bilingual implementation; review brand/proper-name spelling before production.
SMART-I18N-0610,frontend_admin_static,frontend/src/admin/pages/hosting/HostingList.tsx:100,double,لا توجد باقات,No packages found,i18n-admin-ui,Proposed English copy for bilingual implementation; review brand/proper-name spelling before production.
SMART-I18N-0611,frontend_admin_static,frontend/src/admin/pages/hosting/HostingList.tsx:101,double,حذف الباقة,Delete Package,i18n-admin-ui,Proposed English copy for bilingual implementation; review brand/proper-name spelling before production.
SMART-I18N-0612,frontend_admin_static,frontend/src/admin/pages/hosting/HostingList.tsx:101,double,هل أنت متأكد من حذف هذه الباقة؟,Are you sure you want to delete this package?,i18n-admin-ui,Proposed English copy for bilingual implementation; review brand/proper-name spelling before production.
SMART-I18N-0613,frontend_admin_static,frontend/src/admin/pages/hosting/HostingList.tsx:101 | frontend/src/admin/pages/blog/BlogList.tsx:191 | frontend/src/admin/pages/testimonials/TestimonialsList.tsx:127 | frontend/src/admin/pages/team/TeamList.tsx:194 | frontend/src/admin/pages/leads/LeadsList.tsx:727 | frontend/src/admin/pages/technologies/TechnologiesList.tsx:145 | frontend/src/admin/pages/projects/ProjectsList.tsx:204 | frontend/src/admin/pages/projects/ProjectsList.tsx:304 | frontend/src/admin/pages/project-categories/ProjectCategoriesList.tsx:151 | frontend/src/admin/pages/services/ServicesList.tsx:200 | frontend/src/admin/pages/faqs/FAQsList.tsx:100,double,حذف,Delete,i18n-admin-ui,Proposed English copy for bilingual implementation; review brand/proper-name spelling before production.
SMART-I18N-0614,frontend_admin_static,frontend/src/admin/pages/blog/BlogForm.tsx:37 | frontend/src/admin/pages/about/AboutForm.tsx:42 | frontend/src/admin/pages/about/AboutForm.tsx:50 | frontend/src/admin/pages/about/AboutForm.tsx:59 | frontend/src/admin/pages/projects/ProjectForm.tsx:32 | frontend/src/admin/pages/company-info/CompanyInfoForm.tsx:16 | frontend/src/admin/pages/services/ServiceForm.tsx:20,double,العنوان مطلوب,Title is required,i18n-admin-ui,Proposed English copy for bilingual implementation; review brand/proper-name spelling before production.
SMART-I18N-0615,frontend_admin_static,frontend/src/admin/pages/blog/BlogForm.tsx:38 | frontend/src/admin/pages/projects/ProjectForm.tsx:33,double,الرابط مطلوب,Slug is required,i18n-admin-ui,Proposed English copy for bilingual implementation; review brand/proper-name spelling before production.
SMART-I18N-0616,frontend_admin_static,frontend/src/admin/pages/blog/BlogForm.tsx:39 | frontend/src/admin/pages/testimonials/TestimonialForm.tsx:26,double | single,المحتوى مطلوب,Content is required,i18n-admin-ui,Proposed English copy for bilingual implementation; review brand/proper-name spelling before production.
SMART-I18N-0617,frontend_admin_static,frontend/src/admin/pages/blog/BlogForm.tsx:187,double,تم تحديث المقال بنجاح,Article updated successfully,i18n-admin-ui,Proposed English copy for bilingual implementation; review brand/proper-name spelling before production.
SMART-I18N-0618,frontend_admin_static,frontend/src/admin/pages/blog/BlogForm.tsx:187,double,تم إنشاء المقال بنجاح,Article created successfully,i18n-admin-ui,Proposed English copy for bilingual implementation; review brand/proper-name spelling before production.
SMART-I18N-0619,frontend_admin_static,frontend/src/admin/pages/blog/BlogForm.tsx:190,double,فشل تحديث المقال,Failed to update article,i18n-admin-ui,Proposed English copy for bilingual implementation; review brand/proper-name spelling before production.
SMART-I18N-0620,frontend_admin_static,frontend/src/admin/pages/blog/BlogForm.tsx:190,double,فشل إنشاء المقال,Failed to create article,i18n-admin-ui,Proposed English copy for bilingual implementation; review brand/proper-name spelling before production.
SMART-I18N-0621,frontend_admin_static,frontend/src/admin/pages/blog/BlogForm.tsx:215,double,تعديل المقال,Edit Article,i18n-admin-ui,Proposed English copy for bilingual implementation; review brand/proper-name spelling before production.
SMART-I18N-0622,frontend_admin_static,frontend/src/admin/pages/blog/BlogForm.tsx:220 | frontend/src/admin/pages/testimonials/TestimonialsList.tsx:57 | frontend/src/admin/pages/leads/LeadsList.tsx:562,jsx | single,المحتوى,Content,i18n-admin-ui,Proposed English copy for bilingual implementation; review brand/proper-name spelling before production.
SMART-I18N-0623,frontend_admin_static,frontend/src/admin/pages/blog/BlogForm.tsx:221 | frontend/src/admin/pages/blog/BlogForm.tsx:255,jsx,التصنيف والوسوم,Category and Tags,i18n-admin-ui,Proposed English copy for bilingual implementation; review brand/proper-name spelling before production.
SMART-I18N-0624,frontend_admin_static,frontend/src/admin/pages/blog/BlogForm.tsx:222 | frontend/src/admin/pages/blog/BlogForm.tsx:276,jsx,الغلاف والكاتب,Cover and Author,i18n-admin-ui,Proposed English copy for bilingual implementation; review brand/proper-name spelling before production.
SMART-I18N-0625,frontend_admin_static,frontend/src/admin/pages/blog/BlogForm.tsx:224,jsx,CTA والمعاينة,CTA and Preview,i18n-admin-ui,Proposed English copy for bilingual implementation; review brand/proper-name spelling before production.
SMART-I18N-0626,frontend_admin_static,frontend/src/admin/pages/blog/BlogForm.tsx:225,jsx,النشر,Publishing,i18n-admin-ui,Proposed English copy for bilingual implementation; review brand/proper-name spelling before production.
SMART-I18N-0627,frontend_admin_static,frontend/src/admin/pages/blog/BlogForm.tsx:230,jsx,معلومات المقال,Article Information,i18n-admin-ui,Proposed English copy for bilingual implementation; review brand/proper-name spelling before production.
SMART-I18N-0628,frontend_admin_static,frontend/src/admin/pages/blog/BlogForm.tsx:233 | frontend/src/admin/pages/about/AboutForm.tsx:401 | frontend/src/admin/pages/about/AboutForm.tsx:447 | frontend/src/admin/pages/about/AboutForm.tsx:555 | frontend/src/admin/pages/about/AboutForm.tsx:601 | frontend/src/admin/pages/about/AboutForm.tsx:665 | frontend/src/admin/pages/company-info/CompanyInfoForm.tsx:139 | frontend/src/admin/pages/services/ServiceForm.tsx:138,double | jsx,العنوان *,Title *,i18n-admin-ui,Proposed English copy for bilingual implementation; review brand/proper-name spelling before production.
SMART-I18N-0629,frontend_admin_static,frontend/src/admin/pages/blog/BlogForm.tsx:236,template,المقتطف (${excerpt.length}/160),Excerpt (${excerpt.length}/160),i18n-admin-ui,Proposed English copy for bilingual implementation; review brand/proper-name spelling before production.
SMART-I18N-0630,frontend_admin_static,frontend/src/admin/pages/blog/BlogForm.tsx:238,jsx,يفضل ألا يتجاوز المقتطف 160 حرفاً.,It is recommended to keep the excerpt under 160 characters.,i18n-admin-ui,Proposed English copy for bilingual implementation; review brand/proper-name spelling before production.
SMART-I18N-0631,frontend_admin_static,frontend/src/admin/pages/blog/BlogForm.tsx:240,double,نقاط الملخص,Summary Points,i18n-admin-ui,Proposed English copy for bilingual implementation; review brand/proper-name spelling before production.
SMART-I18N-0632,frontend_admin_static,frontend/src/admin/pages/blog/BlogForm.tsx:240,double,أضف نقطة واضغط Enter,Add a point and press Enter,i18n-admin-ui,Proposed English copy for bilingual implementation; review brand/proper-name spelling before production.
SMART-I18N-0633,frontend_admin_static,frontend/src/admin/pages/blog/BlogForm.tsx:245,jsx,محتوى المقال *,Article Content *,i18n-admin-ui,Proposed English copy for bilingual implementation; review brand/proper-name spelling before production.
SMART-I18N-0634,frontend_admin_static,frontend/src/admin/pages/blog/BlogForm.tsx:247,double,ابدأ كتابة المقال...,Start writing the article...,i18n-admin-ui,Proposed English copy for bilingual implementation; review brand/proper-name spelling before production.
SMART-I18N-0635,frontend_admin_static,frontend/src/admin/pages/blog/BlogForm.tsx:259,double,نوع المحتوى,Content Type,i18n-admin-ui,Proposed English copy for bilingual implementation; review brand/proper-name spelling before production.
SMART-I18N-0636,frontend_admin_static,frontend/src/admin/pages/blog/BlogForm.tsx:261 | frontend/src/admin/pages/blog/BlogList.tsx:171,jsx,مقال,Article,i18n-admin-ui,Proposed English copy for bilingual implementation; review brand/proper-name spelling before production.
SMART-I18N-0637,frontend_admin_static,frontend/src/admin/pages/blog/BlogForm.tsx:262,jsx,دليل عملي,Practical Guide,i18n-admin-ui,Proposed English copy for bilingual implementation; review brand/proper-name spelling before production.
SMART-I18N-0638,frontend_admin_static,frontend/src/admin/pages/blog/BlogForm.tsx:263 | frontend/src/admin/pages/blog/BlogList.tsx:173 | frontend/src/admin/components/shared/RichTextEditor.tsx:87,jsx | double,دراسة حالة,Case Study,i18n-admin-ui,Proposed English copy for bilingual implementation; review brand/proper-name spelling before production.
SMART-I18N-0639,frontend_admin_static,frontend/src/admin/pages/blog/BlogForm.tsx:264,jsx,رؤية تقنية,Technical Insight,i18n-admin-ui,Proposed English copy for bilingual implementation; review brand/proper-name spelling before production.
SMART-I18N-0640,frontend_admin_static,frontend/src/admin/pages/blog/BlogForm.tsx:265 | frontend/src/admin/pages/blog/BlogList.tsx:175,jsx,خبر,News,i18n-admin-ui,Proposed English copy for bilingual implementation; review brand/proper-name spelling before production.
SMART-I18N-0641,frontend_admin_static,frontend/src/admin/pages/blog/BlogForm.tsx:269,double,الوسوم,Tags,i18n-admin-ui,Proposed English copy for bilingual implementation; review brand/proper-name spelling before production.
SMART-I18N-0642,frontend_admin_static,frontend/src/admin/pages/blog/BlogForm.tsx:269,double,أضف وسم واضغط Enter,Add a tag and press Enter,i18n-admin-ui,Proposed English copy for bilingual implementation; review brand/proper-name spelling before production.
SMART-I18N-0643,frontend_admin_static,frontend/src/admin/pages/blog/BlogForm.tsx:279,double,Alt لصورة الغلاف,Cover Image Alt Text,i18n-admin-ui,Proposed English copy for bilingual implementation; review brand/proper-name spelling before production.
SMART-I18N-0644,frontend_admin_static,frontend/src/admin/pages/blog/BlogForm.tsx:281,double,اسم الكاتب,Author Name,i18n-admin-ui,Proposed English copy for bilingual implementation; review brand/proper-name spelling before production.
SMART-I18N-0645,frontend_admin_static,frontend/src/admin/pages/blog/BlogForm.tsx:282,double,دور الكاتب,Author Role,i18n-admin-ui,Proposed English copy for bilingual implementation; review brand/proper-name spelling before production.
SMART-I18N-0646,frontend_admin_static,frontend/src/admin/pages/blog/BlogForm.tsx:283,double,صورة الكاتب,Author Image,i18n-admin-ui,Proposed English copy for bilingual implementation; review brand/proper-name spelling before production.
SMART-I18N-0647,frontend_admin_static,frontend/src/admin/pages/blog/BlogForm.tsx:291,jsx,إعدادات SEO المتقدمة,Advanced SEO Settings,i18n-admin-ui,Proposed English copy for bilingual implementation; review brand/proper-name spelling before production.
SMART-I18N-0648,frontend_admin_static,frontend/src/admin/pages/blog/BlogForm.tsx:298,double,أضف كلمة واضغط Enter,Add a keyword and press Enter,i18n-admin-ui,Proposed English copy for bilingual implementation; review brand/proper-name spelling before production.
SMART-I18N-0649,frontend_admin_static,frontend/src/admin/pages/blog/BlogForm.tsx:311,double,عنوان المقال,Article Title,i18n-admin-ui,Proposed English copy for bilingual implementation; review brand/proper-name spelling before production.
SMART-I18N-0650,frontend_admin_static,frontend/src/admin/pages/blog/BlogForm.tsx:311,double,وصف مختصر يظهر في نتائج البحث.,A short description shown in search results.,i18n-admin-ui,Proposed English copy for bilingual implementation; review brand/proper-name spelling before production.
SMART-I18N-0651,frontend_admin_static,frontend/src/admin/pages/blog/BlogForm.tsx:318,jsx,CTA ومعاينة المقال,Article CTA and Preview,i18n-admin-ui,Proposed English copy for bilingual implementation; review brand/proper-name spelling before production.
SMART-I18N-0652,frontend_admin_static,frontend/src/admin/pages/blog/BlogForm.tsx:336,jsx,إعدادات النشر,Publishing Settings,i18n-admin-ui,Proposed English copy for bilingual implementation; review brand/proper-name spelling before production.
SMART-I18N-0653,frontend_admin_static,frontend/src/admin/pages/blog/BlogForm.tsx:338 | frontend/src/admin/pages/blog/BlogList.tsx:88 | frontend/src/admin/pages/blog/BlogList.tsx:165,double | jsx,منشور,Published,i18n-admin-ui,Proposed English copy for bilingual implementation; review brand/proper-name spelling before production.
SMART-I18N-0654,frontend_admin_static,frontend/src/admin/pages/blog/BlogForm.tsx:340,double,اختيار التحرير,Editor’s Pick,i18n-admin-ui,Proposed English copy for bilingual implementation; review brand/proper-name spelling before production.
SMART-I18N-0655,frontend_admin_static,frontend/src/admin/pages/blog/BlogForm.tsx:341,double,السماح بالأرشفة,Allow Indexing,i18n-admin-ui,Proposed English copy for bilingual implementation; review brand/proper-name spelling before production.
SMART-I18N-0656,frontend_admin_static,frontend/src/admin/pages/blog/BlogForm.tsx:355,double,تحديث المقال,Update Article,i18n-admin-ui,Proposed English copy for bilingual implementation; review brand/proper-name spelling before production.
SMART-I18N-0657,frontend_admin_static,frontend/src/admin/pages/blog/BlogForm.tsx:355,double,نشر المقال,Publish Article,i18n-admin-ui,Proposed English copy for bilingual implementation; review brand/proper-name spelling before production.
SMART-I18N-0658,frontend_admin_static,frontend/src/admin/pages/blog/BlogForm.tsx:355,double,حفظ كمسودة,Save as Draft,i18n-admin-ui,Proposed English copy for bilingual implementation; review brand/proper-name spelling before production.
SMART-I18N-0659,frontend_admin_static,frontend/src/admin/pages/blog/BlogList.tsx:43,double,تم حذف المقال بنجاح,Article deleted successfully,i18n-admin-ui,Proposed English copy for bilingual implementation; review brand/proper-name spelling before production.
SMART-I18N-0660,frontend_admin_static,frontend/src/admin/pages/blog/BlogList.tsx:46,double,فشل حذف المقال,Failed to delete article,i18n-admin-ui,Proposed English copy for bilingual implementation; review brand/proper-name spelling before production.
SMART-I18N-0661,frontend_admin_static,frontend/src/admin/pages/blog/BlogList.tsx:52,double,المقال,Article,i18n-admin-ui,Proposed English copy for bilingual implementation; review brand/proper-name spelling before production.
SMART-I18N-0662,frontend_admin_static,frontend/src/admin/pages/blog/BlogList.tsx:90 | frontend/src/admin/pages/blog/BlogList.tsx:166,jsx,مسودة,Draft,i18n-admin-ui,Proposed English copy for bilingual implementation; review brand/proper-name spelling before production.
SMART-I18N-0663,frontend_admin_static,frontend/src/admin/pages/blog/BlogList.tsx:103,double,القراءة,Reading Time,i18n-admin-ui,Proposed English copy for bilingual implementation; review brand/proper-name spelling before production.
SMART-I18N-0664,frontend_admin_static,frontend/src/admin/pages/blog/BlogList.tsx:107,jsx,{blog.readingTime || 3} د,{blog.readingTime || 3} min,i18n-admin-ui,Proposed English copy for bilingual implementation; review brand/proper-name spelling before production.
SMART-I18N-0665,frontend_admin_static,frontend/src/admin/pages/blog/BlogList.tsx:113,double,المشاهدات,Views,i18n-admin-ui,Proposed English copy for bilingual implementation; review brand/proper-name spelling before production.
SMART-I18N-0666,frontend_admin_static,frontend/src/admin/pages/blog/BlogList.tsx:123 | frontend/src/admin/pages/leads/LeadsList.tsx:329,double,التاريخ,Date,i18n-admin-ui,Proposed English copy for bilingual implementation; review brand/proper-name spelling before production.
SMART-I18N-0667,frontend_admin_static,frontend/src/admin/pages/blog/BlogList.tsx:155,double,فشل تحميل المقالات,Failed to load articles,i18n-admin-ui,Proposed English copy for bilingual implementation; review brand/proper-name spelling before production.
SMART-I18N-0668,frontend_admin_static,frontend/src/admin/pages/blog/BlogList.tsx:159 | frontend/src/admin/components/layout/Breadcrumb.tsx:7 | frontend/src/admin/components/layout/Sidebar.tsx:35,double,المدونة,Blog,i18n-admin-ui,Proposed English copy for bilingual implementation; review brand/proper-name spelling before production.
SMART-I18N-0669,frontend_admin_static,frontend/src/admin/pages/blog/BlogList.tsx:159,double,إدارة المقالات، المسودات، التصنيفات، والظهور التسويقي.,"Manage articles, drafts, categories, and promotional visibility.",i18n-admin-ui,Proposed English copy for bilingual implementation; review brand/proper-name spelling before production.
SMART-I18N-0670,frontend_admin_static,frontend/src/admin/pages/blog/BlogList.tsx:159,double,كتابة مقال,Write Article,i18n-admin-ui,Proposed English copy for bilingual implementation; review brand/proper-name spelling before production.
SMART-I18N-0671,frontend_admin_static,frontend/src/admin/pages/blog/BlogList.tsx:162,double,بحث في المقالات...,Search articles...,i18n-admin-ui,Proposed English copy for bilingual implementation; review brand/proper-name spelling before production.
SMART-I18N-0672,frontend_admin_static,frontend/src/admin/pages/blog/BlogList.tsx:164,jsx,كل الحالات,All Statuses,i18n-admin-ui,Proposed English copy for bilingual implementation; review brand/proper-name spelling before production.
SMART-I18N-0673,frontend_admin_static,frontend/src/admin/pages/blog/BlogList.tsx:170,jsx,كل الأنواع,All Types,i18n-admin-ui,Proposed English copy for bilingual implementation; review brand/proper-name spelling before production.
SMART-I18N-0674,frontend_admin_static,frontend/src/admin/pages/blog/BlogList.tsx:172,jsx,دليل,Guide,i18n-admin-ui,Proposed English copy for bilingual implementation; review brand/proper-name spelling before production.
SMART-I18N-0675,frontend_admin_static,frontend/src/admin/pages/blog/BlogList.tsx:174,jsx,رؤية,Insight,i18n-admin-ui,Proposed English copy for bilingual implementation; review brand/proper-name spelling before production.
SMART-I18N-0676,frontend_admin_static,frontend/src/admin/pages/blog/BlogList.tsx:178,jsx,كل المقالات,All Articles,i18n-admin-ui,Proposed English copy for bilingual implementation; review brand/proper-name spelling before production.
SMART-I18N-0677,frontend_admin_static,frontend/src/admin/pages/blog/BlogList.tsx:180,jsx,غير مميز,Not Featured,i18n-admin-ui,Proposed English copy for bilingual implementation; review brand/proper-name spelling before production.
SMART-I18N-0678,frontend_admin_static,frontend/src/admin/pages/blog/BlogList.tsx:184,double,لا توجد مقالات,No Articles Found,i18n-admin-ui,Proposed English copy for bilingual implementation; review brand/proper-name spelling before production.
SMART-I18N-0679,frontend_admin_static,frontend/src/admin/pages/blog/BlogList.tsx:189,double,حذف المقال,Delete Article,i18n-admin-ui,Proposed English copy for bilingual implementation; review brand/proper-name spelling before production.
SMART-I18N-0680,frontend_admin_static,frontend/src/admin/pages/blog/BlogList.tsx:190,double,هل أنت متأكد من حذف هذا المقال؟ لا يمكن التراجع عن هذا الإجراء.,Are you sure you want to delete this article? This action cannot be undone.,i18n-admin-ui,Proposed English copy for bilingual implementation; review brand/proper-name spelling before production.
SMART-I18N-0681,frontend_admin_static,frontend/src/admin/pages/about/AboutForm.tsx:20,double,عنوان قسم البطل مطلوب,Hero section title is required,i18n-admin-ui,Proposed English copy for bilingual implementation; review brand/proper-name spelling before production.
SMART-I18N-0682,frontend_admin_static,frontend/src/admin/pages/about/AboutForm.tsx:21,double,وصف قسم البطل مطلوب,Hero section description is required,i18n-admin-ui,Proposed English copy for bilingual implementation; review brand/proper-name spelling before production.
SMART-I18N-0683,frontend_admin_static,frontend/src/admin/pages/about/AboutForm.tsx:30,double,الرؤية مطلوبة,Vision is required,i18n-admin-ui,Proposed English copy for bilingual implementation; review brand/proper-name spelling before production.
SMART-I18N-0684,frontend_admin_static,frontend/src/admin/pages/about/AboutForm.tsx:31,double,الرسالة مطلوبة,Mission is required,i18n-admin-ui,Proposed English copy for bilingual implementation; review brand/proper-name spelling before production.
SMART-I18N-0685,frontend_admin_static,frontend/src/admin/pages/about/AboutForm.tsx:32,double,المنهجية مطلوبة,Approach is required,i18n-admin-ui,Proposed English copy for bilingual implementation; review brand/proper-name spelling before production.
SMART-I18N-0686,frontend_admin_static,frontend/src/admin/pages/about/AboutForm.tsx:41 | frontend/src/admin/pages/about/AboutForm.tsx:49 | frontend/src/admin/pages/about/AboutForm.tsx:66 | frontend/src/admin/pages/about/AboutForm.tsx:74,double,اسم الأيقونة مطلوب,Icon name is required,i18n-admin-ui,Proposed English copy for bilingual implementation; review brand/proper-name spelling before production.
SMART-I18N-0687,frontend_admin_static,frontend/src/admin/pages/about/AboutForm.tsx:43 | frontend/src/admin/pages/about/AboutForm.tsx:51 | frontend/src/admin/pages/about/AboutForm.tsx:60 | frontend/src/admin/pages/about/AboutForm.tsx:68,double,الوصف مطلوب,Description is required,i18n-admin-ui,Proposed English copy for bilingual implementation; review brand/proper-name spelling before production.
SMART-I18N-0688,frontend_admin_static,frontend/src/admin/pages/about/AboutForm.tsx:57,double,رقم المرحلة مطلوب,Step number is required,i18n-admin-ui,Proposed English copy for bilingual implementation; review brand/proper-name spelling before production.
SMART-I18N-0689,frontend_admin_static,frontend/src/admin/pages/about/AboutForm.tsx:67,double,عنوان المبدأ مطلوب,Principle title is required,i18n-admin-ui,Proposed English copy for bilingual implementation; review brand/proper-name spelling before production.
SMART-I18N-0690,frontend_admin_static,frontend/src/admin/pages/about/AboutForm.tsx:75,double,القيمة يجب أن تكون أكبر من أو تساوي 0,Value must be greater than or equal to 0,i18n-admin-ui,Proposed English copy for bilingual implementation; review brand/proper-name spelling before production.
SMART-I18N-0691,frontend_admin_static,frontend/src/admin/pages/about/AboutForm.tsx:76,double,تسمية الإحصائية مطلوبة,Statistic label is required,i18n-admin-ui,Proposed English copy for bilingual implementation; review brand/proper-name spelling before production.
SMART-I18N-0692,frontend_admin_static,frontend/src/admin/pages/about/AboutForm.tsx:88,double,عنوان دعوة العمل مطلوب,Call-to-action title is required,i18n-admin-ui,Proposed English copy for bilingual implementation; review brand/proper-name spelling before production.
SMART-I18N-0693,frontend_admin_static,frontend/src/admin/pages/about/AboutForm.tsx:89,double,وصف دعوة العمل مطلوب,Call-to-action description is required,i18n-admin-ui,Proposed English copy for bilingual implementation; review brand/proper-name spelling before production.
SMART-I18N-0694,frontend_admin_static,frontend/src/admin/pages/about/AboutForm.tsx:90,double,نص الزر مطلوب,Button text is required,i18n-admin-ui,Proposed English copy for bilingual implementation; review brand/proper-name spelling before production.
SMART-I18N-0695,frontend_admin_static,frontend/src/admin/pages/about/AboutForm.tsx:107,double,المستخدمون,Users,i18n-admin-ui,Proposed English copy for bilingual implementation; review brand/proper-name spelling before production.
SMART-I18N-0696,frontend_admin_static,frontend/src/admin/pages/about/AboutForm.tsx:108,double,الطبقات,Layers,i18n-admin-ui,Proposed English copy for bilingual implementation; review brand/proper-name spelling before production.
SMART-I18N-0697,frontend_admin_static,frontend/src/admin/pages/about/AboutForm.tsx:109,double,الجائزة,Award,i18n-admin-ui,Proposed English copy for bilingual implementation; review brand/proper-name spelling before production.
SMART-I18N-0698,frontend_admin_static,frontend/src/admin/pages/about/AboutForm.tsx:110,double,الكود,Code,i18n-admin-ui,Proposed English copy for bilingual implementation; review brand/proper-name spelling before production.
SMART-I18N-0699,frontend_admin_static,frontend/src/admin/pages/about/AboutForm.tsx:111,double,الكرة الأرضية,Globe,i18n-admin-ui,Proposed English copy for bilingual implementation; review brand/proper-name spelling before production.
SMART-I18N-0700,frontend_admin_static,frontend/src/admin/pages/about/AboutForm.tsx:112,double,الاتجاه الصاعد,Trending Up,i18n-admin-ui,Proposed English copy for bilingual implementation; review brand/proper-name spelling before production.
SMART-I18N-0701,frontend_admin_static,frontend/src/admin/pages/about/AboutForm.tsx:113,double,المصافحة,Handshake,i18n-admin-ui,Proposed English copy for bilingual implementation; review brand/proper-name spelling before production.
SMART-I18N-0702,frontend_admin_static,frontend/src/admin/pages/about/AboutForm.tsx:114,double,المصباح,Lightbulb,i18n-admin-ui,Proposed English copy for bilingual implementation; review brand/proper-name spelling before production.
SMART-I18N-0703,frontend_admin_static,frontend/src/admin/pages/about/AboutForm.tsx:115,double,الصاروخ,Rocket,i18n-admin-ui,Proposed English copy for bilingual implementation; review brand/proper-name spelling before production.
SMART-I18N-0704,frontend_admin_static,frontend/src/admin/pages/about/AboutForm.tsx:116 | frontend/src/admin/pages/about/AboutForm.tsx:264 | frontend/src/admin/pages/about/AboutForm.tsx:622 | frontend/src/admin/pages/team/TeamList.tsx:151 | frontend/src/admin/components/layout/Breadcrumb.tsx:9 | frontend/src/admin/components/layout/Sidebar.tsx:37,double | jsx,الفريق,Team,i18n-admin-ui,Proposed English copy for bilingual implementation; review brand/proper-name spelling before production.
SMART-I18N-0705,frontend_admin_static,frontend/src/admin/pages/about/AboutForm.tsx:117,double,البحث,Search,i18n-admin-ui,Proposed English copy for bilingual implementation; review brand/proper-name spelling before production.
SMART-I18N-0706,frontend_admin_static,frontend/src/admin/pages/about/AboutForm.tsx:118,double,أداة القلم,Pen Tool,i18n-admin-ui,Proposed English copy for bilingual implementation; review brand/proper-name spelling before production.
SMART-I18N-0707,frontend_admin_static,frontend/src/admin/pages/about/AboutForm.tsx:119,double,الهدف,Target,i18n-admin-ui,Proposed English copy for bilingual implementation; review brand/proper-name spelling before production.
SMART-I18N-0708,frontend_admin_static,frontend/src/admin/pages/about/AboutForm.tsx:120,double,العين,Eye,i18n-admin-ui,Proposed English copy for bilingual implementation; review brand/proper-name spelling before production.
SMART-I18N-0709,frontend_admin_static,frontend/src/admin/pages/about/AboutForm.tsx:121,double,قاعدة البيانات,Database,i18n-admin-ui,Proposed English copy for bilingual implementation; review brand/proper-name spelling before production.
SMART-I18N-0710,frontend_admin_static,frontend/src/admin/pages/about/AboutForm.tsx:122,double,حقيبة العمل,Briefcase,i18n-admin-ui,Proposed English copy for bilingual implementation; review brand/proper-name spelling before production.
SMART-I18N-0711,frontend_admin_static,frontend/src/admin/pages/about/AboutForm.tsx:123,double,الشبكة,Network,i18n-admin-ui,Proposed English copy for bilingual implementation; review brand/proper-name spelling before production.
SMART-I18N-0712,frontend_admin_static,frontend/src/admin/pages/about/AboutForm.tsx:124,double,التكرار,Repeat,i18n-admin-ui,Proposed English copy for bilingual implementation; review brand/proper-name spelling before production.
SMART-I18N-0713,frontend_admin_static,frontend/src/admin/pages/about/AboutForm.tsx:125,double,الخريطة,Map,i18n-admin-ui,Proposed English copy for bilingual implementation; review brand/proper-name spelling before production.
SMART-I18N-0714,frontend_admin_static,frontend/src/admin/pages/about/AboutForm.tsx:126,double,علامة الصح,Check Mark,i18n-admin-ui,Proposed English copy for bilingual implementation; review brand/proper-name spelling before production.
SMART-I18N-0715,frontend_admin_static,frontend/src/admin/pages/about/AboutForm.tsx:127,double,السحابة,Cloud,i18n-admin-ui,Proposed English copy for bilingual implementation; review brand/proper-name spelling before production.
SMART-I18N-0716,frontend_admin_static,frontend/src/admin/pages/about/AboutForm.tsx:128,double,التخطيط,Planning,i18n-admin-ui,Proposed English copy for bilingual implementation; review brand/proper-name spelling before production.
SMART-I18N-0717,frontend_admin_static,frontend/src/admin/pages/about/AboutForm.tsx:129,double,المعالج,Processor,i18n-admin-ui,Proposed English copy for bilingual implementation; review brand/proper-name spelling before production.
SMART-I18N-0718,frontend_admin_static,frontend/src/admin/pages/about/AboutForm.tsx:130,double,الدرع,Shield,i18n-admin-ui,Proposed English copy for bilingual implementation; review brand/proper-name spelling before production.
SMART-I18N-0719,frontend_admin_static,frontend/src/admin/pages/about/AboutForm.tsx:131,double,النجمة,Star,i18n-admin-ui,Proposed English copy for bilingual implementation; review brand/proper-name spelling before production.
SMART-I18N-0720,frontend_admin_static,frontend/src/admin/pages/about/AboutForm.tsx:140,jsx,اختر الأيقونة,Choose Icon,i18n-admin-ui,Proposed English copy for bilingual implementation; review brand/proper-name spelling before production.
SMART-I18N-0721,frontend_admin_static,frontend/src/admin/pages/about/AboutForm.tsx:239,double,تم تحديث معلومات حولنا بنجاح,About information updated successfully,i18n-admin-ui,Proposed English copy for bilingual implementation; review brand/proper-name spelling before production.
SMART-I18N-0722,frontend_admin_static,frontend/src/admin/pages/about/AboutForm.tsx:253,double,إدارة صفحة حولنا,Manage About Page,i18n-admin-ui,Proposed English copy for bilingual implementation; review brand/proper-name spelling before production.
SMART-I18N-0723,frontend_admin_static,frontend/src/admin/pages/about/AboutForm.tsx:257,jsx,البطل,Hero,i18n-admin-ui,Proposed English copy for bilingual implementation; review brand/proper-name spelling before production.
SMART-I18N-0724,frontend_admin_static,frontend/src/admin/pages/about/AboutForm.tsx:258 | frontend/src/admin/pages/about/AboutForm.tsx:338,jsx,القصة,Story,i18n-admin-ui,Proposed English copy for bilingual implementation; review brand/proper-name spelling before production.
SMART-I18N-0725,frontend_admin_static,frontend/src/admin/pages/about/AboutForm.tsx:259 | frontend/src/admin/pages/about/AboutForm.tsx:378,jsx,طريقة التفكير,Thinking Approach,i18n-admin-ui,Proposed English copy for bilingual implementation; review brand/proper-name spelling before production.
SMART-I18N-0726,frontend_admin_static,frontend/src/admin/pages/about/AboutForm.tsx:260 | frontend/src/admin/pages/about/AboutForm.tsx:424,jsx,ما يميزنا,What Sets Us Apart,i18n-admin-ui,Proposed English copy for bilingual implementation; review brand/proper-name spelling before production.
SMART-I18N-0727,frontend_admin_static,frontend/src/admin/pages/about/AboutForm.tsx:261 | frontend/src/admin/pages/about/AboutForm.tsx:470,jsx,الإحصائيات,Statistics,i18n-admin-ui,Proposed English copy for bilingual implementation; review brand/proper-name spelling before production.
SMART-I18N-0728,frontend_admin_static,frontend/src/admin/pages/about/AboutForm.tsx:262 | frontend/src/admin/pages/about/AboutForm.tsx:524,jsx,طريقة العمل,How We Work,i18n-admin-ui,Proposed English copy for bilingual implementation; review brand/proper-name spelling before production.
SMART-I18N-0729,frontend_admin_static,frontend/src/admin/pages/about/AboutForm.tsx:263 | frontend/src/admin/pages/about/AboutForm.tsx:578,jsx,المبادئ,Principles,i18n-admin-ui,Proposed English copy for bilingual implementation; review brand/proper-name spelling before production.
SMART-I18N-0730,frontend_admin_static,frontend/src/admin/pages/about/AboutForm.tsx:267,jsx,الرؤية والرسالة,Vision and Mission,i18n-admin-ui,Proposed English copy for bilingual implementation; review brand/proper-name spelling before production.
SMART-I18N-0731,frontend_admin_static,frontend/src/admin/pages/about/AboutForm.tsx:272,jsx,قسم البطل,Hero Section,i18n-admin-ui,Proposed English copy for bilingual implementation; review brand/proper-name spelling before production.
SMART-I18N-0732,frontend_admin_static,frontend/src/admin/pages/about/AboutForm.tsx:275 | frontend/src/admin/pages/about/AboutForm.tsx:455,jsx,البادج,Badge,i18n-admin-ui,Proposed English copy for bilingual implementation; review brand/proper-name spelling before production.
SMART-I18N-0733,frontend_admin_static,frontend/src/admin/pages/about/AboutForm.tsx:276,double,مثال: من نحن,Example: About Us,i18n-admin-ui,Proposed English copy for bilingual implementation; review brand/proper-name spelling before production.
SMART-I18N-0734,frontend_admin_static,frontend/src/admin/pages/about/AboutForm.tsx:279,jsx,العنوان الرئيسي *,Main Title *,i18n-admin-ui,Proposed English copy for bilingual implementation; review brand/proper-name spelling before production.
SMART-I18N-0735,frontend_admin_static,frontend/src/admin/pages/about/AboutForm.tsx:284 | frontend/src/admin/pages/about/AboutForm.tsx:405 | frontend/src/admin/pages/about/AboutForm.tsx:451 | frontend/src/admin/pages/about/AboutForm.tsx:559 | frontend/src/admin/pages/about/AboutForm.tsx:605 | frontend/src/admin/pages/about/AboutForm.tsx:670,jsx,الوصف *,Description *,i18n-admin-ui,Proposed English copy for bilingual implementation; review brand/proper-name spelling before production.
SMART-I18N-0736,frontend_admin_static,frontend/src/admin/pages/about/AboutForm.tsx:289,jsx,صورة قسم البطل,Hero Section Image,i18n-admin-ui,Proposed English copy for bilingual implementation; review brand/proper-name spelling before production.
SMART-I18N-0737,frontend_admin_static,frontend/src/admin/pages/about/AboutForm.tsx:291 | frontend/src/admin/pages/about/AboutForm.tsx:635 | frontend/src/admin/pages/about/AboutForm.tsx:713 | frontend/src/admin/components/shared/ImageUpload.tsx:21,double | single,اسحب الصورة هنا أو انقر للاختيار,Drag the image here or click to select,i18n-admin-ui,Proposed English copy for bilingual implementation; review brand/proper-name spelling before production.
SMART-I18N-0738,frontend_admin_static,frontend/src/admin/pages/about/AboutForm.tsx:296,jsx,نص الزر الأساسي,Primary Button Text,i18n-admin-ui,Proposed English copy for bilingual implementation; review brand/proper-name spelling before production.
SMART-I18N-0739,frontend_admin_static,frontend/src/admin/pages/about/AboutForm.tsx:300,jsx,رابط الزر الأساسي,Primary Button URL,i18n-admin-ui,Proposed English copy for bilingual implementation; review brand/proper-name spelling before production.
SMART-I18N-0740,frontend_admin_static,frontend/src/admin/pages/about/AboutForm.tsx:306 | frontend/src/admin/pages/about/AboutForm.tsx:686,jsx,نص الزر الثانوي,Secondary Button Text,i18n-admin-ui,Proposed English copy for bilingual implementation; review brand/proper-name spelling before production.
SMART-I18N-0741,frontend_admin_static,frontend/src/admin/pages/about/AboutForm.tsx:310 | frontend/src/admin/pages/about/AboutForm.tsx:690,jsx,رابط الزر الثانوي,Secondary Button URL,i18n-admin-ui,Proposed English copy for bilingual implementation; review brand/proper-name spelling before production.
SMART-I18N-0742,frontend_admin_static,frontend/src/admin/pages/about/AboutForm.tsx:316,jsx,شارات الثقة,Trust Badges,i18n-admin-ui,Proposed English copy for bilingual implementation; review brand/proper-name spelling before production.
SMART-I18N-0743,frontend_admin_static,frontend/src/admin/pages/about/AboutForm.tsx:324,double,مثال: استراتيجية قبل التنفيذ,Example: Strategy Before Execution,i18n-admin-ui,Proposed English copy for bilingual implementation; review brand/proper-name spelling before production.
SMART-I18N-0744,frontend_admin_static,frontend/src/admin/pages/about/AboutForm.tsx:341 | frontend/src/admin/pages/about/AboutForm.tsx:625 | frontend/src/admin/pages/projects/ProjectForm.tsx:929,jsx,العنوان,Title,i18n-admin-ui,Proposed English copy for bilingual implementation; review brand/proper-name spelling before production.
SMART-I18N-0745,frontend_admin_static,frontend/src/admin/pages/about/AboutForm.tsx:350,jsx,نقاط الألم,Pain Points,i18n-admin-ui,Proposed English copy for bilingual implementation; review brand/proper-name spelling before production.
SMART-I18N-0746,frontend_admin_static,frontend/src/admin/pages/about/AboutForm.tsx:367,jsx,البيان الختامي,Closing Statement,i18n-admin-ui,Proposed English copy for bilingual implementation; review brand/proper-name spelling before production.
SMART-I18N-0747,frontend_admin_static,frontend/src/admin/pages/about/AboutForm.tsx:389 | frontend/src/admin/pages/about/AboutForm.tsx:435,jsx,عنصر #{index + 1},Item #{index + 1},i18n-admin-ui,Proposed English copy for bilingual implementation; review brand/proper-name spelling before production.
SMART-I18N-0748,frontend_admin_static,frontend/src/admin/pages/about/AboutForm.tsx:395 | frontend/src/admin/pages/about/AboutForm.tsx:441 | frontend/src/admin/pages/about/AboutForm.tsx:487 | frontend/src/admin/pages/about/AboutForm.tsx:595,jsx,الأيقونة *,Icon *,i18n-admin-ui,Proposed English copy for bilingual implementation; review brand/proper-name spelling before production.
SMART-I18N-0749,frontend_admin_static,frontend/src/admin/pages/about/AboutForm.tsx:409,jsx,النتيجة,Result,i18n-admin-ui,Proposed English copy for bilingual implementation; review brand/proper-name spelling before production.
SMART-I18N-0750,frontend_admin_static,frontend/src/admin/pages/about/AboutForm.tsx:415 | frontend/src/admin/pages/about/AboutForm.tsx:461,jsx,لا توجد عناصر مضافة.,No items added.,i18n-admin-ui,Proposed English copy for bilingual implementation; review brand/proper-name spelling before production.
SMART-I18N-0751,frontend_admin_static,frontend/src/admin/pages/about/AboutForm.tsx:456,double,مثال: Product Mindset,Example: Product Mindset,i18n-admin-ui,Proposed English copy for bilingual implementation; review brand/proper-name spelling before production.
SMART-I18N-0752,frontend_admin_static,frontend/src/admin/pages/about/AboutForm.tsx:481,jsx,إحصائية #{index + 1},Statistic #{index + 1},i18n-admin-ui,Proposed English copy for bilingual implementation; review brand/proper-name spelling before production.
SMART-I18N-0753,frontend_admin_static,frontend/src/admin/pages/about/AboutForm.tsx:494,jsx,القيمة *,Value *,i18n-admin-ui,Proposed English copy for bilingual implementation; review brand/proper-name spelling before production.
SMART-I18N-0754,frontend_admin_static,frontend/src/admin/pages/about/AboutForm.tsx:500,jsx,اللاحقة,Suffix,i18n-admin-ui,Proposed English copy for bilingual implementation; review brand/proper-name spelling before production.
SMART-I18N-0755,frontend_admin_static,frontend/src/admin/pages/about/AboutForm.tsx:501,double,"+, %, مراحل","+, %, stages",i18n-admin-ui,Proposed English copy for bilingual implementation; review brand/proper-name spelling before production.
SMART-I18N-0756,frontend_admin_static,frontend/src/admin/pages/about/AboutForm.tsx:504,jsx,التسمية *,Label *,i18n-admin-ui,Proposed English copy for bilingual implementation; review brand/proper-name spelling before production.
SMART-I18N-0757,frontend_admin_static,frontend/src/admin/pages/about/AboutForm.tsx:515,jsx,لا توجد إحصائيات مضافة.,No statistics added.,i18n-admin-ui,Proposed English copy for bilingual implementation; review brand/proper-name spelling before production.
SMART-I18N-0758,frontend_admin_static,frontend/src/admin/pages/about/AboutForm.tsx:535,jsx,مرحلة #{index + 1},Step #{index + 1},i18n-admin-ui,Proposed English copy for bilingual implementation; review brand/proper-name spelling before production.
SMART-I18N-0759,frontend_admin_static,frontend/src/admin/pages/about/AboutForm.tsx:542,jsx,رقم المرحلة *,Step Number *,i18n-admin-ui,Proposed English copy for bilingual implementation; review brand/proper-name spelling before production.
SMART-I18N-0760,frontend_admin_static,frontend/src/admin/pages/about/AboutForm.tsx:548 | frontend/src/admin/pages/project-categories/ProjectCategoryForm.tsx:159,jsx,الأيقونة,Icon,i18n-admin-ui,Proposed English copy for bilingual implementation; review brand/proper-name spelling before production.
SMART-I18N-0761,frontend_admin_static,frontend/src/admin/pages/about/AboutForm.tsx:563,jsx,المخرج,Deliverable,i18n-admin-ui,Proposed English copy for bilingual implementation; review brand/proper-name spelling before production.
SMART-I18N-0762,frontend_admin_static,frontend/src/admin/pages/about/AboutForm.tsx:569,jsx,لا توجد مراحل مضافة.,No steps added.,i18n-admin-ui,Proposed English copy for bilingual implementation; review brand/proper-name spelling before production.
SMART-I18N-0763,frontend_admin_static,frontend/src/admin/pages/about/AboutForm.tsx:589,jsx,مبدأ #{index + 1},Principle #{index + 1},i18n-admin-ui,Proposed English copy for bilingual implementation; review brand/proper-name spelling before production.
SMART-I18N-0764,frontend_admin_static,frontend/src/admin/pages/about/AboutForm.tsx:609,jsx,مثال عملي,Practical Example,i18n-admin-ui,Proposed English copy for bilingual implementation; review brand/proper-name spelling before production.
SMART-I18N-0765,frontend_admin_static,frontend/src/admin/pages/about/AboutForm.tsx:615,jsx,لا توجد مبادئ مضافة.,No principles added.,i18n-admin-ui,Proposed English copy for bilingual implementation; review brand/proper-name spelling before production.
SMART-I18N-0766,frontend_admin_static,frontend/src/admin/pages/about/AboutForm.tsx:633,jsx,صورة الفريق,Team Image,i18n-admin-ui,Proposed English copy for bilingual implementation; review brand/proper-name spelling before production.
SMART-I18N-0767,frontend_admin_static,frontend/src/admin/pages/about/AboutForm.tsx:640,jsx,النقاط المميزة,Highlights,i18n-admin-ui,Proposed English copy for bilingual implementation; review brand/proper-name spelling before production.
SMART-I18N-0768,frontend_admin_static,frontend/src/admin/pages/about/AboutForm.tsx:662,jsx,دعوة للعمل,Call to Action,i18n-admin-ui,Proposed English copy for bilingual implementation; review brand/proper-name spelling before production.
SMART-I18N-0769,frontend_admin_static,frontend/src/admin/pages/about/AboutForm.tsx:676,jsx,نص الزر *,Button Text *,i18n-admin-ui,Proposed English copy for bilingual implementation; review brand/proper-name spelling before production.
SMART-I18N-0770,frontend_admin_static,frontend/src/admin/pages/about/AboutForm.tsx:680,jsx,رابط الزر,Button URL,i18n-admin-ui,Proposed English copy for bilingual implementation; review brand/proper-name spelling before production.
SMART-I18N-0771,frontend_admin_static,frontend/src/admin/pages/about/AboutForm.tsx:740,jsx,الرؤية والرسالة والمنهجية,"Vision, Mission, and Approach",i18n-admin-ui,Proposed English copy for bilingual implementation; review brand/proper-name spelling before production.
SMART-I18N-0772,frontend_admin_static,frontend/src/admin/pages/about/AboutForm.tsx:743,jsx,الرؤية *,Vision *,i18n-admin-ui,Proposed English copy for bilingual implementation; review brand/proper-name spelling before production.
SMART-I18N-0773,frontend_admin_static,frontend/src/admin/pages/about/AboutForm.tsx:748,jsx,الرسالة *,Mission *,i18n-admin-ui,Proposed English copy for bilingual implementation; review brand/proper-name spelling before production.
SMART-I18N-0774,frontend_admin_static,frontend/src/admin/pages/about/AboutForm.tsx:753,jsx,المنهجية *,Approach *,i18n-admin-ui,Proposed English copy for bilingual implementation; review brand/proper-name spelling before production.
SMART-I18N-0775,frontend_admin_static,frontend/src/admin/pages/about/AboutForm.tsx:766,jsx,حالة النشاط,Active Status,i18n-admin-ui,Proposed English copy for bilingual implementation; review brand/proper-name spelling before production.
SMART-I18N-0776,frontend_admin_static,frontend/src/admin/pages/about/AboutForm.tsx:767,jsx,تفعيل أو إلغاء تفعيل عرض صفحة حولنا,Enable or disable the About page display,i18n-admin-ui,Proposed English copy for bilingual implementation; review brand/proper-name spelling before production.
SMART-I18N-0777,frontend_admin_static,frontend/src/admin/pages/testimonials/TestimonialForm.tsx:21,single,اسم العميل مطلوب,Client name is required,i18n-admin-ui,Proposed English copy for bilingual implementation; review brand/proper-name spelling before production.
SMART-I18N-0778,frontend_admin_static,frontend/src/admin/pages/testimonials/TestimonialForm.tsx:80,single,تم تحديث الرأي بنجاح,Testimonial updated successfully,i18n-admin-ui,Proposed English copy for bilingual implementation; review brand/proper-name spelling before production.
SMART-I18N-0779,frontend_admin_static,frontend/src/admin/pages/testimonials/TestimonialForm.tsx:80,single,تم إضافة الرأي بنجاح,Testimonial added successfully,i18n-admin-ui,Proposed English copy for bilingual implementation; review brand/proper-name spelling before production.
SMART-I18N-0780,frontend_admin_static,frontend/src/admin/pages/testimonials/TestimonialForm.tsx:83,single,فشل تحديث الرأي,Failed to update testimonial,i18n-admin-ui,Proposed English copy for bilingual implementation; review brand/proper-name spelling before production.
SMART-I18N-0781,frontend_admin_static,frontend/src/admin/pages/testimonials/TestimonialForm.tsx:83,single,فشل إضافة الرأي,Failed to add testimonial,i18n-admin-ui,Proposed English copy for bilingual implementation; review brand/proper-name spelling before production.
SMART-I18N-0782,frontend_admin_static,frontend/src/admin/pages/testimonials/TestimonialForm.tsx:92,single,تعديل الرأي,Edit Testimonial,i18n-admin-ui,Proposed English copy for bilingual implementation; review brand/proper-name spelling before production.
SMART-I18N-0783,frontend_admin_static,frontend/src/admin/pages/testimonials/TestimonialForm.tsx:92,single,إضافة رأي جديد,Add New Testimonial,i18n-admin-ui,Proposed English copy for bilingual implementation; review brand/proper-name spelling before production.
SMART-I18N-0784,frontend_admin_static,frontend/src/admin/pages/testimonials/TestimonialForm.tsx:97,jsx,معلومات العميل,Client Information,i18n-admin-ui,Proposed English copy for bilingual implementation; review brand/proper-name spelling before production.
SMART-I18N-0785,frontend_admin_static,frontend/src/admin/pages/testimonials/TestimonialForm.tsx:101,jsx,اسم العميل *,Client Name *,i18n-admin-ui,Proposed English copy for bilingual implementation; review brand/proper-name spelling before production.
SMART-I18N-0786,frontend_admin_static,frontend/src/admin/pages/testimonials/TestimonialForm.tsx:106,jsx,المنصب,Position,i18n-admin-ui,Proposed English copy for bilingual implementation; review brand/proper-name spelling before production.
SMART-I18N-0787,frontend_admin_static,frontend/src/admin/pages/testimonials/TestimonialForm.tsx:107,double,مثال: CEO at Company,Example: CEO at Company,i18n-admin-ui,Proposed English copy for bilingual implementation; review brand/proper-name spelling before production.
SMART-I18N-0788,frontend_admin_static,frontend/src/admin/pages/testimonials/TestimonialForm.tsx:112,jsx,اسم الشركة,Company Name,i18n-admin-ui,Proposed English copy for bilingual implementation; review brand/proper-name spelling before production.
SMART-I18N-0789,frontend_admin_static,frontend/src/admin/pages/testimonials/TestimonialForm.tsx:116 | frontend/src/admin/pages/testimonials/TestimonialsList.tsx:64,jsx | single,التقييم,Rating,i18n-admin-ui,Proposed English copy for bilingual implementation; review brand/proper-name spelling before production.
SMART-I18N-0790,frontend_admin_static,frontend/src/admin/pages/testimonials/TestimonialForm.tsx:127,jsx,المحتوى *,Content *,i18n-admin-ui,Proposed English copy for bilingual implementation; review brand/proper-name spelling before production.
SMART-I18N-0791,frontend_admin_static,frontend/src/admin/pages/testimonials/TestimonialForm.tsx:128,double,رأي العميل...,Client testimonial...,i18n-admin-ui,Proposed English copy for bilingual implementation; review brand/proper-name spelling before production.
SMART-I18N-0792,frontend_admin_static,frontend/src/admin/pages/testimonials/TestimonialForm.tsx:136,jsx,صورة العميل,Client Photo,i18n-admin-ui,Proposed English copy for bilingual implementation; review brand/proper-name spelling before production.
SMART-I18N-0793,frontend_admin_static,frontend/src/admin/pages/testimonials/TestimonialForm.tsx:145,jsx,المشروع المرتبط (اختياري),Linked Project (Optional),i18n-admin-ui,Proposed English copy for bilingual implementation; review brand/proper-name spelling before production.
SMART-I18N-0794,frontend_admin_static,frontend/src/admin/pages/testimonials/TestimonialForm.tsx:152,double,اختر مشروع...,Select a project...,i18n-admin-ui,Proposed English copy for bilingual implementation; review brand/proper-name spelling before production.
SMART-I18N-0795,frontend_admin_static,frontend/src/admin/pages/testimonials/TestimonialForm.tsx:155 | frontend/src/admin/pages/testimonials/TestimonialsList.tsx:83,jsx,غير مربوط,Not Linked,i18n-admin-ui,Proposed English copy for bilingual implementation; review brand/proper-name spelling before production.
SMART-I18N-0796,frontend_admin_static,frontend/src/admin/pages/testimonials/TestimonialForm.tsx:167 | frontend/src/admin/pages/testimonials/TestimonialsList.tsx:99,jsx,مميز,Featured,i18n-admin-ui,Proposed English copy for bilingual implementation; review brand/proper-name spelling before production.
SMART-I18N-0797,frontend_admin_static,frontend/src/admin/pages/testimonials/TestimonialForm.tsx:179,single,تحديث الرأي,Update Testimonial,i18n-admin-ui,Proposed English copy for bilingual implementation; review brand/proper-name spelling before production.
SMART-I18N-0798,frontend_admin_static,frontend/src/admin/pages/testimonials/TestimonialForm.tsx:179,single,إضافة الرأي,Add Testimonial,i18n-admin-ui,Proposed English copy for bilingual implementation; review brand/proper-name spelling before production.
SMART-I18N-0799,frontend_admin_static,frontend/src/admin/pages/testimonials/TestimonialsList.tsx:27,single,تم حذف الرأي بنجاح,Testimonial deleted successfully,i18n-admin-ui,Proposed English copy for bilingual implementation; review brand/proper-name spelling before production.
SMART-I18N-0800,frontend_admin_static,frontend/src/admin/pages/testimonials/TestimonialsList.tsx:31,single,فشل حذف الرأي,Failed to delete testimonial,i18n-admin-ui,Proposed English copy for bilingual implementation; review brand/proper-name spelling before production.
SMART-I18N-0801,frontend_admin_static,frontend/src/admin/pages/testimonials/TestimonialsList.tsx:38 | frontend/src/admin/pages/leads/LeadsList.tsx:219,single | double,العميل,Client,i18n-admin-ui,Proposed English copy for bilingual implementation; review brand/proper-name spelling before production.
SMART-I18N-0802,frontend_admin_static,frontend/src/admin/pages/testimonials/TestimonialsList.tsx:75,single,المشروع المرتبط,Linked Project,i18n-admin-ui,Proposed English copy for bilingual implementation; review brand/proper-name spelling before production.
SMART-I18N-0803,frontend_admin_static,frontend/src/admin/pages/testimonials/TestimonialsList.tsx:121,double,فشل تحميل آراء العملاء,Failed to load client testimonials,i18n-admin-ui,Proposed English copy for bilingual implementation; review brand/proper-name spelling before production.
SMART-I18N-0804,frontend_admin_static,frontend/src/admin/pages/testimonials/TestimonialsList.tsx:125 | frontend/src/admin/components/layout/Breadcrumb.tsx:10 | frontend/src/admin/components/layout/Sidebar.tsx:40,double,آراء العملاء,Client Testimonials,i18n-admin-ui,Proposed English copy for bilingual implementation; review brand/proper-name spelling before production.
SMART-I18N-0805,frontend_admin_static,frontend/src/admin/pages/testimonials/TestimonialsList.tsx:125,double,إدارة شهادات وآراء العملاء,Manage client testimonials and reviews,i18n-admin-ui,Proposed English copy for bilingual implementation; review brand/proper-name spelling before production.
SMART-I18N-0806,frontend_admin_static,frontend/src/admin/pages/testimonials/TestimonialsList.tsx:125,double,إضافة رأي,Add Testimonial,i18n-admin-ui,Proposed English copy for bilingual implementation; review brand/proper-name spelling before production.
SMART-I18N-0807,frontend_admin_static,frontend/src/admin/pages/testimonials/TestimonialsList.tsx:126,double,لا توجد آراء,No testimonials found,i18n-admin-ui,Proposed English copy for bilingual implementation; review brand/proper-name spelling before production.
SMART-I18N-0808,frontend_admin_static,frontend/src/admin/pages/testimonials/TestimonialsList.tsx:127,double,حذف الرأي,Delete Testimonial,i18n-admin-ui,Proposed English copy for bilingual implementation; review brand/proper-name spelling before production.
SMART-I18N-0809,frontend_admin_static,frontend/src/admin/pages/testimonials/TestimonialsList.tsx:127,double,هل أنت متأكد من حذف هذا الرأي؟,Are you sure you want to delete this testimonial?,i18n-admin-ui,Proposed English copy for bilingual implementation; review brand/proper-name spelling before production.
SMART-I18N-0810,frontend_admin_static,frontend/src/admin/pages/team/TeamForm.tsx:28,double,المنصب مطلوب,Position is required,i18n-admin-ui,Proposed English copy for bilingual implementation; review brand/proper-name spelling before production.
SMART-I18N-0811,frontend_admin_static,frontend/src/admin/pages/team/TeamForm.tsx:54 | frontend/src/admin/pages/team/TeamList.tsx:15,double | single,الإدارة,Management,i18n-admin-ui,Proposed English copy for bilingual implementation; review brand/proper-name spelling before production.
SMART-I18N-0812,frontend_admin_static,frontend/src/admin/pages/team/TeamForm.tsx:55 | frontend/src/admin/pages/team/TeamList.tsx:16 | frontend/src/admin/pages/technologies/TechnologyForm.tsx:36,double | single,باك إند,Backend,i18n-admin-ui,Proposed English copy for bilingual implementation; review brand/proper-name spelling before production.
SMART-I18N-0813,frontend_admin_static,frontend/src/admin/pages/team/TeamForm.tsx:56 | frontend/src/admin/pages/team/TeamList.tsx:17 | frontend/src/admin/pages/technologies/TechnologyForm.tsx:37,double | single,فرونت إند,Frontend,i18n-admin-ui,Proposed English copy for bilingual implementation; review brand/proper-name spelling before production.
SMART-I18N-0814,frontend_admin_static,frontend/src/admin/pages/team/TeamForm.tsx:57 | frontend/src/admin/pages/team/TeamList.tsx:18 | frontend/src/admin/pages/technologies/TechnologyForm.tsx:38,double | single,موبايل,Mobile,i18n-admin-ui,Proposed English copy for bilingual implementation; review brand/proper-name spelling before production.
SMART-I18N-0815,frontend_admin_static,frontend/src/admin/pages/team/TeamForm.tsx:59 | frontend/src/admin/pages/team/TeamList.tsx:20,double | single,التصميم,Design,i18n-admin-ui,Proposed English copy for bilingual implementation; review brand/proper-name spelling before production.
SMART-I18N-0816,frontend_admin_static,frontend/src/admin/pages/team/TeamForm.tsx:60 | frontend/src/admin/pages/team/TeamList.tsx:21,double | single,ضمان الجودة,Quality Assurance,i18n-admin-ui,Proposed English copy for bilingual implementation; review brand/proper-name spelling before production.
SMART-I18N-0817,frontend_admin_static,frontend/src/admin/pages/team/TeamForm.tsx:61 | frontend/src/admin/pages/team/TeamList.tsx:22,double | single,التسويق,Marketing,i18n-admin-ui,Proposed English copy for bilingual implementation; review brand/proper-name spelling before production.
SMART-I18N-0818,frontend_admin_static,frontend/src/admin/pages/team/TeamForm.tsx:62 | frontend/src/admin/pages/team/TeamList.tsx:23,double | single,الدعم,Support,i18n-admin-ui,Proposed English copy for bilingual implementation; review brand/proper-name spelling before production.
SMART-I18N-0819,frontend_admin_static,frontend/src/admin/pages/team/TeamForm.tsx:139,double,تم تحديث العضو بنجاح,Team member updated successfully,i18n-admin-ui,Proposed English copy for bilingual implementation; review brand/proper-name spelling before production.
SMART-I18N-0820,frontend_admin_static,frontend/src/admin/pages/team/TeamForm.tsx:139,double,تم إضافة العضو بنجاح,Team member added successfully,i18n-admin-ui,Proposed English copy for bilingual implementation; review brand/proper-name spelling before production.
SMART-I18N-0821,frontend_admin_static,frontend/src/admin/pages/team/TeamForm.tsx:143,double,فشل تحديث العضو,Failed to update team member,i18n-admin-ui,Proposed English copy for bilingual implementation; review brand/proper-name spelling before production.
SMART-I18N-0822,frontend_admin_static,frontend/src/admin/pages/team/TeamForm.tsx:143,double,فشل إضافة العضو,Failed to add team member,i18n-admin-ui,Proposed English copy for bilingual implementation; review brand/proper-name spelling before production.
SMART-I18N-0823,frontend_admin_static,frontend/src/admin/pages/team/TeamForm.tsx:153,double,يرجى التأكد من ملء جميع الحقول المطلوبة بشكل صحيح,Please make sure all required fields are filled in correctly,i18n-admin-ui,Proposed English copy for bilingual implementation; review brand/proper-name spelling before production.
SMART-I18N-0824,frontend_admin_static,frontend/src/admin/pages/team/TeamForm.tsx:167,double,تعديل العضو,Edit Team Member,i18n-admin-ui,Proposed English copy for bilingual implementation; review brand/proper-name spelling before production.
SMART-I18N-0825,frontend_admin_static,frontend/src/admin/pages/team/TeamForm.tsx:167,double,إضافة عضو جديد,Add New Team Member,i18n-admin-ui,Proposed English copy for bilingual implementation; review brand/proper-name spelling before production.
SMART-I18N-0826,frontend_admin_static,frontend/src/admin/pages/team/TeamForm.tsx:177,jsx,المعلومات الأساسية,Basic Information,i18n-admin-ui,Proposed English copy for bilingual implementation; review brand/proper-name spelling before production.
SMART-I18N-0827,frontend_admin_static,frontend/src/admin/pages/team/TeamForm.tsx:182,jsx,الاسم الكامل *,Full Name *,i18n-admin-ui,Proposed English copy for bilingual implementation; review brand/proper-name spelling before production.
SMART-I18N-0828,frontend_admin_static,frontend/src/admin/pages/team/TeamForm.tsx:186,double,اسم العضو,Member Name,i18n-admin-ui,Proposed English copy for bilingual implementation; review brand/proper-name spelling before production.
SMART-I18N-0829,frontend_admin_static,frontend/src/admin/pages/team/TeamForm.tsx:196,jsx,المنصب *,Position *,i18n-admin-ui,Proposed English copy for bilingual implementation; review brand/proper-name spelling before production.
SMART-I18N-0830,frontend_admin_static,frontend/src/admin/pages/team/TeamForm.tsx:200,double,مثال: Senior Developer,Example: Senior Developer,i18n-admin-ui,Proposed English copy for bilingual implementation; review brand/proper-name spelling before production.
SMART-I18N-0831,frontend_admin_static,frontend/src/admin/pages/team/TeamForm.tsx:212 | frontend/src/admin/pages/team/TeamList.tsx:80,jsx | single,القسم,Department,i18n-admin-ui,Proposed English copy for bilingual implementation; review brand/proper-name spelling before production.
SMART-I18N-0832,frontend_admin_static,frontend/src/admin/pages/team/TeamForm.tsx:222,double,اختر القسم,Select Department,i18n-admin-ui,Proposed English copy for bilingual implementation; review brand/proper-name spelling before production.
SMART-I18N-0833,frontend_admin_static,frontend/src/admin/pages/team/TeamForm.tsx:263,jsx,السيرة الذاتية,Bio,i18n-admin-ui,Proposed English copy for bilingual implementation; review brand/proper-name spelling before production.
SMART-I18N-0834,frontend_admin_static,frontend/src/admin/pages/team/TeamForm.tsx:267,double,نبذة مختصرة عن العضو,Short bio about the member,i18n-admin-ui,Proposed English copy for bilingual implementation; review brand/proper-name spelling before production.
SMART-I18N-0835,frontend_admin_static,frontend/src/admin/pages/team/TeamForm.tsx:278,double,مثال: مدمن قهوة ☕ أو يشجع ريال مدريد,Example: Coffee addict ☕ or supports Real Madrid,i18n-admin-ui,Proposed English copy for bilingual implementation; review brand/proper-name spelling before production.
SMART-I18N-0836,frontend_admin_static,frontend/src/admin/pages/team/TeamForm.tsx:286,jsx,التخصصات,Specializations,i18n-admin-ui,Proposed English copy for bilingual implementation; review brand/proper-name spelling before production.
SMART-I18N-0837,frontend_admin_static,frontend/src/admin/pages/team/TeamForm.tsx:289,double,أدخل التخصص واضغط Enter,Enter a specialization and press Enter,i18n-admin-ui,Proposed English copy for bilingual implementation; review brand/proper-name spelling before production.
SMART-I18N-0838,frontend_admin_static,frontend/src/admin/pages/team/TeamForm.tsx:334,jsx,روابط التواصل,Social Links,i18n-admin-ui,Proposed English copy for bilingual implementation; review brand/proper-name spelling before production.
SMART-I18N-0839,frontend_admin_static,frontend/src/admin/pages/team/TeamForm.tsx:365,jsx,الموقع الشخصي,Personal Website,i18n-admin-ui,Proposed English copy for bilingual implementation; review brand/proper-name spelling before production.
SMART-I18N-0840,frontend_admin_static,frontend/src/admin/pages/team/TeamForm.tsx:381,jsx,الصورة,Photo,i18n-admin-ui,Proposed English copy for bilingual implementation; review brand/proper-name spelling before production.
SMART-I18N-0841,frontend_admin_static,frontend/src/admin/pages/team/TeamForm.tsx:459,jsx,عدد المشاريع المكتملة,Number of Completed Projects,i18n-admin-ui,Proposed English copy for bilingual implementation; review brand/proper-name spelling before production.
SMART-I18N-0842,frontend_admin_static,frontend/src/admin/pages/team/TeamForm.tsx:469,jsx,تاريخ الانضمام,Join Date,i18n-admin-ui,Proposed English copy for bilingual implementation; review brand/proper-name spelling before production.
SMART-I18N-0843,frontend_admin_static,frontend/src/admin/pages/team/TeamForm.tsx:502,double,تحديث العضو,Update Team Member,i18n-admin-ui,Proposed English copy for bilingual implementation; review brand/proper-name spelling before production.
SMART-I18N-0844,frontend_admin_static,frontend/src/admin/pages/team/TeamForm.tsx:504,double,إضافة العضو,Add Team Member,i18n-admin-ui,Proposed English copy for bilingual implementation; review brand/proper-name spelling before production.
SMART-I18N-0845,frontend_admin_static,frontend/src/admin/pages/team/TeamList.tsx:46,single,تم حذف العضو بنجاح,Team member deleted successfully,i18n-admin-ui,Proposed English copy for bilingual implementation; review brand/proper-name spelling before production.
SMART-I18N-0846,frontend_admin_static,frontend/src/admin/pages/team/TeamList.tsx:50,single,فشل حذف العضو,Failed to delete team member,i18n-admin-ui,Proposed English copy for bilingual implementation; review brand/proper-name spelling before production.
SMART-I18N-0847,frontend_admin_static,frontend/src/admin/pages/team/TeamList.tsx:57,single,العضو,Member,i18n-admin-ui,Proposed English copy for bilingual implementation; review brand/proper-name spelling before production.
SMART-I18N-0848,frontend_admin_static,frontend/src/admin/pages/team/TeamList.tsx:106 | frontend/src/admin/pages/leads/LeadsList.tsx:297,single | double,التواصل,Contact,i18n-admin-ui,Proposed English copy for bilingual implementation; review brand/proper-name spelling before production.
SMART-I18N-0849,frontend_admin_static,frontend/src/admin/pages/team/TeamList.tsx:146,double,فشل تحميل بيانات الفريق,Failed to load team data,i18n-admin-ui,Proposed English copy for bilingual implementation; review brand/proper-name spelling before production.
SMART-I18N-0850,frontend_admin_static,frontend/src/admin/pages/team/TeamList.tsx:152,double,إدارة أعضاء الفريق,Manage Team Members,i18n-admin-ui,Proposed English copy for bilingual implementation; review brand/proper-name spelling before production.
SMART-I18N-0851,frontend_admin_static,frontend/src/admin/pages/team/TeamList.tsx:154,double,إضافة عضو,Add Member,i18n-admin-ui,Proposed English copy for bilingual implementation; review brand/proper-name spelling before production.
SMART-I18N-0852,frontend_admin_static,frontend/src/admin/pages/team/TeamList.tsx:161,double,جميع الأقسام,All Departments,i18n-admin-ui,Proposed English copy for bilingual implementation; review brand/proper-name spelling before production.
SMART-I18N-0853,frontend_admin_static,frontend/src/admin/pages/team/TeamList.tsx:186,double,لا يوجد أعضاء في الفريق,No team members found,i18n-admin-ui,Proposed English copy for bilingual implementation; review brand/proper-name spelling before production.
SMART-I18N-0854,frontend_admin_static,frontend/src/admin/pages/team/TeamList.tsx:192,double,حذف العضو,Delete Team Member,i18n-admin-ui,Proposed English copy for bilingual implementation; review brand/proper-name spelling before production.
SMART-I18N-0855,frontend_admin_static,frontend/src/admin/pages/team/TeamList.tsx:193,double,هل أنت متأكد من حذف هذا العضو من الفريق؟,Are you sure you want to remove this member from the team?,i18n-admin-ui,Proposed English copy for bilingual implementation; review brand/proper-name spelling before production.
SMART-I18N-0856,frontend_admin_static,frontend/src/admin/pages/leads/LeadsList.tsx:37,double,جديد,New,i18n-admin-ui,Proposed English copy for bilingual implementation; review brand/proper-name spelling before production.
SMART-I18N-0857,frontend_admin_static,frontend/src/admin/pages/leads/LeadsList.tsx:42,double,تم التواصل,Contacted,i18n-admin-ui,Proposed English copy for bilingual implementation; review brand/proper-name spelling before production.
SMART-I18N-0858,frontend_admin_static,frontend/src/admin/pages/leads/LeadsList.tsx:47,double,تم إرسال العرض,Proposal Sent,i18n-admin-ui,Proposed English copy for bilingual implementation; review brand/proper-name spelling before production.
SMART-I18N-0859,frontend_admin_static,frontend/src/admin/pages/leads/LeadsList.tsx:52,double,تفاوض,Negotiation,i18n-admin-ui,Proposed English copy for bilingual implementation; review brand/proper-name spelling before production.
SMART-I18N-0860,frontend_admin_static,frontend/src/admin/pages/leads/LeadsList.tsx:57,double,تم الإغلاق - نجاح,Closed - Won,i18n-admin-ui,Proposed English copy for bilingual implementation; review brand/proper-name spelling before production.
SMART-I18N-0861,frontend_admin_static,frontend/src/admin/pages/leads/LeadsList.tsx:62,double,تم الإغلاق - خسارة,Closed - Lost,i18n-admin-ui,Proposed English copy for bilingual implementation; review brand/proper-name spelling before production.
SMART-I18N-0862,frontend_admin_static,frontend/src/admin/pages/leads/LeadsList.tsx:68,double,تطبيق ويب,Web App,i18n-admin-ui,Proposed English copy for bilingual implementation; review brand/proper-name spelling before production.
SMART-I18N-0863,frontend_admin_static,frontend/src/admin/pages/leads/LeadsList.tsx:69,double,تطبيق موبايل,Mobile App,i18n-admin-ui,Proposed English copy for bilingual implementation; review brand/proper-name spelling before production.
SMART-I18N-0864,frontend_admin_static,frontend/src/admin/pages/leads/LeadsList.tsx:70 | frontend/src/admin/pages/technologies/TechnologyForm.tsx:40,double,أتمتة,Automation,i18n-admin-ui,Proposed English copy for bilingual implementation; review brand/proper-name spelling before production.
SMART-I18N-0865,frontend_admin_static,frontend/src/admin/pages/leads/LeadsList.tsx:72,double,متجر إلكتروني,E-Commerce Store,i18n-admin-ui,Proposed English copy for bilingual implementation; review brand/proper-name spelling before production.
SMART-I18N-0866,frontend_admin_static,frontend/src/admin/pages/leads/LeadsList.tsx:73,double,استشارة,Consultation,i18n-admin-ui,Proposed English copy for bilingual implementation; review brand/proper-name spelling before production.
SMART-I18N-0867,frontend_admin_static,frontend/src/admin/pages/leads/LeadsList.tsx:74 | frontend/src/admin/pages/technologies/TechnologyForm.tsx:42,double,أخرى,Other,i18n-admin-ui,Proposed English copy for bilingual implementation; review brand/proper-name spelling before production.
SMART-I18N-0868,frontend_admin_static,frontend/src/admin/pages/leads/LeadsList.tsx:78,double,تواصل عام,General Contact,i18n-admin-ui,Proposed English copy for bilingual implementation; review brand/proper-name spelling before production.
SMART-I18N-0869,frontend_admin_static,frontend/src/admin/pages/leads/LeadsList.tsx:79,double,طلب مشروع,Project Request,i18n-admin-ui,Proposed English copy for bilingual implementation; review brand/proper-name spelling before production.
SMART-I18N-0870,frontend_admin_static,frontend/src/admin/pages/leads/LeadsList.tsx:80,double,طلب باقة,Package Request,i18n-admin-ui,Proposed English copy for bilingual implementation; review brand/proper-name spelling before production.
SMART-I18N-0871,frontend_admin_static,frontend/src/admin/pages/leads/LeadsList.tsx:84,double,منخفضة,Low,i18n-admin-ui,Proposed English copy for bilingual implementation; review brand/proper-name spelling before production.
SMART-I18N-0872,frontend_admin_static,frontend/src/admin/pages/leads/LeadsList.tsx:85 | frontend/src/admin/pages/leads/LeadsList.tsx:270,double,متوسطة,Medium,i18n-admin-ui,Proposed English copy for bilingual implementation; review brand/proper-name spelling before production.
SMART-I18N-0873,frontend_admin_static,frontend/src/admin/pages/leads/LeadsList.tsx:86,double,عالية,High,i18n-admin-ui,Proposed English copy for bilingual implementation; review brand/proper-name spelling before production.
SMART-I18N-0874,frontend_admin_static,frontend/src/admin/pages/leads/LeadsList.tsx:96,double,عاجل,Urgent,i18n-admin-ui,Proposed English copy for bilingual implementation; review brand/proper-name spelling before production.
SMART-I18N-0875,frontend_admin_static,frontend/src/admin/pages/leads/LeadsList.tsx:97,double,خلال شهر,Within One Month,i18n-admin-ui,Proposed English copy for bilingual implementation; review brand/proper-name spelling before production.
SMART-I18N-0876,frontend_admin_static,frontend/src/admin/pages/leads/LeadsList.tsx:98,double,2-3 أشهر,2-3 Months,i18n-admin-ui,Proposed English copy for bilingual implementation; review brand/proper-name spelling before production.
SMART-I18N-0877,frontend_admin_static,frontend/src/admin/pages/leads/LeadsList.tsx:99,double,مرن,Flexible,i18n-admin-ui,Proposed English copy for bilingual implementation; review brand/proper-name spelling before production.
SMART-I18N-0878,frontend_admin_static,frontend/src/admin/pages/leads/LeadsList.tsx:103,double,واتساب,WhatsApp,i18n-admin-ui,Proposed English copy for bilingual implementation; review brand/proper-name spelling before production.
SMART-I18N-0879,frontend_admin_static,frontend/src/admin/pages/leads/LeadsList.tsx:104,double,هاتف,Phone,i18n-admin-ui,Proposed English copy for bilingual implementation; review brand/proper-name spelling before production.
SMART-I18N-0880,frontend_admin_static,frontend/src/admin/pages/leads/LeadsList.tsx:105,double,بريد,Email,i18n-admin-ui,Proposed English copy for bilingual implementation; review brand/proper-name spelling before production.
SMART-I18N-0881,frontend_admin_static,frontend/src/admin/pages/leads/LeadsList.tsx:106,double,اجتماع,Meeting,i18n-admin-ui,Proposed English copy for bilingual implementation; review brand/proper-name spelling before production.
SMART-I18N-0882,frontend_admin_static,frontend/src/admin/pages/leads/LeadsList.tsx:110,double,فكرة أولية,Initial Idea,i18n-admin-ui,Proposed English copy for bilingual implementation; review brand/proper-name spelling before production.
SMART-I18N-0883,frontend_admin_static,frontend/src/admin/pages/leads/LeadsList.tsx:111,double,مشروع قائم,Existing Business,i18n-admin-ui,Proposed English copy for bilingual implementation; review brand/proper-name spelling before production.
SMART-I18N-0884,frontend_admin_static,frontend/src/admin/pages/leads/LeadsList.tsx:112,double,إعادة تصميم,Redesign,i18n-admin-ui,Proposed English copy for bilingual implementation; review brand/proper-name spelling before production.
SMART-I18N-0885,frontend_admin_static,frontend/src/admin/pages/leads/LeadsList.tsx:113,double,توسع,Scaling,i18n-admin-ui,Proposed English copy for bilingual implementation; review brand/proper-name spelling before production.
SMART-I18N-0886,frontend_admin_static,frontend/src/admin/pages/leads/LeadsList.tsx:117,double,فرد,Individual,i18n-admin-ui,Proposed English copy for bilingual implementation; review brand/proper-name spelling before production.
SMART-I18N-0887,frontend_admin_static,frontend/src/admin/pages/leads/LeadsList.tsx:118,double,شركة ناشئة,Startup,i18n-admin-ui,Proposed English copy for bilingual implementation; review brand/proper-name spelling before production.
SMART-I18N-0888,frontend_admin_static,frontend/src/admin/pages/leads/LeadsList.tsx:119,double,مشروع صغير,Small Business,i18n-admin-ui,Proposed English copy for bilingual implementation; review brand/proper-name spelling before production.
SMART-I18N-0889,frontend_admin_static,frontend/src/admin/pages/leads/LeadsList.tsx:120,double,شركة,Company,i18n-admin-ui,Proposed English copy for bilingual implementation; review brand/proper-name spelling before production.
SMART-I18N-0890,frontend_admin_static,frontend/src/admin/pages/leads/LeadsList.tsx:153,double,تم حذف العميل بنجاح,Lead deleted successfully,i18n-admin-ui,Proposed English copy for bilingual implementation; review brand/proper-name spelling before production.
SMART-I18N-0891,frontend_admin_static,frontend/src/admin/pages/leads/LeadsList.tsx:157,double,فشل حذف العميل,Failed to delete lead,i18n-admin-ui,Proposed English copy for bilingual implementation; review brand/proper-name spelling before production.
SMART-I18N-0892,frontend_admin_static,frontend/src/admin/pages/leads/LeadsList.tsx:171,double,تم تحديث بيانات العميل,Lead information updated successfully,i18n-admin-ui,Proposed English copy for bilingual implementation; review brand/proper-name spelling before production.
SMART-I18N-0893,frontend_admin_static,frontend/src/admin/pages/leads/LeadsList.tsx:174,double,فشل تحديث بيانات العميل,Failed to update lead information,i18n-admin-ui,Proposed English copy for bilingual implementation; review brand/proper-name spelling before production.
SMART-I18N-0894,frontend_admin_static,frontend/src/admin/pages/leads/LeadsList.tsx:206,template,تم نسخ ${label},Copied ${label},i18n-admin-ui,Proposed English copy for bilingual implementation; review brand/proper-name spelling before production.
SMART-I18N-0895,frontend_admin_static,frontend/src/admin/pages/leads/LeadsList.tsx:246,double,النوع,Type,i18n-admin-ui,Proposed English copy for bilingual implementation; review brand/proper-name spelling before production.
SMART-I18N-0896,frontend_admin_static,frontend/src/admin/pages/leads/LeadsList.tsx:264 | frontend/src/admin/pages/leads/LeadsList.tsx:689,double,الأولوية,Priority,i18n-admin-ui,Proposed English copy for bilingual implementation; review brand/proper-name spelling before production.
SMART-I18N-0897,frontend_admin_static,frontend/src/admin/pages/leads/LeadsList.tsx:276,double,الخدمة,Service,i18n-admin-ui,Proposed English copy for bilingual implementation; review brand/proper-name spelling before production.
SMART-I18N-0898,frontend_admin_static,frontend/src/admin/pages/leads/LeadsList.tsx:288,double,المدة,Timeline,i18n-admin-ui,Proposed English copy for bilingual implementation; review brand/proper-name spelling before production.
SMART-I18N-0899,frontend_admin_static,frontend/src/admin/pages/leads/LeadsList.tsx:367,double,فشل تحميل بيانات العملاء,Failed to load lead data,i18n-admin-ui,Proposed English copy for bilingual implementation; review brand/proper-name spelling before production.
SMART-I18N-0900,frontend_admin_static,frontend/src/admin/pages/leads/LeadsList.tsx:373,double,إدارة طلبات العملاء والتواصل معهم,Manage customer requests and communications,i18n-admin-ui,Proposed English copy for bilingual implementation; review brand/proper-name spelling before production.
SMART-I18N-0901,frontend_admin_static,frontend/src/admin/pages/leads/LeadsList.tsx:380 | frontend/src/admin/pages/faqs/FAQsList.tsx:48 | frontend/src/admin/components/layout/Header.tsx:40,double,بحث...,Search...,i18n-admin-ui,Proposed English copy for bilingual implementation; review brand/proper-name spelling before production.
SMART-I18N-0902,frontend_admin_static,frontend/src/admin/pages/leads/LeadsList.tsx:388,double,جميع الأنواع,All Types,i18n-admin-ui,Proposed English copy for bilingual implementation; review brand/proper-name spelling before production.
SMART-I18N-0903,frontend_admin_static,frontend/src/admin/pages/leads/LeadsList.tsx:404,double,جميع الحالات,All Statuses,i18n-admin-ui,Proposed English copy for bilingual implementation; review brand/proper-name spelling before production.
SMART-I18N-0904,frontend_admin_static,frontend/src/admin/pages/leads/LeadsList.tsx:420,double,جميع الخدمات,All Services,i18n-admin-ui,Proposed English copy for bilingual implementation; review brand/proper-name spelling before production.
SMART-I18N-0905,frontend_admin_static,frontend/src/admin/pages/leads/LeadsList.tsx:436,double,جميع الأولويات,All Priorities,i18n-admin-ui,Proposed English copy for bilingual implementation; review brand/proper-name spelling before production.
SMART-I18N-0906,frontend_admin_static,frontend/src/admin/pages/leads/LeadsList.tsx:457,double,لا يوجد عملاء محتملين,No leads found,i18n-admin-ui,Proposed English copy for bilingual implementation; review brand/proper-name spelling before production.
SMART-I18N-0907,frontend_admin_static,frontend/src/admin/pages/leads/LeadsList.tsx:464,jsx,تفاصيل العميل,Lead Details,i18n-admin-ui,Proposed English copy for bilingual implementation; review brand/proper-name spelling before production.
SMART-I18N-0908,frontend_admin_static,frontend/src/admin/pages/leads/LeadsList.tsx:475,jsx,الاسم,Name,i18n-admin-ui,Proposed English copy for bilingual implementation; review brand/proper-name spelling before production.
SMART-I18N-0909,frontend_admin_static,frontend/src/admin/pages/leads/LeadsList.tsx:479,jsx,الشركة,Company,i18n-admin-ui,Proposed English copy for bilingual implementation; review brand/proper-name spelling before production.
SMART-I18N-0910,frontend_admin_static,frontend/src/admin/pages/leads/LeadsList.tsx:487 | frontend/src/admin/pages/leads/LeadsList.tsx:679,double,البريد,Email,i18n-admin-ui,Proposed English copy for bilingual implementation; review brand/proper-name spelling before production.
SMART-I18N-0911,frontend_admin_static,frontend/src/admin/pages/leads/LeadsList.tsx:495 | frontend/src/admin/pages/leads/LeadsList.tsx:501,jsx | double,الهاتف,Phone,i18n-admin-ui,Proposed English copy for bilingual implementation; review brand/proper-name spelling before production.
SMART-I18N-0912,frontend_admin_static,frontend/src/admin/pages/leads/LeadsList.tsx:518,jsx,حجم الشركة,Company Size,i18n-admin-ui,Proposed English copy for bilingual implementation; review brand/proper-name spelling before production.
SMART-I18N-0913,frontend_admin_static,frontend/src/admin/pages/leads/LeadsList.tsx:536,jsx,مرحلة المشروع,Project Stage,i18n-admin-ui,Proposed English copy for bilingual implementation; review brand/proper-name spelling before production.
SMART-I18N-0914,frontend_admin_static,frontend/src/admin/pages/leads/LeadsList.tsx:544,jsx,هدف المشروع,Project Goal,i18n-admin-ui,Proposed English copy for bilingual implementation; review brand/proper-name spelling before production.
SMART-I18N-0915,frontend_admin_static,frontend/src/admin/pages/leads/LeadsList.tsx:550,jsx,الموقع الحالي,Current Website,i18n-admin-ui,Proposed English copy for bilingual implementation; review brand/proper-name spelling before production.
SMART-I18N-0916,frontend_admin_static,frontend/src/admin/pages/leads/LeadsList.tsx:556,jsx,الهوية البصرية,Brand Identity,i18n-admin-ui,Proposed English copy for bilingual implementation; review brand/proper-name spelling before production.
SMART-I18N-0917,frontend_admin_static,frontend/src/admin/pages/leads/LeadsList.tsx:557,double,متوفرة,Available,i18n-admin-ui,Proposed English copy for bilingual implementation; review brand/proper-name spelling before production.
SMART-I18N-0918,frontend_admin_static,frontend/src/admin/pages/leads/LeadsList.tsx:557,double,غير متوفرة,Not Available,i18n-admin-ui,Proposed English copy for bilingual implementation; review brand/proper-name spelling before production.
SMART-I18N-0919,frontend_admin_static,frontend/src/admin/pages/leads/LeadsList.tsx:557,jsx,"{selectedLead.hasBrandIdentity ? ""متوفرة"" : ""غير متوفرة""}","{selectedLead.hasBrandIdentity ? ""Available"" : ""Not Available""}",i18n-admin-ui,Proposed English copy for bilingual implementation; review brand/proper-name spelling before production.
SMART-I18N-0920,frontend_admin_static,frontend/src/admin/pages/leads/LeadsList.tsx:563,double,جاهز,Ready,i18n-admin-ui,Proposed English copy for bilingual implementation; review brand/proper-name spelling before production.
SMART-I18N-0921,frontend_admin_static,frontend/src/admin/pages/leads/LeadsList.tsx:563,double,غير جاهز,Not Ready,i18n-admin-ui,Proposed English copy for bilingual implementation; review brand/proper-name spelling before production.
SMART-I18N-0922,frontend_admin_static,frontend/src/admin/pages/leads/LeadsList.tsx:563,jsx,"{selectedLead.hasContentReady ? ""جاهز"" : ""غير جاهز""}","{selectedLead.hasContentReady ? ""Ready"" : ""Not Ready""}",i18n-admin-ui,Proposed English copy for bilingual implementation; review brand/proper-name spelling before production.
SMART-I18N-0923,frontend_admin_static,frontend/src/admin/pages/leads/LeadsList.tsx:577,jsx,الميزانية,Budget,i18n-admin-ui,Proposed English copy for bilingual implementation; review brand/proper-name spelling before production.
SMART-I18N-0924,frontend_admin_static,frontend/src/admin/pages/leads/LeadsList.tsx:582,jsx,المدة المتوقعة,Expected Timeline,i18n-admin-ui,Proposed English copy for bilingual implementation; review brand/proper-name spelling before production.
SMART-I18N-0925,frontend_admin_static,frontend/src/admin/pages/leads/LeadsList.tsx:590,jsx,تاريخ الإطلاق المتوقع,Expected Launch Date,i18n-admin-ui,Proposed English copy for bilingual implementation; review brand/proper-name spelling before production.
SMART-I18N-0926,frontend_admin_static,frontend/src/admin/pages/leads/LeadsList.tsx:605,jsx,الطريقة,Method,i18n-admin-ui,Proposed English copy for bilingual implementation; review brand/proper-name spelling before production.
SMART-I18N-0927,frontend_admin_static,frontend/src/admin/pages/leads/LeadsList.tsx:613,jsx,وقت الاجتماع المفضل,Preferred Meeting Time,i18n-admin-ui,Proposed English copy for bilingual implementation; review brand/proper-name spelling before production.
SMART-I18N-0928,frontend_admin_static,frontend/src/admin/pages/leads/LeadsList.tsx:619,jsx,سبب التواصل,Contact Reason,i18n-admin-ui,Proposed English copy for bilingual implementation; review brand/proper-name spelling before production.
SMART-I18N-0929,frontend_admin_static,frontend/src/admin/pages/leads/LeadsList.tsx:637,double,نعم,Yes,i18n-admin-ui,Proposed English copy for bilingual implementation; review brand/proper-name spelling before production.
SMART-I18N-0930,frontend_admin_static,frontend/src/admin/pages/leads/LeadsList.tsx:637,double,لا,No,i18n-admin-ui,Proposed English copy for bilingual implementation; review brand/proper-name spelling before production.
SMART-I18N-0931,frontend_admin_static,frontend/src/admin/pages/leads/LeadsList.tsx:648,jsx,الرسالة,Message,i18n-admin-ui,Proposed English copy for bilingual implementation; review brand/proper-name spelling before production.
SMART-I18N-0932,frontend_admin_static,frontend/src/admin/pages/leads/LeadsList.tsx:655,jsx,ملاحظات,Notes,i18n-admin-ui,Proposed English copy for bilingual implementation; review brand/proper-name spelling before production.
SMART-I18N-0933,frontend_admin_static,frontend/src/admin/pages/leads/LeadsList.tsx:660,double,أضف ملاحظات...,Add notes...,i18n-admin-ui,Proposed English copy for bilingual implementation; review brand/proper-name spelling before production.
SMART-I18N-0934,frontend_admin_static,frontend/src/admin/pages/leads/LeadsList.tsx:725,double,حذف العميل,Delete Lead,i18n-admin-ui,Proposed English copy for bilingual implementation; review brand/proper-name spelling before production.
SMART-I18N-0935,frontend_admin_static,frontend/src/admin/pages/leads/LeadsList.tsx:726,double,هل أنت متأكد من حذف بيانات هذا العميل؟,Are you sure you want to delete this lead’s data?,i18n-admin-ui,Proposed English copy for bilingual implementation; review brand/proper-name spelling before production.
SMART-I18N-0936,frontend_admin_static,frontend/src/admin/pages/technologies/TechnologiesList.tsx:27,double,تم حذف التقنية بنجاح,Technology deleted successfully,i18n-admin-ui,Proposed English copy for bilingual implementation; review brand/proper-name spelling before production.
SMART-I18N-0937,frontend_admin_static,frontend/src/admin/pages/technologies/TechnologiesList.tsx:30,double,فشل حذف التقنية,Failed to delete technology,i18n-admin-ui,Proposed English copy for bilingual implementation; review brand/proper-name spelling before production.
SMART-I18N-0938,frontend_admin_static,frontend/src/admin/pages/technologies/TechnologiesList.tsx:41,double,فشل تحميل التقنيات,Failed to load technologies,i18n-admin-ui,Proposed English copy for bilingual implementation; review brand/proper-name spelling before production.
SMART-I18N-0939,frontend_admin_static,frontend/src/admin/pages/technologies/TechnologiesList.tsx:46 | frontend/src/admin/components/layout/Breadcrumb.tsx:11 | frontend/src/admin/components/layout/Sidebar.tsx:43,double,التقنيات,Technologies,i18n-admin-ui,Proposed English copy for bilingual implementation; review brand/proper-name spelling before production.
SMART-I18N-0940,frontend_admin_static,frontend/src/admin/pages/technologies/TechnologiesList.tsx:47,double,إدارة التقنيات المستخدمة في المشاريع,Manage technologies used in projects,i18n-admin-ui,Proposed English copy for bilingual implementation; review brand/proper-name spelling before production.
SMART-I18N-0941,frontend_admin_static,frontend/src/admin/pages/technologies/TechnologiesList.tsx:49 | frontend/src/admin/pages/technologies/TechnologiesList.tsx:64,double,إضافة تقنية,Add Technology,i18n-admin-ui,Proposed English copy for bilingual implementation; review brand/proper-name spelling before production.
SMART-I18N-0942,frontend_admin_static,frontend/src/admin/pages/technologies/TechnologiesList.tsx:64,double,لا توجد تقنيات,No technologies found,i18n-admin-ui,Proposed English copy for bilingual implementation; review brand/proper-name spelling before production.
SMART-I18N-0943,frontend_admin_static,frontend/src/admin/pages/technologies/TechnologiesList.tsx:64,double,ابدأ بإضافة تقنية جديدة,Start by adding a new technology,i18n-admin-ui,Proposed English copy for bilingual implementation; review brand/proper-name spelling before production.
SMART-I18N-0944,frontend_admin_static,frontend/src/admin/pages/technologies/TechnologiesList.tsx:143,double,حذف التقنية,Delete Technology,i18n-admin-ui,Proposed English copy for bilingual implementation; review brand/proper-name spelling before production.
SMART-I18N-0945,frontend_admin_static,frontend/src/admin/pages/technologies/TechnologiesList.tsx:144,double,هل أنت متأكد من حذف هذه التقنية؟,Are you sure you want to delete this technology?,i18n-admin-ui,Proposed English copy for bilingual implementation; review brand/proper-name spelling before production.
SMART-I18N-0946,frontend_admin_static,frontend/src/admin/pages/technologies/TechnologyForm.tsx:41,double,قواعد البيانات,Databases,i18n-admin-ui,Proposed English copy for bilingual implementation; review brand/proper-name spelling before production.
SMART-I18N-0947,frontend_admin_static,frontend/src/admin/pages/technologies/TechnologyForm.tsx:94,double,تم تحديث التقنية,Technology updated successfully,i18n-admin-ui,Proposed English copy for bilingual implementation; review brand/proper-name spelling before production.
SMART-I18N-0948,frontend_admin_static,frontend/src/admin/pages/technologies/TechnologyForm.tsx:94,double,تم إضافة التقنية,Technology added successfully,i18n-admin-ui,Proposed English copy for bilingual implementation; review brand/proper-name spelling before production.
SMART-I18N-0949,frontend_admin_static,frontend/src/admin/pages/technologies/TechnologyForm.tsx:98,double,حدث خطأ,An Error Occurred,i18n-admin-ui,Proposed English copy for bilingual implementation; review brand/proper-name spelling before production.
SMART-I18N-0950,frontend_admin_static,frontend/src/admin/pages/technologies/TechnologyForm.tsx:105,template,"${isEdit ? ""فشل التحديث"" : ""فشل الإضافة""}: ${errorMessage}","${isEdit ? ""Update failed"" : ""Add failed""}: ${errorMessage}",i18n-admin-ui,Proposed English copy for bilingual implementation; review brand/proper-name spelling before production.
SMART-I18N-0951,frontend_admin_static,frontend/src/admin/pages/technologies/TechnologyForm.tsx:120,double,تعديل التقنية,Edit Technology,i18n-admin-ui,Proposed English copy for bilingual implementation; review brand/proper-name spelling before production.
SMART-I18N-0952,frontend_admin_static,frontend/src/admin/pages/technologies/TechnologyForm.tsx:120,double,إضافة تقنية جديدة,Add New Technology,i18n-admin-ui,Proposed English copy for bilingual implementation; review brand/proper-name spelling before production.
SMART-I18N-0953,frontend_admin_static,frontend/src/admin/pages/technologies/TechnologyForm.tsx:130,double,يرجى إصلاح الأخطاء في النموذج,Please fix the errors in the form,i18n-admin-ui,Proposed English copy for bilingual implementation; review brand/proper-name spelling before production.
SMART-I18N-0954,frontend_admin_static,frontend/src/admin/pages/technologies/TechnologyForm.tsx:151,double,مثال: React,Example: React,i18n-admin-ui,Proposed English copy for bilingual implementation; review brand/proper-name spelling before production.
SMART-I18N-0955,frontend_admin_static,frontend/src/admin/pages/technologies/TechnologyForm.tsx:178,double,اختر التصنيف,Select Category,i18n-admin-ui,Proposed English copy for bilingual implementation; review brand/proper-name spelling before production.
SMART-I18N-0956,frontend_admin_static,frontend/src/admin/pages/technologies/TechnologyForm.tsx:212,double,وصف مختصر للتقنية,Short description of the technology,i18n-admin-ui,Proposed English copy for bilingual implementation; review brand/proper-name spelling before production.
SMART-I18N-0957,frontend_admin_static,frontend/src/admin/pages/technologies/TechnologyForm.tsx:223,double,تلميح قصير يظهر عند hover للعملاء غير التقنيين,A short tooltip shown on hover for non-technical clients,i18n-admin-ui,Proposed English copy for bilingual implementation; review brand/proper-name spelling before production.
SMART-I18N-0958,frontend_admin_static,frontend/src/admin/pages/projects/ProjectForm.tsx:34,double,الملخص مطلوب,Summary is required,i18n-admin-ui,Proposed English copy for bilingual implementation; review brand/proper-name spelling before production.
SMART-I18N-0959,frontend_admin_static,frontend/src/admin/pages/projects/ProjectForm.tsx:247,double,تم تحديث المشروع بنجاح,Project updated successfully,i18n-admin-ui,Proposed English copy for bilingual implementation; review brand/proper-name spelling before production.
SMART-I18N-0960,frontend_admin_static,frontend/src/admin/pages/projects/ProjectForm.tsx:247,double,تم إنشاء المشروع بنجاح,Project created successfully,i18n-admin-ui,Proposed English copy for bilingual implementation; review brand/proper-name spelling before production.
SMART-I18N-0961,frontend_admin_static,frontend/src/admin/pages/projects/ProjectForm.tsx:252,double,فشل تحديث المشروع,Failed to update project,i18n-admin-ui,Proposed English copy for bilingual implementation; review brand/proper-name spelling before production.
SMART-I18N-0962,frontend_admin_static,frontend/src/admin/pages/projects/ProjectForm.tsx:252,double,فشل إنشاء المشروع,Failed to create project,i18n-admin-ui,Proposed English copy for bilingual implementation; review brand/proper-name spelling before production.
SMART-I18N-0963,frontend_admin_static,frontend/src/admin/pages/projects/ProjectForm.tsx:282,double,يرجى تصحيح الأخطاء في النموذج,Please correct the errors in the form,i18n-admin-ui,Proposed English copy for bilingual implementation; review brand/proper-name spelling before production.
SMART-I18N-0964,frontend_admin_static,frontend/src/admin/pages/projects/ProjectForm.tsx:296,double,تعديل المشروع,Edit Project,i18n-admin-ui,Proposed English copy for bilingual implementation; review brand/proper-name spelling before production.
SMART-I18N-0965,frontend_admin_static,frontend/src/admin/pages/projects/ProjectForm.tsx:359,double,اسم المشروع,Project Name,i18n-admin-ui,Proposed English copy for bilingual implementation; review brand/proper-name spelling before production.
SMART-I18N-0966,frontend_admin_static,frontend/src/admin/pages/projects/ProjectForm.tsx:394,double,وصف مختصر للمشروع,Short project description,i18n-admin-ui,Proposed English copy for bilingual implementation; review brand/proper-name spelling before production.
SMART-I18N-0967,frontend_admin_static,frontend/src/admin/pages/projects/ProjectForm.tsx:437,jsx,لا توجد تصنيفات معرفة بعد,No categories have been defined yet,i18n-admin-ui,Proposed English copy for bilingual implementation; review brand/proper-name spelling before production.
SMART-I18N-0968,frontend_admin_static,frontend/src/admin/pages/projects/ProjectForm.tsx:457,double,اسم العميل,Client Name,i18n-admin-ui,Proposed English copy for bilingual implementation; review brand/proper-name spelling before production.
SMART-I18N-0969,frontend_admin_static,frontend/src/admin/pages/projects/ProjectForm.tsx:494,jsx,المختارة:,Selected:,i18n-admin-ui,Proposed English copy for bilingual implementation; review brand/proper-name spelling before production.
SMART-I18N-0970,frontend_admin_static,frontend/src/admin/pages/projects/ProjectForm.tsx:608,double,ما هو التحدي الذي واجه العميل؟,What challenge did the client face?,i18n-admin-ui,Proposed English copy for bilingual implementation; review brand/proper-name spelling before production.
SMART-I18N-0971,frontend_admin_static,frontend/src/admin/pages/projects/ProjectForm.tsx:620,double,كيف تم حل المشكلة؟,How was the problem solved?,i18n-admin-ui,Proposed English copy for bilingual implementation; review brand/proper-name spelling before production.
SMART-I18N-0972,frontend_admin_static,frontend/src/admin/pages/projects/ProjectForm.tsx:652,double,العنوان (مثال: توحيد دورة العمل),Title (example: Unified Workflow),i18n-admin-ui,Proposed English copy for bilingual implementation; review brand/proper-name spelling before production.
SMART-I18N-0973,frontend_admin_static,frontend/src/admin/pages/projects/ProjectForm.tsx:658,double,الوصف (مثال: من البلاغ العام إلى طلب الصيانة ثم الإغلاق داخل منصة واحدة),Description (example: From the initial report to the maintenance request and closure within one platform),i18n-admin-ui,Proposed English copy for bilingual implementation; review brand/proper-name spelling before production.
SMART-I18N-0974,frontend_admin_static,frontend/src/admin/pages/projects/ProjectForm.tsx:704,double,أدخل الميزة ثم Enter للميزة التالية,"Enter a feature, then press Enter for the next one",i18n-admin-ui,Proposed English copy for bilingual implementation; review brand/proper-name spelling before production.
SMART-I18N-0975,frontend_admin_static,frontend/src/admin/pages/projects/ProjectForm.tsx:870,double,تعليم، تجارة إلكترونية، خدمات...,"Education, e-commerce, services...",i18n-admin-ui,Proposed English copy for bilingual implementation; review brand/proper-name spelling before production.
SMART-I18N-0976,frontend_admin_static,frontend/src/admin/pages/projects/ProjectForm.tsx:895,double,45 يوم، 3 أشهر، 6 أسابيع...,"45 days, 3 months, 6 weeks...",i18n-admin-ui,Proposed English copy for bilingual implementation; review brand/proper-name spelling before production.
SMART-I18N-0977,frontend_admin_static,frontend/src/admin/pages/projects/ProjectForm.tsx:920,jsx,القيمة,Value,i18n-admin-ui,Proposed English copy for bilingual implementation; review brand/proper-name spelling before production.
SMART-I18N-0978,frontend_admin_static,frontend/src/admin/pages/projects/ProjectForm.tsx:933,double,شاشة,Screen,i18n-admin-ui,Proposed English copy for bilingual implementation; review brand/proper-name spelling before production.
SMART-I18N-0979,frontend_admin_static,frontend/src/admin/pages/projects/ProjectForm.tsx:938,jsx,الوصف (اختياري),Description (optional),i18n-admin-ui,Proposed English copy for bilingual implementation; review brand/proper-name spelling before production.
SMART-I18N-0980,frontend_admin_static,frontend/src/admin/pages/projects/ProjectForm.tsx:942,double,عدد الشاشات المصممة والمطورة,Number of screens designed and developed,i18n-admin-ui,Proposed English copy for bilingual implementation; review brand/proper-name spelling before production.
SMART-I18N-0981,frontend_admin_static,frontend/src/admin/pages/projects/ProjectForm.tsx:990,double,عنوان صفحة المشروع,Project Page Title,i18n-admin-ui,Proposed English copy for bilingual implementation; review brand/proper-name spelling before production.
SMART-I18N-0982,frontend_admin_static,frontend/src/admin/pages/projects/ProjectForm.tsx:1002,double,وصف للظهور في نتائج البحث,Description for search results,i18n-admin-ui,Proposed English copy for bilingual implementation; review brand/proper-name spelling before production.
SMART-I18N-0983,frontend_admin_static,frontend/src/admin/pages/projects/ProjectForm.tsx:1013,double,أدخل الكلمات مفصولة بفواصل,Enter keywords separated by commas,i18n-admin-ui,Proposed English copy for bilingual implementation; review brand/proper-name spelling before production.
SMART-I18N-0984,frontend_admin_static,frontend/src/admin/pages/projects/ProjectForm.tsx:1082,double,تحديث المشروع,Update Project,i18n-admin-ui,Proposed English copy for bilingual implementation; review brand/proper-name spelling before production.
SMART-I18N-0985,frontend_admin_static,frontend/src/admin/pages/projects/ProjectForm.tsx:1084,double,إنشاء المشروع,Create Project,i18n-admin-ui,Proposed English copy for bilingual implementation; review brand/proper-name spelling before production.
SMART-I18N-0986,frontend_admin_static,frontend/src/admin/pages/projects/ProjectsList.tsx:48,single,تم حذف المشروع بنجاح,Project deleted successfully,i18n-admin-ui,Proposed English copy for bilingual implementation; review brand/proper-name spelling before production.
SMART-I18N-0987,frontend_admin_static,frontend/src/admin/pages/projects/ProjectsList.tsx:52,single,فشل حذف المشروع,Failed to delete project,i18n-admin-ui,Proposed English copy for bilingual implementation; review brand/proper-name spelling before production.
SMART-I18N-0988,frontend_admin_static,frontend/src/admin/pages/projects/ProjectsList.tsx:61,single,تم تحديث حالة التمييز,Featured status updated,i18n-admin-ui,Proposed English copy for bilingual implementation; review brand/proper-name spelling before production.
SMART-I18N-0989,frontend_admin_static,frontend/src/admin/pages/projects/ProjectsList.tsx:64,single,فشل تحديث حالة التمييز,Failed to update featured status,i18n-admin-ui,Proposed English copy for bilingual implementation; review brand/proper-name spelling before production.
SMART-I18N-0990,frontend_admin_static,frontend/src/admin/pages/projects/ProjectsList.tsx:73,single,تم تحديث حالة النشر,Publishing status updated,i18n-admin-ui,Proposed English copy for bilingual implementation; review brand/proper-name spelling before production.
SMART-I18N-0991,frontend_admin_static,frontend/src/admin/pages/projects/ProjectsList.tsx:76,single,فشل تحديث حالة النشر,Failed to update publishing status,i18n-admin-ui,Proposed English copy for bilingual implementation; review brand/proper-name spelling before production.
SMART-I18N-0992,frontend_admin_static,frontend/src/admin/pages/projects/ProjectsList.tsx:83,single,المشروع,Project,i18n-admin-ui,Proposed English copy for bilingual implementation; review brand/proper-name spelling before production.
SMART-I18N-0993,frontend_admin_static,frontend/src/admin/pages/projects/ProjectsList.tsx:130,single,الترتيب,Order,i18n-admin-ui,Proposed English copy for bilingual implementation; review brand/proper-name spelling before production.
SMART-I18N-0994,frontend_admin_static,frontend/src/admin/pages/projects/ProjectsList.tsx:159,single,آخر تحديث,Last Updated,i18n-admin-ui,Proposed English copy for bilingual implementation; review brand/proper-name spelling before production.
SMART-I18N-0995,frontend_admin_static,frontend/src/admin/pages/projects/ProjectsList.tsx:172,double,عرض,View,i18n-admin-ui,Proposed English copy for bilingual implementation; review brand/proper-name spelling before production.
SMART-I18N-0996,frontend_admin_static,frontend/src/admin/pages/projects/ProjectsList.tsx:181,single,إلغاء التمييز,Remove Featured Status,i18n-admin-ui,Proposed English copy for bilingual implementation; review brand/proper-name spelling before production.
SMART-I18N-0997,frontend_admin_static,frontend/src/admin/pages/projects/ProjectsList.tsx:181,single,تعيين كمميز,Mark as Featured,i18n-admin-ui,Proposed English copy for bilingual implementation; review brand/proper-name spelling before production.
SMART-I18N-0998,frontend_admin_static,frontend/src/admin/pages/projects/ProjectsList.tsx:190,single,إخفاء,Hide,i18n-admin-ui,Proposed English copy for bilingual implementation; review brand/proper-name spelling before production.
SMART-I18N-0999,frontend_admin_static,frontend/src/admin/pages/projects/ProjectsList.tsx:190,single,نشر,Publish,i18n-admin-ui,Proposed English copy for bilingual implementation; review brand/proper-name spelling before production.
SMART-I18N-1000,frontend_admin_static,frontend/src/admin/pages/projects/ProjectsList.tsx:195 | frontend/src/admin/components/layout/Breadcrumb.tsx:15,double,تعديل,Edit,i18n-admin-ui,Proposed English copy for bilingual implementation; review brand/proper-name spelling before production.
SMART-I18N-1001,frontend_admin_static,frontend/src/admin/pages/projects/ProjectsList.tsx:214,double,فشل تحميل المشاريع,Failed to load projects,i18n-admin-ui,Proposed English copy for bilingual implementation; review brand/proper-name spelling before production.
SMART-I18N-1002,frontend_admin_static,frontend/src/admin/pages/projects/ProjectsList.tsx:220,double,إدارة مشاريع الشركة,Manage company projects,i18n-admin-ui,Proposed English copy for bilingual implementation; review brand/proper-name spelling before production.
SMART-I18N-1003,frontend_admin_static,frontend/src/admin/pages/projects/ProjectsList.tsx:222,double,إضافة مشروع,Add Project,i18n-admin-ui,Proposed English copy for bilingual implementation; review brand/proper-name spelling before production.
SMART-I18N-1004,frontend_admin_static,frontend/src/admin/pages/projects/ProjectsList.tsx:228,double,بحث في المشاريع...,Search projects...,i18n-admin-ui,Proposed English copy for bilingual implementation; review brand/proper-name spelling before production.
SMART-I18N-1005,frontend_admin_static,frontend/src/admin/pages/projects/ProjectsList.tsx:237 | frontend/src/admin/pages/faqs/FAQsList.tsx:50 | frontend/src/admin/pages/faqs/FAQsList.tsx:52,double | jsx,جميع التصنيفات,All Categories,i18n-admin-ui,Proposed English copy for bilingual implementation; review brand/proper-name spelling before production.
SMART-I18N-1006,frontend_admin_static,frontend/src/admin/pages/projects/ProjectsList.tsx:257,double,حالة النشر,Publishing Status,i18n-admin-ui,Proposed English copy for bilingual implementation; review brand/proper-name spelling before production.
SMART-I18N-1007,frontend_admin_static,frontend/src/admin/pages/projects/ProjectsList.tsx:274,double,المميز,Featured,i18n-admin-ui,Proposed English copy for bilingual implementation; review brand/proper-name spelling before production.
SMART-I18N-1008,frontend_admin_static,frontend/src/admin/pages/projects/ProjectsList.tsx:296,double,لا توجد مشاريع,No Projects Found,i18n-admin-ui,Proposed English copy for bilingual implementation; review brand/proper-name spelling before production.
SMART-I18N-1009,frontend_admin_static,frontend/src/admin/pages/projects/ProjectsList.tsx:302,double,حذف المشروع,Delete Project,i18n-admin-ui,Proposed English copy for bilingual implementation; review brand/proper-name spelling before production.
SMART-I18N-1010,frontend_admin_static,frontend/src/admin/pages/projects/ProjectsList.tsx:303,double,هل أنت متأكد من حذف هذا المشروع؟ هذا الإجراء لا يمكن التراجع عنه.,Are you sure you want to delete this project? This action cannot be undone.,i18n-admin-ui,Proposed English copy for bilingual implementation; review brand/proper-name spelling before production.
SMART-I18N-1011,frontend_admin_static,frontend/src/admin/pages/company-info/CompanyInfoForm.tsx:19 | frontend/src/admin/pages/company-info/CompanyInfoForm.tsx:29 | frontend/src/admin/pages/company-info/CompanyInfoForm.tsx:35 | frontend/src/admin/pages/company-info/CompanyInfoForm.tsx:40 | frontend/src/admin/pages/company-info/CompanyInfoForm.tsx:45 | frontend/src/admin/pages/company-info/CompanyInfoForm.tsx:50,double,يرجى إدخال رابط صحيح,Please enter a valid URL,i18n-admin-ui,Proposed English copy for bilingual implementation; review brand/proper-name spelling before production.
SMART-I18N-1012,frontend_admin_static,frontend/src/admin/pages/company-info/CompanyInfoForm.tsx:20,double,رابط Google Maps مطلوب,Google Maps URL is required,i18n-admin-ui,Proposed English copy for bilingual implementation; review brand/proper-name spelling before production.
SMART-I18N-1013,frontend_admin_static,frontend/src/admin/pages/company-info/CompanyInfoForm.tsx:21,double,أوقات الدوام مطلوبة,Working hours are required,i18n-admin-ui,Proposed English copy for bilingual implementation; review brand/proper-name spelling before production.
SMART-I18N-1014,frontend_admin_static,frontend/src/admin/pages/company-info/CompanyInfoForm.tsx:24,double,يرجى إدخال بريد إلكتروني صحيح,Please enter a valid email address,i18n-admin-ui,Proposed English copy for bilingual implementation; review brand/proper-name spelling before production.
SMART-I18N-1015,frontend_admin_static,frontend/src/admin/pages/company-info/CompanyInfoForm.tsx:25,double,البريد الإلكتروني مطلوب,Email address is required,i18n-admin-ui,Proposed English copy for bilingual implementation; review brand/proper-name spelling before production.
SMART-I18N-1016,frontend_admin_static,frontend/src/admin/pages/company-info/CompanyInfoForm.tsx:26,double,رقم الهاتف مطلوب,Phone number is required,i18n-admin-ui,Proposed English copy for bilingual implementation; review brand/proper-name spelling before production.
SMART-I18N-1017,frontend_admin_static,frontend/src/admin/pages/company-info/CompanyInfoForm.tsx:30,double,رابط الواتساب مطلوب,WhatsApp URL is required,i18n-admin-ui,Proposed English copy for bilingual implementation; review brand/proper-name spelling before production.
SMART-I18N-1018,frontend_admin_static,frontend/src/admin/pages/company-info/CompanyInfoForm.tsx:113,double,تم تحديث المعلومات بنجاح,Information updated successfully,i18n-admin-ui,Proposed English copy for bilingual implementation; review brand/proper-name spelling before production.
SMART-I18N-1019,frontend_admin_static,frontend/src/admin/pages/company-info/CompanyInfoForm.tsx:127,double,المعلومات الرئيسية للشركة,Main Company Information,i18n-admin-ui,Proposed English copy for bilingual implementation; review brand/proper-name spelling before production.
SMART-I18N-1020,frontend_admin_static,frontend/src/admin/pages/company-info/CompanyInfoForm.tsx:135,jsx,معلومات الاتصال,Contact Information,i18n-admin-ui,Proposed English copy for bilingual implementation; review brand/proper-name spelling before production.
SMART-I18N-1021,frontend_admin_static,frontend/src/admin/pages/company-info/CompanyInfoForm.tsx:143,double,"مثال: صنعاء, اليمن","Example: Sana’a, Yemen",i18n-admin-ui,Proposed English copy for bilingual implementation; review brand/proper-name spelling before production.
SMART-I18N-1022,frontend_admin_static,frontend/src/admin/pages/company-info/CompanyInfoForm.tsx:151,jsx,رابط Google Maps *,Google Maps URL *,i18n-admin-ui,Proposed English copy for bilingual implementation; review brand/proper-name spelling before production.
SMART-I18N-1023,frontend_admin_static,frontend/src/admin/pages/company-info/CompanyInfoForm.tsx:165,jsx,أوقات الدوام *,Working Hours *,i18n-admin-ui,Proposed English copy for bilingual implementation; review brand/proper-name spelling before production.
SMART-I18N-1024,frontend_admin_static,frontend/src/admin/pages/company-info/CompanyInfoForm.tsx:169,double,مثال: الأحد - الخميس: 8 ص - 5 م,Example: Sunday - Thursday: 8 AM - 5 PM,i18n-admin-ui,Proposed English copy for bilingual implementation; review brand/proper-name spelling before production.
SMART-I18N-1025,frontend_admin_static,frontend/src/admin/pages/company-info/CompanyInfoForm.tsx:180,jsx,البريد الإلكتروني *,Email Address *,i18n-admin-ui,Proposed English copy for bilingual implementation; review brand/proper-name spelling before production.
SMART-I18N-1026,frontend_admin_static,frontend/src/admin/pages/company-info/CompanyInfoForm.tsx:193,jsx,رقم الهاتف *,Phone Number *,i18n-admin-ui,Proposed English copy for bilingual implementation; review brand/proper-name spelling before production.
SMART-I18N-1027,frontend_admin_static,frontend/src/admin/pages/company-info/CompanyInfoForm.tsx:206,jsx,رابط الواتساب *,WhatsApp URL *,i18n-admin-ui,Proposed English copy for bilingual implementation; review brand/proper-name spelling before production.
SMART-I18N-1028,frontend_admin_static,frontend/src/admin/pages/company-info/CompanyInfoForm.tsx:231,jsx,تويتر,Twitter,i18n-admin-ui,Proposed English copy for bilingual implementation; review brand/proper-name spelling before production.
SMART-I18N-1029,frontend_admin_static,frontend/src/admin/pages/company-info/CompanyInfoForm.tsx:245,jsx,إنستغرام,Instagram,i18n-admin-ui,Proposed English copy for bilingual implementation; review brand/proper-name spelling before production.
SMART-I18N-1030,frontend_admin_static,frontend/src/admin/pages/company-info/CompanyInfoForm.tsx:259,jsx,لينكدإن,LinkedIn,i18n-admin-ui,Proposed English copy for bilingual implementation; review brand/proper-name spelling before production.
SMART-I18N-1031,frontend_admin_static,frontend/src/admin/pages/company-info/CompanyInfoForm.tsx:273,jsx,فيسبوك,Facebook,i18n-admin-ui,Proposed English copy for bilingual implementation; review brand/proper-name spelling before production.
SMART-I18N-1032,frontend_admin_static,frontend/src/admin/pages/project-categories/ProjectCategoriesList.tsx:28,single,تم حذف الفئة بنجاح,Category deleted successfully,i18n-admin-ui,Proposed English copy for bilingual implementation; review brand/proper-name spelling before production.
SMART-I18N-1033,frontend_admin_static,frontend/src/admin/pages/project-categories/ProjectCategoriesList.tsx:31,single,فشل حذف الفئة,Failed to delete category,i18n-admin-ui,Proposed English copy for bilingual implementation; review brand/proper-name spelling before production.
SMART-I18N-1034,frontend_admin_static,frontend/src/admin/pages/project-categories/ProjectCategoriesList.tsx:40,single,تم تحديث حالة الفئة,Category status updated,i18n-admin-ui,Proposed English copy for bilingual implementation; review brand/proper-name spelling before production.
SMART-I18N-1035,frontend_admin_static,frontend/src/admin/pages/project-categories/ProjectCategoriesList.tsx:42,single,فشل تحديث حالة الفئة,Failed to update category status,i18n-admin-ui,Proposed English copy for bilingual implementation; review brand/proper-name spelling before production.
SMART-I18N-1036,frontend_admin_static,frontend/src/admin/pages/project-categories/ProjectCategoriesList.tsx:48 | frontend/src/admin/components/layout/Sidebar.tsx:34,double,فئات المشاريع,Project Categories,i18n-admin-ui,Proposed English copy for bilingual implementation; review brand/proper-name spelling before production.
SMART-I18N-1037,frontend_admin_static,frontend/src/admin/pages/project-categories/ProjectCategoriesList.tsx:49,double,إدارة فئات المشاريع المعروضة في الموقع,Manage project categories displayed on the website,i18n-admin-ui,Proposed English copy for bilingual implementation; review brand/proper-name spelling before production.
SMART-I18N-1038,frontend_admin_static,frontend/src/admin/pages/project-categories/ProjectCategoriesList.tsx:51,double,إضافة فئة,Add Category,i18n-admin-ui,Proposed English copy for bilingual implementation; review brand/proper-name spelling before production.
SMART-I18N-1039,frontend_admin_static,frontend/src/admin/pages/project-categories/ProjectCategoriesList.tsx:139,jsx,لا توجد فئات,No Categories Found,i18n-admin-ui,Proposed English copy for bilingual implementation; review brand/proper-name spelling before production.
SMART-I18N-1040,frontend_admin_static,frontend/src/admin/pages/project-categories/ProjectCategoriesList.tsx:149,double,حذف الفئة,Delete Category,i18n-admin-ui,Proposed English copy for bilingual implementation; review brand/proper-name spelling before production.
SMART-I18N-1041,frontend_admin_static,frontend/src/admin/pages/project-categories/ProjectCategoriesList.tsx:150,double,هل أنت متأكد من حذف هذه الفئة؟ سيتم إزالة الفئة من جميع المشاريع المرتبطة بها.,Are you sure you want to delete this category? It will be removed from all linked projects.,i18n-admin-ui,Proposed English copy for bilingual implementation; review brand/proper-name spelling before production.
SMART-I18N-1042,frontend_admin_static,frontend/src/admin/pages/project-categories/ProjectCategoryForm.tsx:19,double,القيمة مطلوبة,Value is required,i18n-admin-ui,Proposed English copy for bilingual implementation; review brand/proper-name spelling before production.
SMART-I18N-1043,frontend_admin_static,frontend/src/admin/pages/project-categories/ProjectCategoryForm.tsx:20,double,التسمية مطلوبة,Label is required,i18n-admin-ui,Proposed English copy for bilingual implementation; review brand/proper-name spelling before production.
SMART-I18N-1044,frontend_admin_static,frontend/src/admin/pages/project-categories/ProjectCategoryForm.tsx:80,double,تم تحديث الفئة,Category updated successfully,i18n-admin-ui,Proposed English copy for bilingual implementation; review brand/proper-name spelling before production.
SMART-I18N-1045,frontend_admin_static,frontend/src/admin/pages/project-categories/ProjectCategoryForm.tsx:80,double,تم إضافة الفئة,Category added successfully,i18n-admin-ui,Proposed English copy for bilingual implementation; review brand/proper-name spelling before production.
SMART-I18N-1046,frontend_admin_static,frontend/src/admin/pages/project-categories/ProjectCategoryForm.tsx:96,double,تعديل الفئة,Edit Category,i18n-admin-ui,Proposed English copy for bilingual implementation; review brand/proper-name spelling before production.
SMART-I18N-1047,frontend_admin_static,frontend/src/admin/pages/project-categories/ProjectCategoryForm.tsx:96,double,إضافة فئة جديدة,Add New Category,i18n-admin-ui,Proposed English copy for bilingual implementation; review brand/proper-name spelling before production.
SMART-I18N-1048,frontend_admin_static,frontend/src/admin/pages/project-categories/ProjectCategoryForm.tsx:105,jsx,معلومات الفئة,Category Information,i18n-admin-ui,Proposed English copy for bilingual implementation; review brand/proper-name spelling before production.
SMART-I18N-1049,frontend_admin_static,frontend/src/admin/pages/project-categories/ProjectCategoryForm.tsx:110,jsx,القيمة (Value) *,Value *,i18n-admin-ui,Proposed English copy for bilingual implementation; review brand/proper-name spelling before production.
SMART-I18N-1050,frontend_admin_static,frontend/src/admin/pages/project-categories/ProjectCategoryForm.tsx:114,double,مثال: Web App,Example: Web App,i18n-admin-ui,Proposed English copy for bilingual implementation; review brand/proper-name spelling before production.
SMART-I18N-1051,frontend_admin_static,frontend/src/admin/pages/project-categories/ProjectCategoryForm.tsx:127,jsx,التسمية (Label) *,Label *,i18n-admin-ui,Proposed English copy for bilingual implementation; review brand/proper-name spelling before production.
SMART-I18N-1052,frontend_admin_static,frontend/src/admin/pages/project-categories/ProjectCategoryForm.tsx:131,double,مثال: مواقع إلكترونية,Example: Websites,i18n-admin-ui,Proposed English copy for bilingual implementation; review brand/proper-name spelling before production.
SMART-I18N-1053,frontend_admin_static,frontend/src/admin/pages/project-categories/ProjectCategoryForm.tsx:145,double,وصف الفئة...,Category description...,i18n-admin-ui,Proposed English copy for bilingual implementation; review brand/proper-name spelling before production.
SMART-I18N-1054,frontend_admin_static,frontend/src/admin/pages/project-categories/ProjectCategoryForm.tsx:163,double,اسم الأيقونة أو URL,Icon name or URL,i18n-admin-ui,Proposed English copy for bilingual implementation; review brand/proper-name spelling before production.
SMART-I18N-1055,frontend_admin_static,frontend/src/admin/pages/services/ServiceForm.tsx:92,double,تم تحديث الخدمة,Service updated successfully,i18n-admin-ui,Proposed English copy for bilingual implementation; review brand/proper-name spelling before production.
SMART-I18N-1056,frontend_admin_static,frontend/src/admin/pages/services/ServiceForm.tsx:92,double,تم إضافة الخدمة,Service added successfully,i18n-admin-ui,Proposed English copy for bilingual implementation; review brand/proper-name spelling before production.
SMART-I18N-1057,frontend_admin_static,frontend/src/admin/pages/services/ServiceForm.tsx:125,double,تعديل الخدمة,Edit Service,i18n-admin-ui,Proposed English copy for bilingual implementation; review brand/proper-name spelling before production.
SMART-I18N-1058,frontend_admin_static,frontend/src/admin/pages/services/ServiceForm.tsx:125,double,إضافة خدمة جديدة,Add New Service,i18n-admin-ui,Proposed English copy for bilingual implementation; review brand/proper-name spelling before production.
SMART-I18N-1059,frontend_admin_static,frontend/src/admin/pages/services/ServiceForm.tsx:134,jsx,معلومات الخدمة,Service Information,i18n-admin-ui,Proposed English copy for bilingual implementation; review brand/proper-name spelling before production.
SMART-I18N-1060,frontend_admin_static,frontend/src/admin/pages/services/ServiceForm.tsx:142,double,مثال: تصميم وتطوير مواقع الويب,Example: Web Design and Development,i18n-admin-ui,Proposed English copy for bilingual implementation; review brand/proper-name spelling before production.
SMART-I18N-1061,frontend_admin_static,frontend/src/admin/pages/services/ServiceForm.tsx:151,jsx,الوصف المختصر,Short Description,i18n-admin-ui,Proposed English copy for bilingual implementation; review brand/proper-name spelling before production.
SMART-I18N-1062,frontend_admin_static,frontend/src/admin/pages/services/ServiceForm.tsx:155,double,وصف مختصر للبطاقة,Short description for the card,i18n-admin-ui,Proposed English copy for bilingual implementation; review brand/proper-name spelling before production.
SMART-I18N-1063,frontend_admin_static,frontend/src/admin/pages/services/ServiceForm.tsx:169,jsx,الوصف الكامل,Full Description,i18n-admin-ui,Proposed English copy for bilingual implementation; review brand/proper-name spelling before production.
SMART-I18N-1064,frontend_admin_static,frontend/src/admin/pages/services/ServiceForm.tsx:174,double,وصف تفصيلي للخدمة...,Detailed service description...,i18n-admin-ui,Proposed English copy for bilingual implementation; review brand/proper-name spelling before production.
SMART-I18N-1065,frontend_admin_static,frontend/src/admin/pages/services/ServiceForm.tsx:180,jsx,اسم الأيقونة,Icon Name,i18n-admin-ui,Proposed English copy for bilingual implementation; review brand/proper-name spelling before production.
SMART-I18N-1066,frontend_admin_static,frontend/src/admin/pages/services/ServiceForm.tsx:184,double,مثال: FaCode,Example: FaCode,i18n-admin-ui,Proposed English copy for bilingual implementation; review brand/proper-name spelling before production.
SMART-I18N-1067,frontend_admin_static,frontend/src/admin/pages/services/ServiceForm.tsx:188,jsx,نوع الأيقونة,Icon Type,i18n-admin-ui,Proposed English copy for bilingual implementation; review brand/proper-name spelling before production.
SMART-I18N-1068,frontend_admin_static,frontend/src/admin/pages/services/ServiceForm.tsx:196,jsx,التدرج اللوني,Color Gradient,i18n-admin-ui,Proposed English copy for bilingual implementation; review brand/proper-name spelling before production.
SMART-I18N-1069,frontend_admin_static,frontend/src/admin/pages/services/ServiceForm.tsx:206,jsx,المميزات,Features,i18n-admin-ui,Proposed English copy for bilingual implementation; review brand/proper-name spelling before production.
SMART-I18N-1070,frontend_admin_static,frontend/src/admin/pages/services/ServiceForm.tsx:215,double,أضف ميزة جديدة...,Add a new feature...,i18n-admin-ui,Proposed English copy for bilingual implementation; review brand/proper-name spelling before production.
SMART-I18N-1071,frontend_admin_static,frontend/src/admin/pages/services/ServicesList.tsx:36,single,تم حذف الخدمة بنجاح,Service deleted successfully,i18n-admin-ui,Proposed English copy for bilingual implementation; review brand/proper-name spelling before production.
SMART-I18N-1072,frontend_admin_static,frontend/src/admin/pages/services/ServicesList.tsx:39,single,فشل حذف الخدمة,Failed to delete service,i18n-admin-ui,Proposed English copy for bilingual implementation; review brand/proper-name spelling before production.
SMART-I18N-1073,frontend_admin_static,frontend/src/admin/pages/services/ServicesList.tsx:47,single,تم تحديث حالة الخدمة,Service status updated,i18n-admin-ui,Proposed English copy for bilingual implementation; review brand/proper-name spelling before production.
SMART-I18N-1074,frontend_admin_static,frontend/src/admin/pages/services/ServicesList.tsx:49,single,فشل تحديث حالة الخدمة,Failed to update service status,i18n-admin-ui,Proposed English copy for bilingual implementation; review brand/proper-name spelling before production.
SMART-I18N-1075,frontend_admin_static,frontend/src/admin/pages/services/ServicesList.tsx:52,double,فشل تحميل الخدمات,Failed to load services,i18n-admin-ui,Proposed English copy for bilingual implementation; review brand/proper-name spelling before production.
SMART-I18N-1076,frontend_admin_static,frontend/src/admin/pages/services/ServicesList.tsx:58,double,إدارة الخدمات المعروضة في الموقع,Manage services displayed on the website,i18n-admin-ui,Proposed English copy for bilingual implementation; review brand/proper-name spelling before production.
SMART-I18N-1077,frontend_admin_static,frontend/src/admin/pages/services/ServicesList.tsx:60 | frontend/src/admin/pages/services/ServicesList.tsx:164,double,إضافة خدمة,Add Service,i18n-admin-ui,Proposed English copy for bilingual implementation; review brand/proper-name spelling before production.
SMART-I18N-1078,frontend_admin_static,frontend/src/admin/pages/services/ServicesList.tsx:66,double,بحث في الخدمات...,Search services...,i18n-admin-ui,Proposed English copy for bilingual implementation; review brand/proper-name spelling before production.
SMART-I18N-1079,frontend_admin_static,frontend/src/admin/pages/services/ServicesList.tsx:164,double,لا توجد خدمات,No Services Found,i18n-admin-ui,Proposed English copy for bilingual implementation; review brand/proper-name spelling before production.
SMART-I18N-1080,frontend_admin_static,frontend/src/admin/pages/services/ServicesList.tsx:164,double,ابدأ بإضافة خدمة جديدة,Start by adding a new service,i18n-admin-ui,Proposed English copy for bilingual implementation; review brand/proper-name spelling before production.
SMART-I18N-1081,frontend_admin_static,frontend/src/admin/pages/services/ServicesList.tsx:198,double,حذف الخدمة,Delete Service,i18n-admin-ui,Proposed English copy for bilingual implementation; review brand/proper-name spelling before production.
SMART-I18N-1082,frontend_admin_static,frontend/src/admin/pages/services/ServicesList.tsx:199,double,هل أنت متأكد من حذف هذه الخدمة؟,Are you sure you want to delete this service?,i18n-admin-ui,Proposed English copy for bilingual implementation; review brand/proper-name spelling before production.
SMART-I18N-1083,frontend_admin_static,frontend/src/admin/pages/faqs/FAQForm.tsx:18,single,السؤال مطلوب,Question is required,i18n-admin-ui,Proposed English copy for bilingual implementation; review brand/proper-name spelling before production.
SMART-I18N-1084,frontend_admin_static,frontend/src/admin/pages/faqs/FAQForm.tsx:19,single,الإجابة مطلوبة,Answer is required,i18n-admin-ui,Proposed English copy for bilingual implementation; review brand/proper-name spelling before production.
SMART-I18N-1085,frontend_admin_static,frontend/src/admin/pages/faqs/FAQForm.tsx:54,single,تم تحديث السؤال,Question updated successfully,i18n-admin-ui,Proposed English copy for bilingual implementation; review brand/proper-name spelling before production.
SMART-I18N-1086,frontend_admin_static,frontend/src/admin/pages/faqs/FAQForm.tsx:54,single,تم إضافة السؤال,Question added successfully,i18n-admin-ui,Proposed English copy for bilingual implementation; review brand/proper-name spelling before production.
SMART-I18N-1087,frontend_admin_static,frontend/src/admin/pages/faqs/FAQForm.tsx:64,single,تعديل السؤال,Edit Question,i18n-admin-ui,Proposed English copy for bilingual implementation; review brand/proper-name spelling before production.
SMART-I18N-1088,frontend_admin_static,frontend/src/admin/pages/faqs/FAQForm.tsx:64,single,إضافة سؤال جديد,Add New Question,i18n-admin-ui,Proposed English copy for bilingual implementation; review brand/proper-name spelling before production.
SMART-I18N-1089,frontend_admin_static,frontend/src/admin/pages/faqs/FAQForm.tsx:67,jsx,معلومات السؤال,Question Information,i18n-admin-ui,Proposed English copy for bilingual implementation; review brand/proper-name spelling before production.
SMART-I18N-1090,frontend_admin_static,frontend/src/admin/pages/faqs/FAQForm.tsx:70,jsx,السؤال *,Question *,i18n-admin-ui,Proposed English copy for bilingual implementation; review brand/proper-name spelling before production.
SMART-I18N-1091,frontend_admin_static,frontend/src/admin/pages/faqs/FAQForm.tsx:71,double,ما هو السؤال؟,What is the question?,i18n-admin-ui,Proposed English copy for bilingual implementation; review brand/proper-name spelling before production.
SMART-I18N-1092,frontend_admin_static,frontend/src/admin/pages/faqs/FAQForm.tsx:85,jsx,الإجابة *,Answer *,i18n-admin-ui,Proposed English copy for bilingual implementation; review brand/proper-name spelling before production.
SMART-I18N-1093,frontend_admin_static,frontend/src/admin/pages/faqs/FAQForm.tsx:86,double,اكتب الإجابة هنا...,Write the answer here...,i18n-admin-ui,Proposed English copy for bilingual implementation; review brand/proper-name spelling before production.
SMART-I18N-1094,frontend_admin_static,frontend/src/admin/pages/faqs/FAQsList.tsx:33,single,تم حذف السؤال بنجاح,Question deleted successfully,i18n-admin-ui,Proposed English copy for bilingual implementation; review brand/proper-name spelling before production.
SMART-I18N-1095,frontend_admin_static,frontend/src/admin/pages/faqs/FAQsList.tsx:36,single,فشل حذف السؤال,Failed to delete question,i18n-admin-ui,Proposed English copy for bilingual implementation; review brand/proper-name spelling before production.
SMART-I18N-1096,frontend_admin_static,frontend/src/admin/pages/faqs/FAQsList.tsx:41,double,فشل تحميل الأسئلة الشائعة,Failed to load FAQs,i18n-admin-ui,Proposed English copy for bilingual implementation; review brand/proper-name spelling before production.
SMART-I18N-1097,frontend_admin_static,frontend/src/admin/pages/faqs/FAQsList.tsx:45 | frontend/src/admin/components/layout/Breadcrumb.tsx:13 | frontend/src/admin/components/layout/Sidebar.tsx:45,double,الأسئلة الشائعة,FAQs,i18n-admin-ui,Proposed English copy for bilingual implementation; review brand/proper-name spelling before production.
SMART-I18N-1098,frontend_admin_static,frontend/src/admin/pages/faqs/FAQsList.tsx:45,double,إدارة الأسئلة والأجوبة الشائعة,Manage frequently asked questions and answers,i18n-admin-ui,Proposed English copy for bilingual implementation; review brand/proper-name spelling before production.
SMART-I18N-1099,frontend_admin_static,frontend/src/admin/pages/faqs/FAQsList.tsx:45 | frontend/src/admin/pages/faqs/FAQsList.tsx:95,double,إضافة سؤال,Add Question,i18n-admin-ui,Proposed English copy for bilingual implementation; review brand/proper-name spelling before production.
SMART-I18N-1100,frontend_admin_static,frontend/src/admin/pages/faqs/FAQsList.tsx:95,double,لا توجد أسئلة شائعة,No FAQs Found,i18n-admin-ui,Proposed English copy for bilingual implementation; review brand/proper-name spelling before production.
SMART-I18N-1101,frontend_admin_static,frontend/src/admin/pages/faqs/FAQsList.tsx:95,double,ابدأ بإضافة سؤال جديد,Start by adding a new question,i18n-admin-ui,Proposed English copy for bilingual implementation; review brand/proper-name spelling before production.
SMART-I18N-1102,frontend_admin_static,frontend/src/admin/pages/faqs/FAQsList.tsx:100,double,حذف السؤال,Delete Question,i18n-admin-ui,Proposed English copy for bilingual implementation; review brand/proper-name spelling before production.
SMART-I18N-1103,frontend_admin_static,frontend/src/admin/pages/faqs/FAQsList.tsx:100,double,هل أنت متأكد من حذف هذا السؤال؟,Are you sure you want to delete this question?,i18n-admin-ui,Proposed English copy for bilingual implementation; review brand/proper-name spelling before production.
SMART-I18N-1104,frontend_admin_static,frontend/src/admin/components/PrivateRoute.tsx:18,jsx,جاري التحميل...,Loading...,i18n-admin-ui,Proposed English copy for bilingual implementation; review brand/proper-name spelling before production.
SMART-I18N-1105,frontend_admin_static,frontend/src/admin/components/layout/Breadcrumb.tsx:14 | frontend/src/admin/components/shared/PageHeader.tsx:19,double | single,إضافة جديد,Add New,i18n-admin-ui,Proposed English copy for bilingual implementation; review brand/proper-name spelling before production.
SMART-I18N-1106,frontend_admin_static,frontend/src/admin/components/layout/Sidebar.tsx:47,double,المعلومات الرئيسية,Main Information,i18n-admin-ui,Proposed English copy for bilingual implementation; review brand/proper-name spelling before production.
SMART-I18N-1107,frontend_admin_static,frontend/src/admin/components/layout/Sidebar.tsx:48,double,حولنا,About Us,i18n-admin-ui,Proposed English copy for bilingual implementation; review brand/proper-name spelling before production.
SMART-I18N-1108,frontend_admin_static,frontend/src/admin/components/layout/Sidebar.tsx:152,jsx,تسجيل الخروج,Log Out,i18n-admin-ui,Proposed English copy for bilingual implementation; review brand/proper-name spelling before production.
SMART-I18N-1109,frontend_admin_static,frontend/src/admin/components/shared/ConfirmDialog.tsx:29,single,تأكيد,Confirm,i18n-admin-ui,Proposed English copy for bilingual implementation; review brand/proper-name spelling before production.
SMART-I18N-1110,frontend_admin_static,frontend/src/admin/components/shared/ImageUpload.tsx:29,single,يجب اختيار ملف صورة,Please select an image file,i18n-admin-ui,Proposed English copy for bilingual implementation; review brand/proper-name spelling before production.
SMART-I18N-1111,frontend_admin_static,frontend/src/admin/components/shared/ImageUpload.tsx:34,single,حجم الصورة يجب أن يكون أقل من 15MB,Image size must be less than 15MB,i18n-admin-ui,Proposed English copy for bilingual implementation; review brand/proper-name spelling before production.
SMART-I18N-1112,frontend_admin_static,frontend/src/admin/components/shared/ImageUpload.tsx:42,single,تم رفع الصورة بنجاح,Image uploaded successfully,i18n-admin-ui,Proposed English copy for bilingual implementation; review brand/proper-name spelling before production.
SMART-I18N-1113,frontend_admin_static,frontend/src/admin/components/shared/ImageUpload.tsx:44,single,فشل رفع الصورة,Failed to upload image,i18n-admin-ui,Proposed English copy for bilingual implementation; review brand/proper-name spelling before production.
SMART-I18N-1114,frontend_admin_static,frontend/src/admin/components/shared/ImageUpload.tsx:125,jsx,جاري رفع الصورة...,Uploading image...,i18n-admin-ui,Proposed English copy for bilingual implementation; review brand/proper-name spelling before production.
SMART-I18N-1115,frontend_admin_static,frontend/src/admin/components/shared/ImageUpload.tsx:133,jsx,"JPG, PNG, WEBP — يتم التحويل والضغط تلقائياً (حتى 15MB)","JPG, PNG, WEBP — automatically converted and compressed (up to 15MB)",i18n-admin-ui,Proposed English copy for bilingual implementation; review brand/proper-name spelling before production.
SMART-I18N-1116,frontend_admin_static,frontend/src/admin/components/shared/ImageUpload.tsx:160,template,${file.name} ليس ملف صورة,${file.name} is not an image file,i18n-admin-ui,Proposed English copy for bilingual implementation; review brand/proper-name spelling before production.
SMART-I18N-1117,frontend_admin_static,frontend/src/admin/components/shared/ImageUpload.tsx:164,template,${file.name} حجمه أكبر من 15MB,${file.name} is larger than 15MB,i18n-admin-ui,Proposed English copy for bilingual implementation; review brand/proper-name spelling before production.
SMART-I18N-1118,frontend_admin_static,frontend/src/admin/components/shared/ImageUpload.tsx:171,template,الحد الأقصى ${maxImages} صور,Maximum ${maxImages} images,i18n-admin-ui,Proposed English copy for bilingual implementation; review brand/proper-name spelling before production.
SMART-I18N-1119,frontend_admin_static,frontend/src/admin/components/shared/ImageUpload.tsx:181,template,تم رفع ${urls.length} صورة,${urls.length} images uploaded,i18n-admin-ui,Proposed English copy for bilingual implementation; review brand/proper-name spelling before production.
SMART-I18N-1120,frontend_admin_static,frontend/src/admin/components/shared/ImageUpload.tsx:183,single,فشل رفع الصور,Failed to upload images,i18n-admin-ui,Proposed English copy for bilingual implementation; review brand/proper-name spelling before production.
SMART-I18N-1121,frontend_admin_static,frontend/src/admin/components/shared/ImageUpload.tsx:213,jsx,جاري رفع الصور...,Uploading images...,i18n-admin-ui,Proposed English copy for bilingual implementation; review brand/proper-name spelling before production.
SMART-I18N-1122,frontend_admin_static,frontend/src/admin/components/shared/ImageUpload.tsx:218,jsx,اسحب الصور أو انقر للاختيار,Drag images here or click to select,i18n-admin-ui,Proposed English copy for bilingual implementation; review brand/proper-name spelling before production.
SMART-I18N-1123,frontend_admin_static,frontend/src/admin/components/shared/RichTextEditor.tsx:77,double,مقال قياسي,Standard Article,i18n-admin-ui,Proposed English copy for bilingual implementation; review brand/proper-name spelling before production.
SMART-I18N-1124,frontend_admin_static,frontend/src/admin/components/shared/RichTextEditor.tsx:78,double,هيكل مقال نموذجي مع مقدمة، أقسام، وخاتمة,"A sample article structure with an introduction, sections, and conclusion",i18n-admin-ui,Proposed English copy for bilingual implementation; review brand/proper-name spelling before production.
SMART-I18N-1125,frontend_admin_static,frontend/src/admin/components/shared/RichTextEditor.tsx:79,template,<h2>مقدمة</h2><p>اكتب مقدمتك هنا...</p><h2>القسم الأول</h2><p>محتوى القسم الأول...</p><h2>القسم الثاني</h2><p>محتوى القسم الثاني...</p><h2>الخلاصة</h2><p>اكتب خلاصتك هنا...</p>,<h2>Introduction</h2><p>Write your introduction here...</p><h2>Section One</h2><p>Section one content...</p><h2>Section Two</h2><p>Section two content...</p><h2>Conclusion</h2><p>Write your conclusion here...</p>,i18n-admin-ui,Proposed English copy for bilingual implementation; review brand/proper-name spelling before production.
SMART-I18N-1126,frontend_admin_static,frontend/src/admin/components/shared/RichTextEditor.tsx:79,jsx,مقدمة,Introduction,i18n-admin-ui,Proposed English copy for bilingual implementation; review brand/proper-name spelling before production.
SMART-I18N-1127,frontend_admin_static,frontend/src/admin/components/shared/RichTextEditor.tsx:79,jsx,اكتب مقدمتك هنا...,Write your introduction here...,i18n-admin-ui,Proposed English copy for bilingual implementation; review brand/proper-name spelling before production.
SMART-I18N-1128,frontend_admin_static,frontend/src/admin/components/shared/RichTextEditor.tsx:79,jsx,القسم الأول,Section One,i18n-admin-ui,Proposed English copy for bilingual implementation; review brand/proper-name spelling before production.
SMART-I18N-1129,frontend_admin_static,frontend/src/admin/components/shared/RichTextEditor.tsx:79,jsx,محتوى القسم الأول...,Section one content...,i18n-admin-ui,Proposed English copy for bilingual implementation; review brand/proper-name spelling before production.
SMART-I18N-1130,frontend_admin_static,frontend/src/admin/components/shared/RichTextEditor.tsx:79,jsx,القسم الثاني,Section Two,i18n-admin-ui,Proposed English copy for bilingual implementation; review brand/proper-name spelling before production.
SMART-I18N-1131,frontend_admin_static,frontend/src/admin/components/shared/RichTextEditor.tsx:79,jsx,محتوى القسم الثاني...,Section two content...,i18n-admin-ui,Proposed English copy for bilingual implementation; review brand/proper-name spelling before production.
SMART-I18N-1132,frontend_admin_static,frontend/src/admin/components/shared/RichTextEditor.tsx:79 | frontend/src/admin/components/shared/RichTextEditor.tsx:84 | frontend/src/admin/components/shared/RichTextEditor.tsx:89,jsx,الخلاصة,Conclusion,i18n-admin-ui,Proposed English copy for bilingual implementation; review brand/proper-name spelling before production.
SMART-I18N-1133,frontend_admin_static,frontend/src/admin/components/shared/RichTextEditor.tsx:79,jsx,اكتب خلاصتك هنا...,Write your conclusion here...,i18n-admin-ui,Proposed English copy for bilingual implementation; review brand/proper-name spelling before production.
SMART-I18N-1134,frontend_admin_static,frontend/src/admin/components/shared/RichTextEditor.tsx:82,double,دليل تعليمي,Tutorial Guide,i18n-admin-ui,Proposed English copy for bilingual implementation; review brand/proper-name spelling before production.
SMART-I18N-1135,frontend_admin_static,frontend/src/admin/components/shared/RichTextEditor.tsx:83,double,دليل خطوة بخطوة مع قوائم مرقمة,Step-by-step guide with numbered lists,i18n-admin-ui,Proposed English copy for bilingual implementation; review brand/proper-name spelling before production.
SMART-I18N-1136,frontend_admin_static,frontend/src/admin/components/shared/RichTextEditor.tsx:84,template,<h2>ما سنغطيه</h2><p>نظرة عامة على الدليل...</p><h2>الخطوة 1</h2><p>تفاصيل الخطوة الأولى...</p><ol><li><p>النقطة الأولى</p></li><li><p>النقطة الثانية</p></li></ol><h2>الخطوة 2</h2><p>تفاصيل الخطوة الثانية...</p><h2>الخطوة 3</h2><p>تفاصيل الخطوة الثالثة...</p><h2>الخلاصة</h2><p>خلاصة الدليل...</p>,<h2>What We’ll Cover</h2><p>Overview of the guide...</p><h2>Step 1</h2><p>Details of the first step...</p><ol><li><p>First point</p></li><li><p>Second point</p></li></ol><h2>Step 2</h2><p>Details of the second step...</p><h2>Step 3</h2><p>Details of the third step...</p><h2>Conclusion</h2><p>Guide summary...</p>,i18n-admin-ui,Proposed English copy for bilingual implementation; review brand/proper-name spelling before production.
SMART-I18N-1137,frontend_admin_static,frontend/src/admin/components/shared/RichTextEditor.tsx:84,jsx,ما سنغطيه,What We’ll Cover,i18n-admin-ui,Proposed English copy for bilingual implementation; review brand/proper-name spelling before production.
SMART-I18N-1138,frontend_admin_static,frontend/src/admin/components/shared/RichTextEditor.tsx:84,jsx,نظرة عامة على الدليل...,Overview of the guide...,i18n-admin-ui,Proposed English copy for bilingual implementation; review brand/proper-name spelling before production.
SMART-I18N-1139,frontend_admin_static,frontend/src/admin/components/shared/RichTextEditor.tsx:84,jsx,الخطوة 1,Step 1,i18n-admin-ui,Proposed English copy for bilingual implementation; review brand/proper-name spelling before production.
SMART-I18N-1140,frontend_admin_static,frontend/src/admin/components/shared/RichTextEditor.tsx:84,jsx,تفاصيل الخطوة الأولى...,Details of the first step...,i18n-admin-ui,Proposed English copy for bilingual implementation; review brand/proper-name spelling before production.
SMART-I18N-1141,frontend_admin_static,frontend/src/admin/components/shared/RichTextEditor.tsx:84,jsx,النقطة الأولى,First point,i18n-admin-ui,Proposed English copy for bilingual implementation; review brand/proper-name spelling before production.
SMART-I18N-1142,frontend_admin_static,frontend/src/admin/components/shared/RichTextEditor.tsx:84,jsx,النقطة الثانية,Second point,i18n-admin-ui,Proposed English copy for bilingual implementation; review brand/proper-name spelling before production.
SMART-I18N-1143,frontend_admin_static,frontend/src/admin/components/shared/RichTextEditor.tsx:84,jsx,الخطوة 2,Step 2,i18n-admin-ui,Proposed English copy for bilingual implementation; review brand/proper-name spelling before production.
SMART-I18N-1144,frontend_admin_static,frontend/src/admin/components/shared/RichTextEditor.tsx:84,jsx,تفاصيل الخطوة الثانية...,Details of the second step...,i18n-admin-ui,Proposed English copy for bilingual implementation; review brand/proper-name spelling before production.
SMART-I18N-1145,frontend_admin_static,frontend/src/admin/components/shared/RichTextEditor.tsx:84,jsx,الخطوة 3,Step 3,i18n-admin-ui,Proposed English copy for bilingual implementation; review brand/proper-name spelling before production.
SMART-I18N-1146,frontend_admin_static,frontend/src/admin/components/shared/RichTextEditor.tsx:84,jsx,تفاصيل الخطوة الثالثة...,Details of the third step...,i18n-admin-ui,Proposed English copy for bilingual implementation; review brand/proper-name spelling before production.
SMART-I18N-1147,frontend_admin_static,frontend/src/admin/components/shared/RichTextEditor.tsx:84,jsx,خلاصة الدليل...,Guide summary...,i18n-admin-ui,Proposed English copy for bilingual implementation; review brand/proper-name spelling before production.
SMART-I18N-1148,frontend_admin_static,frontend/src/admin/components/shared/RichTextEditor.tsx:88,double,دراسة حالة مع التحديات والحلول,Case study with challenges and solutions,i18n-admin-ui,Proposed English copy for bilingual implementation; review brand/proper-name spelling before production.
SMART-I18N-1149,frontend_admin_static,frontend/src/admin/components/shared/RichTextEditor.tsx:89,template,<h2>نظرة عامة</h2><p>وصف مختصر للدراسة...</p><h2>التحدي</h2><p>ما هو التحدي الذي واجهه العميل...</p><h2>الحل</h2><p>كيف قدمنا الحل...</p><h2>النتائج</h2><ul><li><p>نتيجة 1</p></li><li><p>نتيجة 2</p></li><li><p>نتيجة 3</p></li></ul><h2>الخلاصة</h2><p>الدروس المستفادة...</p>,<h2>Overview</h2><p>Brief description of the case study...</p><h2>The Challenge</h2><p>What challenge did the client face...</p><h2>The Solution</h2><p>How we delivered the solution...</p><h2>Results</h2><ul><li><p>Result 1</p></li><li><p>Result 2</p></li><li><p>Result 3</p></li></ul><h2>Conclusion</h2><p>Lessons learned...</p>,i18n-admin-ui,Proposed English copy for bilingual implementation; review brand/proper-name spelling before production.
SMART-I18N-1150,frontend_admin_static,frontend/src/admin/components/shared/RichTextEditor.tsx:89,jsx,نظرة عامة,Overview,i18n-admin-ui,Proposed English copy for bilingual implementation; review brand/proper-name spelling before production.
SMART-I18N-1151,frontend_admin_static,frontend/src/admin/components/shared/RichTextEditor.tsx:89,jsx,وصف مختصر للدراسة...,Brief description of the case study...,i18n-admin-ui,Proposed English copy for bilingual implementation; review brand/proper-name spelling before production.
SMART-I18N-1152,frontend_admin_static,frontend/src/admin/components/shared/RichTextEditor.tsx:89,jsx,التحدي,The Challenge,i18n-admin-ui,Proposed English copy for bilingual implementation; review brand/proper-name spelling before production.
SMART-I18N-1153,frontend_admin_static,frontend/src/admin/components/shared/RichTextEditor.tsx:89,jsx,ما هو التحدي الذي واجهه العميل...,What challenge did the client face...,i18n-admin-ui,Proposed English copy for bilingual implementation; review brand/proper-name spelling before production.
SMART-I18N-1154,frontend_admin_static,frontend/src/admin/components/shared/RichTextEditor.tsx:89,jsx,الحل,The Solution,i18n-admin-ui,Proposed English copy for bilingual implementation; review brand/proper-name spelling before production.
SMART-I18N-1155,frontend_admin_static,frontend/src/admin/components/shared/RichTextEditor.tsx:89,jsx,كيف قدمنا الحل...,How we delivered the solution...,i18n-admin-ui,Proposed English copy for bilingual implementation; review brand/proper-name spelling before production.
SMART-I18N-1156,frontend_admin_static,frontend/src/admin/components/shared/RichTextEditor.tsx:89,jsx,النتائج,Results,i18n-admin-ui,Proposed English copy for bilingual implementation; review brand/proper-name spelling before production.
SMART-I18N-1157,frontend_admin_static,frontend/src/admin/components/shared/RichTextEditor.tsx:89,jsx,نتيجة 1,Result 1,i18n-admin-ui,Proposed English copy for bilingual implementation; review brand/proper-name spelling before production.
SMART-I18N-1158,frontend_admin_static,frontend/src/admin/components/shared/RichTextEditor.tsx:89,jsx,نتيجة 2,Result 2,i18n-admin-ui,Proposed English copy for bilingual implementation; review brand/proper-name spelling before production.
SMART-I18N-1159,frontend_admin_static,frontend/src/admin/components/shared/RichTextEditor.tsx:89,jsx,نتيجة 3,Result 3,i18n-admin-ui,Proposed English copy for bilingual implementation; review brand/proper-name spelling before production.
SMART-I18N-1160,frontend_admin_static,frontend/src/admin/components/shared/RichTextEditor.tsx:89,jsx,الدروس المستفادة...,Lessons learned...,i18n-admin-ui,Proposed English copy for bilingual implementation; review brand/proper-name spelling before production.
SMART-I18N-1161,frontend_admin_static,frontend/src/admin/components/shared/RichTextEditor.tsx:92,double,خبر تقني,Tech News,i18n-admin-ui,Proposed English copy for bilingual implementation; review brand/proper-name spelling before production.
SMART-I18N-1162,frontend_admin_static,frontend/src/admin/components/shared/RichTextEditor.tsx:93,double,نموذج خبر مع إحصائيات واقتباسات,News template with statistics and quotes,i18n-admin-ui,Proposed English copy for bilingual implementation; review brand/proper-name spelling before production.
SMART-I18N-1163,frontend_admin_static,frontend/src/admin/components/shared/RichTextEditor.tsx:94,template,<h2>الخلاصة التنفيذية</h2><p>نقاط رئيسية من الخبر...</p><blockquote><p>اقتباس مهم ه...</p></blockquote><h2>التفاصيل</h2><p>شرح تفصيلي للخبر...</p><h2>التحليل</h2><p>تحليل للتأثيرات والنتائج...</p><h2>ما التالي؟</h2><p>الخطوات المستقبلية...</p>,<h2>Executive Summary</h2><p>Key points from the news...</p><blockquote><p>Important quote...</p></blockquote><h2>Details</h2><p>Detailed explanation of the news...</p><h2>Analysis</h2><p>Analysis of the impact and results...</p><h2>What’s Next?</h2><p>Future steps...</p>,i18n-admin-ui,Proposed English copy for bilingual implementation; review brand/proper-name spelling before production.
SMART-I18N-1164,frontend_admin_static,frontend/src/admin/components/shared/RichTextEditor.tsx:94,jsx,الخلاصة التنفيذية,Executive Summary,i18n-admin-ui,Proposed English copy for bilingual implementation; review brand/proper-name spelling before production.
SMART-I18N-1165,frontend_admin_static,frontend/src/admin/components/shared/RichTextEditor.tsx:94,jsx,نقاط رئيسية من الخبر...,Key points from the news...,i18n-admin-ui,Proposed English copy for bilingual implementation; review brand/proper-name spelling before production.
SMART-I18N-1166,frontend_admin_static,frontend/src/admin/components/shared/RichTextEditor.tsx:94,jsx,اقتباس مهم ه...,Important quote...,i18n-admin-ui,Proposed English copy for bilingual implementation; review brand/proper-name spelling before production.
SMART-I18N-1167,frontend_admin_static,frontend/src/admin/components/shared/RichTextEditor.tsx:94,jsx,التفاصيل,Details,i18n-admin-ui,Proposed English copy for bilingual implementation; review brand/proper-name spelling before production.
SMART-I18N-1168,frontend_admin_static,frontend/src/admin/components/shared/RichTextEditor.tsx:94,jsx,شرح تفصيلي للخبر...,Detailed explanation of the news...,i18n-admin-ui,Proposed English copy for bilingual implementation; review brand/proper-name spelling before production.
SMART-I18N-1169,frontend_admin_static,frontend/src/admin/components/shared/RichTextEditor.tsx:94,jsx,التحليل,Analysis,i18n-admin-ui,Proposed English copy for bilingual implementation; review brand/proper-name spelling before production.
SMART-I18N-1170,frontend_admin_static,frontend/src/admin/components/shared/RichTextEditor.tsx:94,jsx,تحليل للتأثيرات والنتائج...,Analysis of the impact and results...,i18n-admin-ui,Proposed English copy for bilingual implementation; review brand/proper-name spelling before production.
SMART-I18N-1171,frontend_admin_static,frontend/src/admin/components/shared/RichTextEditor.tsx:94,jsx,ما التالي؟,What’s Next?,i18n-admin-ui,Proposed English copy for bilingual implementation; review brand/proper-name spelling before production.
SMART-I18N-1172,frontend_admin_static,frontend/src/admin/components/shared/RichTextEditor.tsx:94,jsx,الخطوات المستقبلية...,Future steps...,i18n-admin-ui,Proposed English copy for bilingual implementation; review brand/proper-name spelling before production.
SMART-I18N-1173,frontend_admin_static,frontend/src/admin/components/shared/RichTextEditor.tsx:107,double,ابدأ الكتابة...,Start writing...,i18n-admin-ui,Proposed English copy for bilingual implementation; review brand/proper-name spelling before production.
SMART-I18N-1174,frontend_admin_static,frontend/src/admin/components/shared/RichTextEditor.tsx:256,double,أدخل الرابط:,Enter URL:,i18n-admin-ui,Proposed English copy for bilingual implementation; review brand/proper-name spelling before production.
SMART-I18N-1175,frontend_admin_static,frontend/src/admin/components/shared/RichTextEditor.tsx:459,jsx,{charCount.toLocaleString()} حرف,{charCount.toLocaleString()} characters,i18n-admin-ui,Proposed English copy for bilingual implementation; review brand/proper-name spelling before production.
SMART-I18N-1176,frontend_admin_static,frontend/src/admin/components/shared/RichTextEditor.tsx:460,jsx,{wordCount.toLocaleString()} كلمة,{wordCount.toLocaleString()} words,i18n-admin-ui,Proposed English copy for bilingual implementation; review brand/proper-name spelling before production.
SMART-I18N-1177,frontend_admin_static,frontend/src/admin/components/shared/RichTextEditor.tsx:461,jsx,{readingTime} دقيقة قراءة,{readingTime} min read,i18n-admin-ui,Proposed English copy for bilingual implementation; review brand/proper-name spelling before production.
SMART-I18N-1178,frontend_admin_static,frontend/src/admin/components/shared/RichTextEditor.tsx:477,double,القوالب,Templates,i18n-admin-ui,Proposed English copy for bilingual implementation; review brand/proper-name spelling before production.
SMART-I18N-1179,frontend_admin_static,frontend/src/admin/components/shared/RichTextEditor.tsx:502,double,عريض (Ctrl+B),Bold (Ctrl+B),i18n-admin-ui,Proposed English copy for bilingual implementation; review brand/proper-name spelling before production.
SMART-I18N-1180,frontend_admin_static,frontend/src/admin/components/shared/RichTextEditor.tsx:509,double,مائل (Ctrl+I),Italic (Ctrl+I),i18n-admin-ui,Proposed English copy for bilingual implementation; review brand/proper-name spelling before production.
SMART-I18N-1181,frontend_admin_static,frontend/src/admin/components/shared/RichTextEditor.tsx:516,double,خط تحت (Ctrl+U),Underline (Ctrl+U),i18n-admin-ui,Proposed English copy for bilingual implementation; review brand/proper-name spelling before production.
SMART-I18N-1182,frontend_admin_static,frontend/src/admin/components/shared/RichTextEditor.tsx:523,double,خط وسط,Strikethrough,i18n-admin-ui,Proposed English copy for bilingual implementation; review brand/proper-name spelling before production.
SMART-I18N-1183,frontend_admin_static,frontend/src/admin/components/shared/RichTextEditor.tsx:535,double,لون النص,Text Color,i18n-admin-ui,Proposed English copy for bilingual implementation; review brand/proper-name spelling before production.
SMART-I18N-1184,frontend_admin_static,frontend/src/admin/components/shared/RichTextEditor.tsx:560 | frontend/src/admin/components/shared/RichTextEditor.tsx:911,double,تظليل,Highlight,i18n-admin-ui,Proposed English copy for bilingual implementation; review brand/proper-name spelling before production.
SMART-I18N-1185,frontend_admin_static,frontend/src/admin/components/shared/RichTextEditor.tsx:571,double,عنوان رئيسي (H1),Heading 1 (H1),i18n-admin-ui,Proposed English copy for bilingual implementation; review brand/proper-name spelling before production.
SMART-I18N-1186,frontend_admin_static,frontend/src/admin/components/shared/RichTextEditor.tsx:578,double,عنوان فرعي (H2),Heading 2 (H2),i18n-admin-ui,Proposed English copy for bilingual implementation; review brand/proper-name spelling before production.
SMART-I18N-1187,frontend_admin_static,frontend/src/admin/components/shared/RichTextEditor.tsx:585,double,عنوان فرعي (H3),Heading 3 (H3),i18n-admin-ui,Proposed English copy for bilingual implementation; review brand/proper-name spelling before production.
SMART-I18N-1188,frontend_admin_static,frontend/src/admin/components/shared/RichTextEditor.tsx:596,double,محاذاة لليمين,Align Right,i18n-admin-ui,Proposed English copy for bilingual implementation; review brand/proper-name spelling before production.
SMART-I18N-1189,frontend_admin_static,frontend/src/admin/components/shared/RichTextEditor.tsx:603,double,توسيط,Center,i18n-admin-ui,Proposed English copy for bilingual implementation; review brand/proper-name spelling before production.
SMART-I18N-1190,frontend_admin_static,frontend/src/admin/components/shared/RichTextEditor.tsx:610,double,محاذاة لليسار,Align Left,i18n-admin-ui,Proposed English copy for bilingual implementation; review brand/proper-name spelling before production.
SMART-I18N-1191,frontend_admin_static,frontend/src/admin/components/shared/RichTextEditor.tsx:617,double,ضبط,Justify,i18n-admin-ui,Proposed English copy for bilingual implementation; review brand/proper-name spelling before production.
SMART-I18N-1192,frontend_admin_static,frontend/src/admin/components/shared/RichTextEditor.tsx:628,double,قائمة نقطية,Bulleted List,i18n-admin-ui,Proposed English copy for bilingual implementation; review brand/proper-name spelling before production.
SMART-I18N-1193,frontend_admin_static,frontend/src/admin/components/shared/RichTextEditor.tsx:635,double,قائمة مرقمة,Numbered List,i18n-admin-ui,Proposed English copy for bilingual implementation; review brand/proper-name spelling before production.
SMART-I18N-1194,frontend_admin_static,frontend/src/admin/components/shared/RichTextEditor.tsx:642,double,اقتباس,Blockquote,i18n-admin-ui,Proposed English copy for bilingual implementation; review brand/proper-name spelling before production.
SMART-I18N-1195,frontend_admin_static,frontend/src/admin/components/shared/RichTextEditor.tsx:653,double,إدراج صورة,Insert Image,i18n-admin-ui,Proposed English copy for bilingual implementation; review brand/proper-name spelling before production.
SMART-I18N-1196,frontend_admin_static,frontend/src/admin/components/shared/RichTextEditor.tsx:660,double,تضمين يوتيوب,Embed YouTube,i18n-admin-ui,Proposed English copy for bilingual implementation; review brand/proper-name spelling before production.
SMART-I18N-1197,frontend_admin_static,frontend/src/admin/components/shared/RichTextEditor.tsx:666,double,إدراج جدول,Insert Table,i18n-admin-ui,Proposed English copy for bilingual implementation; review brand/proper-name spelling before production.
SMART-I18N-1198,frontend_admin_static,frontend/src/admin/components/shared/RichTextEditor.tsx:673,double,كتلة كود,Code Block,i18n-admin-ui,Proposed English copy for bilingual implementation; review brand/proper-name spelling before production.
SMART-I18N-1199,frontend_admin_static,frontend/src/admin/components/shared/RichTextEditor.tsx:684,double,كود مضمن,Inline Code,i18n-admin-ui,Proposed English copy for bilingual implementation; review brand/proper-name spelling before production.
SMART-I18N-1200,frontend_admin_static,frontend/src/admin/components/shared/RichTextEditor.tsx:691,double,نص سفلي,Subscript,i18n-admin-ui,Proposed English copy for bilingual implementation; review brand/proper-name spelling before production.
SMART-I18N-1201,frontend_admin_static,frontend/src/admin/components/shared/RichTextEditor.tsx:698,double,نص علوي,Superscript,i18n-admin-ui,Proposed English copy for bilingual implementation; review brand/proper-name spelling before production.
SMART-I18N-1202,frontend_admin_static,frontend/src/admin/components/shared/RichTextEditor.tsx:704,double,خط فاصل,Horizontal Rule,i18n-admin-ui,Proposed English copy for bilingual implementation; review brand/proper-name spelling before production.
SMART-I18N-1203,frontend_admin_static,frontend/src/admin/components/shared/RichTextEditor.tsx:711,double,رابط (Ctrl+K),Link (Ctrl+K),i18n-admin-ui,Proposed English copy for bilingual implementation; review brand/proper-name spelling before production.
SMART-I18N-1204,frontend_admin_static,frontend/src/admin/components/shared/RichTextEditor.tsx:721,double,تراجع (Ctrl+Z),Undo (Ctrl+Z),i18n-admin-ui,Proposed English copy for bilingual implementation; review brand/proper-name spelling before production.
SMART-I18N-1205,frontend_admin_static,frontend/src/admin/components/shared/RichTextEditor.tsx:727,double,إعادة (Ctrl+Y),Redo (Ctrl+Y),i18n-admin-ui,Proposed English copy for bilingual implementation; review brand/proper-name spelling before production.
SMART-I18N-1206,frontend_admin_static,frontend/src/admin/components/shared/RichTextEditor.tsx:738,double,عرض المحرر,Editor View,i18n-admin-ui,Proposed English copy for bilingual implementation; review brand/proper-name spelling before production.
SMART-I18N-1207,frontend_admin_static,frontend/src/admin/components/shared/RichTextEditor.tsx:738,double,عرض HTML,HTML View,i18n-admin-ui,Proposed English copy for bilingual implementation; review brand/proper-name spelling before production.
SMART-I18N-1208,frontend_admin_static,frontend/src/admin/components/shared/RichTextEditor.tsx:750,double,أدخل رابط الصورة أو ارفع ملف...,Enter image URL or upload a file...,i18n-admin-ui,Proposed English copy for bilingual implementation; review brand/proper-name spelling before production.
SMART-I18N-1209,frontend_admin_static,frontend/src/admin/components/shared/RichTextEditor.tsx:800,double,رابط فيديو يوتيوب...,YouTube video URL...,i18n-admin-ui,Proposed English copy for bilingual implementation; review brand/proper-name spelling before production.
SMART-I18N-1210,frontend_admin_static,frontend/src/admin/components/shared/RichTextEditor.tsx:832,jsx,جدول:,Table:,i18n-admin-ui,Proposed English copy for bilingual implementation; review brand/proper-name spelling before production.
SMART-I18N-1211,frontend_admin_static,frontend/src/admin/components/shared/RichTextEditor.tsx:890,double,عريض,Bold,i18n-admin-ui,Proposed English copy for bilingual implementation; review brand/proper-name spelling before production.
SMART-I18N-1212,frontend_admin_static,frontend/src/admin/components/shared/RichTextEditor.tsx:897,double,مائل,Italic,i18n-admin-ui,Proposed English copy for bilingual implementation; review brand/proper-name spelling before production.
SMART-I18N-1213,frontend_admin_static,frontend/src/admin/components/shared/RichTextEditor.tsx:904,double,خط تحت,Underline,i18n-admin-ui,Proposed English copy for bilingual implementation; review brand/proper-name spelling before production.
SMART-I18N-1214,frontend_admin_static,frontend/src/admin/components/shared/RichTextEditor.tsx:919,double,رابط,Link,i18n-admin-ui,Proposed English copy for bilingual implementation; review brand/proper-name spelling before production.
SMART-I18N-1215,frontend_admin_static,frontend/src/admin/components/shared/RichTextEditor.tsx:925,double,إزالة الرابط,Remove Link,i18n-admin-ui,Proposed English copy for bilingual implementation; review brand/proper-name spelling before production.
SMART-I18N-1216,frontend_admin_static,frontend/src/admin/components/shared/RichTextEditor.tsx:952,jsx,Markdown/HTML متوافق,Markdown/HTML Compatible,i18n-admin-ui,Proposed English copy for bilingual implementation; review brand/proper-name spelling before production.
SMART-I18N-1217,frontend_admin_static,frontend/src/admin/components/shared/RichTextEditor.tsx:955,jsx,Ctrl+B عريض,Ctrl+B Bold,i18n-admin-ui,Proposed English copy for bilingual implementation; review brand/proper-name spelling before production.
SMART-I18N-1218,frontend_admin_static,frontend/src/admin/components/shared/RichTextEditor.tsx:956,jsx,Ctrl+I مائل,Ctrl+I Italic,i18n-admin-ui,Proposed English copy for bilingual implementation; review brand/proper-name spelling before production.
SMART-I18N-1219,frontend_admin_static,frontend/src/admin/components/shared/RichTextEditor.tsx:957,jsx,Ctrl+K رابط,Ctrl+K Link,i18n-admin-ui,Proposed English copy for bilingual implementation; review brand/proper-name spelling before production.
SMART-I18N-1220,frontend_admin_static,frontend/src/admin/components/shared/RichTextEditor.tsx:958,jsx,Ctrl+S حفظ,Ctrl+S Save,i18n-admin-ui,Proposed English copy for bilingual implementation; review brand/proper-name spelling before production.
SMART-I18N-1221,frontend_public_static,frontend/src/services/newsletter.service.ts:32,double,هذا البريد الإلكتروني مشترك بالفعل في النشرة البريدية,This email address is already subscribed to the newsletter,i18n-public-ui,Proposed English copy for bilingual implementation; review brand/proper-name spelling before production.
SMART-I18N-1222,frontend_public_static,frontend/src/services/newsletter.service.ts:36,double,يرجى إدخال بريد إلكتروني صحيح,Please enter a valid email address,i18n-public-ui,Proposed English copy for bilingual implementation; review brand/proper-name spelling before production.
SMART-I18N-1223,frontend_public_static,frontend/src/services/newsletter.service.ts:39,double,حدث خطأ أثناء الاشتراك. يرجى المحاولة مرة أخرى,An error occurred while subscribing. Please try again,i18n-public-ui,Proposed English copy for bilingual implementation; review brand/proper-name spelling before production.
SMART-I18N-1224,frontend_public_static,frontend/src/services/newsletter.service.ts:55,double,هذا البريد الإلكتروني غير موجود في قائمتنا,This email address is not on our list,i18n-public-ui,Proposed English copy for bilingual implementation; review brand/proper-name spelling before production.
SMART-I18N-1225,frontend_public_static,frontend/src/services/newsletter.service.ts:57,double,حدث خطأ أثناء إلغاء الاشتراك. يرجى المحاولة مرة أخرى,An error occurred while unsubscribing. Please try again,i18n-public-ui,Proposed English copy for bilingual implementation; review brand/proper-name spelling before production.
SMART-I18N-1226,frontend_public_static,frontend/src/lib/constants.ts:2,double,حلول رقمية متقدمة لتطوير مشاريعك.,Advanced digital solutions to grow your projects.,i18n-public-ui,Proposed English copy for bilingual implementation; review brand/proper-name spelling before production.
SMART-I18N-1227,backend_source_example,backend/src/hosting-packages/dto/create-hosting-package.dto.ts:201,single,"50GB (تكفي لحوالي 10,000 زائر شهرياً)","50GB (enough for approximately 10,000 monthly visitors)",developer-doc/example; localize only if exposed,Developer/API example text; localize only if it is exposed to end users.
SMART-I18N-1228,backend_source_example,backend/src/hosting-packages/dto/create-hosting-package.dto.ts:202,single,2GB (مناسب للمواقع متوسطة الحجم),2GB (suitable for medium-sized websites),developer-doc/example; localize only if exposed,Developer/API example text; localize only if it is exposed to end users.
SMART-I18N-1229,backend_source_example,backend/src/hosting-packages/dto/create-hosting-package.dto.ts:203,single,2 vCPU (أداء سريع للعمليات المعقدة),2 vCPU (fast performance for complex operations),developer-doc/example; localize only if exposed,Developer/API example text; localize only if it is exposed to end users.
SMART-I18N-1230,backend_source_example,backend/src/hosting-packages/dto/create-package-selection.dto.ts:22 | backend/src/testimonials/dto/create-testimonial.dto.ts:16 | backend/src/leads/dto/create-lead.dto.ts:27,single,أحمد محمد,Ahmed Mohammed,developer-doc/example; localize only if exposed,Developer/API example text; localize only if it is exposed to end users.
SMART-I18N-1231,backend_source_example,backend/src/hosting-packages/dto/create-package-selection.dto.ts:47,single,شركة التجارة الإلكترونية,E-Commerce Company,developer-doc/example; localize only if exposed,Developer/API example text; localize only if it is exposed to end users.
SMART-I18N-1232,backend_source_example,backend/src/hosting-packages/dto/create-package-selection.dto.ts:55,single,أحتاج إلى دعم WordPress وSSL مجاني,I need WordPress support and free SSL,developer-doc/example; localize only if exposed,Developer/API example text; localize only if it is exposed to end users.
SMART-I18N-1233,backend_source_example,backend/src/blog/dto/create-blog.dto.ts:88,single,كيف تبني تطبيق ناجح,How to Build a Successful App,developer-doc/example; localize only if exposed,Developer/API example text; localize only if it is exposed to end users.
SMART-I18N-1234,backend_source_example,backend/src/blog/dto/create-blog.dto.ts:104,single,<p>محتوى المقال...</p>,<p>Article content...</p>,developer-doc/example; localize only if exposed,Developer/API example text; localize only if it is exposed to end users.
SMART-I18N-1235,backend_source_example,backend/src/blog/dto/create-blog.dto.ts:104,jsx,محتوى المقال...,Article content...,developer-doc/example; localize only if exposed,Developer/API example text; localize only if it is exposed to end users.
SMART-I18N-1236,backend_source_example,backend/src/blog/dto/create-blog.dto.ts:112,single,تعلم كيفية بناء تطبيق ناجح من الصفر...,Learn how to build a successful app from scratch...,developer-doc/example; localize only if exposed,Developer/API example text; localize only if it is exposed to end users.
SMART-I18N-1237,backend_source_example,backend/src/about/dto/create-about.dto.ts:17,single,لا نبني مواقع فقط... نبني أنظمة رقمية تساعد الشركات على النمو,We don’t just build websites... we build digital systems that help companies grow,developer-doc/example; localize only if exposed,Developer/API example text; localize only if it is exposed to end users.
SMART-I18N-1238,backend_source_example,backend/src/about/dto/create-about.dto.ts:26,single,سمارت وكالة تقنية تجمع بين الاستراتيجية، تجربة المستخدم، التصميم، البرمجة، والذكاء الاصطناعي,"Smart is a technology agency that combines strategy, user experience, design, development, and artificial intelligence",developer-doc/example; localize only if exposed,Developer/API example text; localize only if it is exposed to end users.
SMART-I18N-1239,backend_source_example,backend/src/about/dto/create-about.dto.ts:34,single,من نحن,About Us,developer-doc/example; localize only if exposed,Developer/API example text; localize only if it is exposed to end users.
SMART-I18N-1240,backend_source_example,backend/src/about/dto/create-about.dto.ts:50 | backend/src/about/dto/create-about.dto.ts:366,single,ابدأ مشروعك معنا,Start Your Project with Us,developer-doc/example; localize only if exposed,Developer/API example text; localize only if it is exposed to end users.
SMART-I18N-1241,backend_source_example,backend/src/about/dto/create-about.dto.ts:66,single,شاهد أعمالنا,View Our Work,developer-doc/example; localize only if exposed,Developer/API example text; localize only if it is exposed to end users.
SMART-I18N-1242,backend_source_example,backend/src/about/dto/create-about.dto.ts:82,single,استراتيجية قبل التنفيذ,Strategy Before Execution,developer-doc/example; localize only if exposed,Developer/API example text; localize only if it is exposed to end users.
SMART-I18N-1243,backend_source_example,backend/src/about/dto/create-about.dto.ts:82,single,تصميم يخدم التحويل,Design That Drives Conversion,developer-doc/example; localize only if exposed,Developer/API example text; localize only if it is exposed to end users.
SMART-I18N-1244,backend_source_example,backend/src/about/dto/create-about.dto.ts:93,single,لماذا وُجدت سمارت؟,Why Was Smart Created?,developer-doc/example; localize only if exposed,Developer/API example text; localize only if it is exposed to end users.
SMART-I18N-1245,backend_source_example,backend/src/about/dto/create-about.dto.ts:102,single,كثير من المشاريع لا تفشل بسبب ضعف الفكرة، بل بسبب ضعف تحويلها إلى تجربة واضحة,"Many projects do not fail because the idea is weak, but because the idea is poorly translated into a clear experience",developer-doc/example; localize only if exposed,Developer/API example text; localize only if it is exposed to end users.
SMART-I18N-1246,backend_source_example,backend/src/about/dto/create-about.dto.ts:110,single,أفكار قوية تضيع بسبب تنفيذ تقليدي,Strong ideas are lost through conventional execution,developer-doc/example; localize only if exposed,Developer/API example text; localize only if it is exposed to end users.
SMART-I18N-1247,backend_source_example,backend/src/about/dto/create-about.dto.ts:119,single,نحن لا نتعامل مع المشروع كتصميم أو كود فقط,We do not treat a project as just design or code,developer-doc/example; localize only if exposed,Developer/API example text; localize only if it is exposed to end users.
SMART-I18N-1248,backend_source_example,backend/src/about/dto/create-about.dto.ts:137,single,نفهم قبل أن نصمم,We understand before we design,developer-doc/example; localize only if exposed,Developer/API example text; localize only if it is exposed to end users.
SMART-I18N-1249,backend_source_example,backend/src/about/dto/create-about.dto.ts:145,single,نبدأ بفهم الهدف التجاري، طبيعة الجمهور، رحلة المستخدم,"We start by understanding the business goal, the audience, and the user journey",developer-doc/example; localize only if exposed,Developer/API example text; localize only if it is exposed to end users.
SMART-I18N-1250,backend_source_example,backend/src/about/dto/create-about.dto.ts:153,single,مخرجات أوضح قبل الدخول في التصميم والتنفيذ,Clearer outputs before moving into design and implementation,developer-doc/example; localize only if exposed,Developer/API example text; localize only if it is exposed to end users.
SMART-I18N-1251,backend_source_example,backend/src/about/dto/create-about.dto.ts:171,single,نفهم المنتج وليس الكود فقط,"We understand the product, not just the code",developer-doc/example; localize only if exposed,Developer/API example text; localize only if it is exposed to end users.
SMART-I18N-1252,backend_source_example,backend/src/about/dto/create-about.dto.ts:179,single,نتعامل مع كل مشروع كسير عمل وتجربة وهدف تجاري,"We treat every project as a workflow, an experience, and a business objective",developer-doc/example; localize only if exposed,Developer/API example text; localize only if it is exposed to end users.
SMART-I18N-1253,backend_source_example,backend/src/about/dto/create-about.dto.ts:205,single,الاكتشاف والتحليل,Discovery and Analysis,developer-doc/example; localize only if exposed,Developer/API example text; localize only if it is exposed to end users.
SMART-I18N-1254,backend_source_example,backend/src/about/dto/create-about.dto.ts:213,single,نحدد الهدف، الجمهور، نطاق المشروع، الأولويات,"We define the goal, audience, project scope, and priorities",developer-doc/example; localize only if exposed,Developer/API example text; localize only if it is exposed to end users.
SMART-I18N-1255,backend_source_example,backend/src/about/dto/create-about.dto.ts:221,single,ملخص المتطلبات وخريطة أولية للحل,Requirements summary and an initial solution map,developer-doc/example; localize only if exposed,Developer/API example text; localize only if it is exposed to end users.
SMART-I18N-1256,backend_source_example,backend/src/about/dto/create-about.dto.ts:247,single,لا نبدأ قبل فهم الهدف,We do not start before understanding the goal,developer-doc/example; localize only if exposed,Developer/API example text; localize only if it is exposed to end users.
SMART-I18N-1257,backend_source_example,backend/src/about/dto/create-about.dto.ts:255,single,كل قرار تصميمي أو تقني يجب أن يخدم هدفًا واضحًا,Every design or technical decision must serve a clear objective,developer-doc/example; localize only if exposed,Developer/API example text; localize only if it is exposed to end users.
SMART-I18N-1258,backend_source_example,backend/src/about/dto/create-about.dto.ts:263,single,قبل التصميم نسأل: ما القرار الذي نريد من المستخدم اتخاذه؟,"Before designing, we ask: what decision do we want the user to make?",developer-doc/example; localize only if exposed,Developer/API example text; localize only if it is exposed to end users.
SMART-I18N-1259,backend_source_example,backend/src/about/dto/create-about.dto.ts:289,single,مشروع رقمي,Digital Project,developer-doc/example; localize only if exposed,Developer/API example text; localize only if it is exposed to end users.
SMART-I18N-1260,backend_source_example,backend/src/about/dto/create-about.dto.ts:305,single,بين مواقع تعريفية، متاجر إلكترونية، تطبيقات,"Across corporate websites, e-commerce stores, and applications",developer-doc/example; localize only if exposed,Developer/API example text; localize only if it is exposed to end users.
SMART-I18N-1261,backend_source_example,backend/src/about/dto/create-about.dto.ts:315,single,فريق صغير بعقلية تنفيذ كبيرة,A small team with a big execution mindset,developer-doc/example; localize only if exposed,Developer/API example text; localize only if it is exposed to end users.
SMART-I18N-1262,backend_source_example,backend/src/about/dto/create-about.dto.ts:323,single,نؤمن أن قوة الوكالة لا تقاس بعدد الأشخاص فقط,We believe an agency’s strength is not measured by headcount alone,developer-doc/example; localize only if exposed,Developer/API example text; localize only if it is exposed to end users.
SMART-I18N-1263,backend_source_example,backend/src/about/dto/create-about.dto.ts:331,single,تواصل مباشر وواضح,Direct and Clear Communication,developer-doc/example; localize only if exposed,Developer/API example text; localize only if it is exposed to end users.
SMART-I18N-1264,backend_source_example,backend/src/about/dto/create-about.dto.ts:331,single,قرارات مبنية على هدف المشروع,Decisions Based on the Project Goal,developer-doc/example; localize only if exposed,Developer/API example text; localize only if it is exposed to end users.
SMART-I18N-1265,backend_source_example,backend/src/about/dto/create-about.dto.ts:350,single,هل لديك فكرة وتريد تحويلها إلى منتج رقمي حقيقي؟,Do you have an idea you want to turn into a real digital product?,developer-doc/example; localize only if exposed,Developer/API example text; localize only if it is exposed to end users.
SMART-I18N-1266,backend_source_example,backend/src/about/dto/create-about.dto.ts:358,single,شاركنا فكرتك، وسنساعدك على تحويلها إلى تجربة واضحة,"Share your idea with us, and we’ll help you turn it into a clear experience",developer-doc/example; localize only if exposed,Developer/API example text; localize only if it is exposed to end users.
SMART-I18N-1267,backend_source_example,backend/src/about/dto/create-about.dto.ts:382,single,استعرض أعمالنا,Explore Our Work,developer-doc/example; localize only if exposed,Developer/API example text; localize only if it is exposed to end users.
SMART-I18N-1268,backend_source_example,backend/src/about/dto/create-about.dto.ts:400,single,من نحن | وكالة سمارت للحلول الرقمية والبرمجية,About Us | Smart Agency for Digital and Software Solutions,developer-doc/example; localize only if exposed,Developer/API example text; localize only if it is exposed to end users.
SMART-I18N-1269,backend_source_example,backend/src/about/dto/create-about.dto.ts:409,single,تعرف على وكالة سمارت: شريك تقني يساعد الشركات على بناء مواقع وتطبيقات,Learn about Smart Agency: a technology partner that helps companies build websites and applications,developer-doc/example; localize only if exposed,Developer/API example text; localize only if it is exposed to end users.
SMART-I18N-1270,backend_source_example,backend/src/about/dto/create-about.dto.ts:417,single,وكالة سمارت,Smart Agency,developer-doc/example; localize only if exposed,Developer/API example text; localize only if it is exposed to end users.
SMART-I18N-1271,backend_source_example,backend/src/about/dto/create-about.dto.ts:417,single,شركة برمجة,Software Company,developer-doc/example; localize only if exposed,Developer/API example text; localize only if it is exposed to end users.
SMART-I18N-1272,backend_source_example,backend/src/about/dto/create-about.dto.ts:417,single,تصميم مواقع,Web Design,developer-doc/example; localize only if exposed,Developer/API example text; localize only if it is exposed to end users.
SMART-I18N-1273,backend_source_example,backend/src/about/dto/create-about.dto.ts:444,single,أن تكون سمارت الشريك التقني الأقرب للشركات والمشاريع الطموحة,To make Smart the closest technology partner for ambitious companies and projects,developer-doc/example; localize only if exposed,Developer/API example text; localize only if it is exposed to end users.
SMART-I18N-1274,backend_source_example,backend/src/about/dto/create-about.dto.ts:453,single,مهمتنا هي مساعدة المشاريع على الانتقال من فكرة مبعثرة إلى منتج رقمي واضح,Our mission is to help projects move from a scattered idea to a clear digital product,developer-doc/example; localize only if exposed,Developer/API example text; localize only if it is exposed to end users.
SMART-I18N-1275,backend_source_example,backend/src/about/dto/create-about.dto.ts:461,single,نعمل بمنهجية تبدأ بفهم الهدف والسوق والمستخدم,"We follow an approach that starts with understanding the goal, market, and user",developer-doc/example; localize only if exposed,Developer/API example text; localize only if it is exposed to end users.
SMART-I18N-1276,backend_source_example,backend/src/testimonials/dto/create-testimonial.dto.ts:32 | backend/src/leads/dto/create-lead.dto.ts:35,single,شركة النجاح,Al-Najah Company,developer-doc/example; localize only if exposed,Developer/API example text; localize only if it is exposed to end users.
SMART-I18N-1277,backend_source_example,backend/src/testimonials/dto/create-testimonial.dto.ts:56,single,عمل احترافي وتواصل ممتاز. أنصح بهم بشدة!,Professional work and excellent communication. Highly recommended!,developer-doc/example; localize only if exposed,Developer/API example text; localize only if it is exposed to end users.
SMART-I18N-1278,backend_source_example,backend/src/team/dto/create-team-member.dto.ts:19,single,أحمد علي,Ahmed Ali,developer-doc/example; localize only if exposed,Developer/API example text; localize only if it is exposed to end users.
SMART-I18N-1279,backend_source_example,backend/src/team/dto/create-team-member.dto.ts:51,single,مطور خبير مع 5 سنوات خبرة في تطوير تطبيقات الويب,Experienced developer with 5 years of experience in web application development,developer-doc/example; localize only if exposed,Developer/API example text; localize only if it is exposed to end users.
SMART-I18N-1280,backend_source_example,backend/src/team/dto/create-team-member.dto.ts:59,single,مدمن قهوة ☕,Coffee addict ☕,developer-doc/example; localize only if exposed,Developer/API example text; localize only if it is exposed to end users.
SMART-I18N-1281,backend_source_example,backend/src/leads/dto/create-lead.dto.ts:76,single,أريد تطوير موقع تجارة إلكترونية...,I want to develop an e-commerce website...,developer-doc/example; localize only if exposed,Developer/API example text; localize only if it is exposed to end users.
SMART-I18N-1282,backend_source_example,backend/src/leads/dto/create-lead.dto.ts:109,single,إطلاق متجر إلكتروني لإدارة الطلبات,Launch an e-commerce store to manage orders,developer-doc/example; localize only if exposed,Developer/API example text; localize only if it is exposed to end users.
SMART-I18N-1283,backend_source_example,backend/src/technologies/dto/create-technology.dto.ts:41,single,نستخدمها لسرعة استجابة البيانات (Caching),We use it to improve data response speed (caching),developer-doc/example; localize only if exposed,Developer/API example text; localize only if it is exposed to end users.
SMART-I18N-1284,backend_source_example,backend/src/projects/dto/create-project.dto.ts:18,single,زيادة المبيعات,Increase Sales,developer-doc/example; localize only if exposed,Developer/API example text; localize only if it is exposed to end users.
SMART-I18N-1285,backend_source_example,backend/src/projects/dto/create-project.dto.ts:67,single,مدة التنفيذ,Implementation Duration,developer-doc/example; localize only if exposed,Developer/API example text; localize only if it is exposed to end users.
SMART-I18N-1286,backend_source_example,backend/src/projects/dto/create-project.dto.ts:72 | backend/src/projects/dto/create-project.dto.ts:194,single,45 يوم,45 days,developer-doc/example; localize only if exposed,Developer/API example text; localize only if it is exposed to end users.
SMART-I18N-1287,backend_source_example,backend/src/projects/dto/create-project.dto.ts:84,single,متجر ريم,Reem Store,developer-doc/example; localize only if exposed,Developer/API example text; localize only if it is exposed to end users.
SMART-I18N-1288,backend_source_example,backend/src/projects/dto/create-project.dto.ts:99,single,تطبيق متجر إلكتروني متكامل,Integrated E-Commerce Application,developer-doc/example; localize only if exposed,Developer/API example text; localize only if it is exposed to end users.
SMART-I18N-1289,backend_source_example,backend/src/projects/dto/create-project.dto.ts:107,single,كان العميل يعاني من صعوبة في إدارة المبيعات...,The client was struggling to manage sales...,developer-doc/example; localize only if exposed,Developer/API example text; localize only if it is exposed to end users.
SMART-I18N-1290,backend_source_example,backend/src/projects/dto/create-project.dto.ts:115,single,قمنا بتطوير نظام متكامل يشمل...,We developed an integrated system that includes...,developer-doc/example; localize only if exposed,Developer/API example text; localize only if it is exposed to end users.
SMART-I18N-1291,backend_source_example,backend/src/projects/dto/create-project.dto.ts:170,single,شركة ريم,Reem Company,developer-doc/example; localize only if exposed,Developer/API example text; localize only if it is exposed to end users.
SMART-I18N-1292,backend_source_example,backend/src/projects/dto/create-project.dto.ts:186,single,تعليم,Education,developer-doc/example; localize only if exposed,Developer/API example text; localize only if it is exposed to end users.
SMART-I18N-1293,backend_source_example,backend/src/company-info/dto/create-company-info.dto.ts:50,single,"صنعاء, اليمن","Sana’a, Yemen",developer-doc/example; localize only if exposed,Developer/API example text; localize only if it is exposed to end users.
SMART-I18N-1294,backend_source_example,backend/src/company-info/dto/create-company-info.dto.ts:66,single,الأحد - الخميس: 8 ص - 5 م,Sunday - Thursday: 8 AM - 5 PM,developer-doc/example; localize only if exposed,Developer/API example text; localize only if it is exposed to end users.
SMART-I18N-1295,backend_source_example,backend/src/project-categories/schemas/project-category.schema.ts:12 | backend/src/project-categories/dto/create-project-category.dto.ts:21,single,مواقع إلكترونية,Websites,developer-doc/example; localize only if exposed,Developer/API example text; localize only if it is exposed to end users.
SMART-I18N-1296,backend_source_example,backend/src/services/dto/create-service.dto.ts:14,single,تصميم وتطوير مواقع الويب,Web Design and Development,developer-doc/example; localize only if exposed,Developer/API example text; localize only if it is exposed to end users.
SMART-I18N-1297,backend_source_example,backend/src/services/dto/create-service.dto.ts:22,single,حلول ويب متكاملة بدءًا من المواقع البسيطة وحتى الأنظمة المعقدة,Integrated web solutions ranging from simple websites to complex systems,developer-doc/example; localize only if exposed,Developer/API example text; localize only if it is exposed to end users.
SMART-I18N-1298,backend_source_example,backend/src/services/dto/create-service.dto.ts:56,single,تصميم متجاوب,Responsive Design,developer-doc/example; localize only if exposed,Developer/API example text; localize only if it is exposed to end users.
SMART-I18N-1299,backend_source_example,backend/src/services/dto/create-service.dto.ts:56,single,SEO محسّن,SEO Optimized,developer-doc/example; localize only if exposed,Developer/API example text; localize only if it is exposed to end users.
SMART-I18N-1300,backend_source_example,backend/src/services/dto/create-service.dto.ts:56,single,أداء عالي,High Performance,developer-doc/example; localize only if exposed,Developer/API example text; localize only if it is exposed to end users.
SMART-I18N-1301,backend_source_example,backend/src/services/dto/create-service.dto.ts:90,single,حلول ويب متكاملة بأحدث التقنيات,Integrated Web Solutions Using Modern Technologies,developer-doc/example; localize only if exposed,Developer/API example text; localize only if it is exposed to end users.
SMART-I18N-1302,database_public_cms,abouts.json::doc#1,hero.title,لا نبني مواقع فقط… نبني أنظمة رقمية تساعد الشركات على النمو,We don’t just build websites… we build digital systems that help businesses grow,add-en-content-field,Proposed English copy for bilingual implementation; review brand/proper-name spelling before production.
SMART-I18N-1303,database_public_cms,abouts.json::doc#1,hero.subtitle,سمارت وكالة تقنية تجمع بين الاستراتيجية، تجربة المستخدم، التصميم، البرمجة، والذكاء الاصطناعي لتحويل الأفكار إلى منتجات رقمية واضحة، قابلة للاستخدام، وقابلة للتوسع.,"Smart is a technology agency that brings together strategy, user experience, design, software development, and artificial intelligence to turn ideas into clear, usable, and scalable digital products.",add-en-content-field,Proposed English copy for bilingual implementation; review brand/proper-name spelling before production.
SMART-I18N-1304,database_public_cms,abouts.json::doc#1,hero.badge,من نحن,About Us,add-en-content-field,Proposed English copy for bilingual implementation; review brand/proper-name spelling before production.
SMART-I18N-1305,database_public_cms,abouts.json::doc#1,hero.primaryButtonText | cta.buttonText,ابدأ مشروعك معنا,Start Your Project with Us,add-en-content-field,Proposed English copy for bilingual implementation; review brand/proper-name spelling before production.
SMART-I18N-1306,database_public_cms,abouts.json::doc#1,hero.secondaryButtonText,شاهد أعمالنا,View Our Work,add-en-content-field,Proposed English copy for bilingual implementation; review brand/proper-name spelling before production.
SMART-I18N-1307,database_public_cms,abouts.json::doc#1,hero.trustBadges[0],استراتيجية قبل التنفيذ,Strategy Before Execution,add-en-content-field,Proposed English copy for bilingual implementation; review brand/proper-name spelling before production.
SMART-I18N-1308,database_public_cms,abouts.json::doc#1,hero.trustBadges[1],تصميم يخدم التحويل,Design That Drives Conversion,add-en-content-field,Proposed English copy for bilingual implementation; review brand/proper-name spelling before production.
SMART-I18N-1309,database_public_cms,abouts.json::doc#1,hero.trustBadges[2],برمجة قابلة للتوسع,Scalable Development,add-en-content-field,Proposed English copy for bilingual implementation; review brand/proper-name spelling before production.
SMART-I18N-1310,database_public_cms,abouts.json::doc#1,hero.trustBadges[3],شريك نمو لا مجرد منفذ,"A Growth Partner, Not Just a Vendor",add-en-content-field,Proposed English copy for bilingual implementation; review brand/proper-name spelling before production.
SMART-I18N-1311,database_public_cms,abouts.json::doc#1,vision,أن تكون سمارت الشريك التقني الأقرب للشركات والمشاريع الطموحة في المنطقة، من خلال بناء منتجات رقمية لا تكتفي بالمظهر الجميل، بل تصنع أثرًا تشغيليًا وتجاريًا حقيقيًا.,To make Smart the closest technology partner to ambitious businesses and projects in the region by building digital products that go beyond visual appeal to create real operational and commercial impact.,add-en-content-field,Proposed English copy for bilingual implementation; review brand/proper-name spelling before production.
SMART-I18N-1312,database_public_cms,abouts.json::doc#1,mission,مهمتنا هي مساعدة المشاريع على الانتقال من فكرة مبعثرة إلى منتج رقمي واضح، منظم، وسهل الاستخدام، عبر مزيج متكامل من التخطيط، التصميم، التطوير، الإطلاق، والتحسين المستمر.,"Our mission is to help projects move from a scattered idea to a clear, well-structured, and easy-to-use digital product through an integrated combination of planning, design, development, launch, and continuous improvement.",add-en-content-field,Proposed English copy for bilingual implementation; review brand/proper-name spelling before production.
SMART-I18N-1313,database_public_cms,abouts.json::doc#1,approach,نعمل بمنهجية تبدأ بفهم الهدف والسوق والمستخدم، ثم نترجم ذلك إلى تجربة استخدام واضحة، ونبنيها بتقنيات مستقرة قابلة للتوسع، ثم نتابع التحسين بعد الإطلاق بناءً على البيانات والتجربة الواقعية.,"Our methodology starts with understanding the objective, market, and user. We then translate that into a clear user experience, build it with stable and scalable technologies, and continue improving after launch based on data and real-world usage.",add-en-content-field,Proposed English copy for bilingual implementation; review brand/proper-name spelling before production.
SMART-I18N-1314,database_public_cms,abouts.json::doc#1,values[0].title,لا نبدأ قبل فهم الهدف,We Don’t Start Before Understanding the Goal,add-en-content-field,Proposed English copy for bilingual implementation; review brand/proper-name spelling before production.
SMART-I18N-1315,database_public_cms,abouts.json::doc#1,values[0].description,كل قرار تصميمي أو تقني يجب أن يخدم هدفًا واضحًا للمشروع والمستخدم.,Every design and technical decision must serve a clear objective for the project and the user.,add-en-content-field,Proposed English copy for bilingual implementation; review brand/proper-name spelling before production.
SMART-I18N-1316,database_public_cms,abouts.json::doc#1,values[0].example,قبل التصميم نسأل: ما القرار الذي نريد من المستخدم اتخاذه؟,"Before we design, we ask: what decision do we want the user to make?",add-en-content-field,Proposed English copy for bilingual implementation; review brand/proper-name spelling before production.
SMART-I18N-1317,database_public_cms,abouts.json::doc#1,values[1].title,الجمال يجب أن يخدم الوضوح,Beauty Must Serve Clarity,add-en-content-field,Proposed English copy for bilingual implementation; review brand/proper-name spelling before production.
SMART-I18N-1318,database_public_cms,abouts.json::doc#1,values[1].description,نؤمن أن الواجهة الاحترافية ليست زخرفة فقط، بل وضوح وترتيب وثقة وسهولة استخدام.,"We believe a professional interface is not decoration alone; it is clarity, structure, trust, and ease of use.",add-en-content-field,Proposed English copy for bilingual implementation; review brand/proper-name spelling before production.
SMART-I18N-1319,database_public_cms,abouts.json::doc#1,values[1].example,نقلل الضجيج البصري ونرفع وضوح الرسالة والزر الأساسي.,We reduce visual noise and increase the clarity of the message and primary action.,add-en-content-field,Proposed English copy for bilingual implementation; review brand/proper-name spelling before production.
SMART-I18N-1320,database_public_cms,abouts.json::doc#1,values[2].title,لا نبني شيئًا يصعب تطويره,We Don’t Build Things That Are Hard to Evolve,add-en-content-field,Proposed English copy for bilingual implementation; review brand/proper-name spelling before production.
SMART-I18N-1321,database_public_cms,abouts.json::doc#1,values[2].description,نهتم بالبنية والتنظيم من البداية حتى لا يتحول المشروع إلى عبء عند التوسع.,We care about architecture and organization from the start so the project does not become a burden as it scales.,add-en-content-field,Proposed English copy for bilingual implementation; review brand/proper-name spelling before production.
SMART-I18N-1322,database_public_cms,abouts.json::doc#1,values[2].example,نفصل المكونات ونراعي قابلية إعادة الاستخدام وتوسع البيانات.,We separate components and design for reusability and data growth.,add-en-content-field,Proposed English copy for bilingual implementation; review brand/proper-name spelling before production.
SMART-I18N-1323,database_public_cms,abouts.json::doc#1,values[3].title,نتعامل كشريك لا كمورد,"We Work as a Partner, Not a Supplier",add-en-content-field,Proposed English copy for bilingual implementation; review brand/proper-name spelling before production.
SMART-I18N-1324,database_public_cms,abouts.json::doc#1,values[3].description,نناقش، نقترح، ونصحح الاتجاه عندما نرى أن القرار لا يخدم المشروع.,"We discuss, recommend, and correct course when we believe a decision does not serve the project.",add-en-content-field,Proposed English copy for bilingual implementation; review brand/proper-name spelling before production.
SMART-I18N-1325,database_public_cms,abouts.json::doc#1,values[3].example,إذا كان المطلوب غير مناسب، نقترح بديلًا يخدم الهدف بشكل أفضل.,"If a requested approach is not suitable, we propose an alternative that better serves the goal.",add-en-content-field,Proposed English copy for bilingual implementation; review brand/proper-name spelling before production.
SMART-I18N-1326,database_public_cms,abouts.json::doc#1,stats[0].label,مشروع رقمي,Digital Projects,add-en-content-field,Proposed English copy for bilingual implementation; review brand/proper-name spelling before production.
SMART-I18N-1327,database_public_cms,abouts.json::doc#1,stats[0].description,بين مواقع تعريفية، متاجر إلكترونية، تطبيقات، أنظمة تشغيلية، ولوحات تحكم.,"Across corporate websites, e-commerce stores, applications, operational systems, and dashboards.",add-en-content-field,Proposed English copy for bilingual implementation; review brand/proper-name spelling before production.
SMART-I18N-1328,database_public_cms,abouts.json::doc#1,stats[1].label,أنواع حلول,Solution Types,add-en-content-field,Proposed English copy for bilingual implementation; review brand/proper-name spelling before production.
SMART-I18N-1329,database_public_cms,abouts.json::doc#1,stats[1].description,مواقع، تطبيقات، متاجر، أنظمة SaaS، لوحات إدارة، وأتمتة تشغيلية.,"Websites, applications, e-commerce stores, SaaS systems, admin dashboards, and operational automation.",add-en-content-field,Proposed English copy for bilingual implementation; review brand/proper-name spelling before production.
SMART-I18N-1330,database_public_cms,abouts.json::doc#1,stats[2].label,قطاعات تعاملنا معها,Industries Served,add-en-content-field,Proposed English copy for bilingual implementation; review brand/proper-name spelling before production.
SMART-I18N-1331,database_public_cms,abouts.json::doc#1,stats[2].description,تجارة، خدمات، تعليم، تقنية، محتوى، مشاريع ناشئة، وحلول داخلية.,"Commerce, services, education, technology, content, startups, and internal solutions.",add-en-content-field,Proposed English copy for bilingual implementation; review brand/proper-name spelling before production.
SMART-I18N-1332,database_public_cms,abouts.json::doc#1,stats[3].suffix,مراحل,Stages,add-en-content-field,Proposed English copy for bilingual implementation; review brand/proper-name spelling before production.
SMART-I18N-1333,database_public_cms,abouts.json::doc#1,stats[3].label,منهجية تنفيذ,Delivery Methodology,add-en-content-field,Proposed English copy for bilingual implementation; review brand/proper-name spelling before production.
SMART-I18N-1334,database_public_cms,abouts.json::doc#1,stats[3].description,من الاكتشاف والتخطيط إلى التصميم، التطوير، الاختبار، الإطلاق، والتحسين.,"From discovery and planning through design, development, testing, launch, and improvement.",add-en-content-field,Proposed English copy for bilingual implementation; review brand/proper-name spelling before production.
SMART-I18N-1335,database_public_cms,abouts.json::doc#1,cta.title,هل لديك فكرة وتريد تحويلها إلى منتج رقمي حقيقي؟,Do you have an idea you want to turn into a real digital product?,add-en-content-field,Proposed English copy for bilingual implementation; review brand/proper-name spelling before production.
SMART-I18N-1336,database_public_cms,abouts.json::doc#1,cta.description,شاركنا فكرتك، وسنساعدك على تحويلها إلى تجربة واضحة، نظام مستقر، وإطلاق احترافي قابل للنمو.,"Share your idea with us, and we’ll help you turn it into a clear experience, a stable system, and a professional launch built for growth.",add-en-content-field,Proposed English copy for bilingual implementation; review brand/proper-name spelling before production.
SMART-I18N-1337,database_public_cms,abouts.json::doc#1,cta.secondaryButtonText,استعرض أعمالنا,Explore Our Work,add-en-content-field,Proposed English copy for bilingual implementation; review brand/proper-name spelling before production.
SMART-I18N-1338,database_public_cms,abouts.json::doc#1,differentiators[0].title,نفهم المنتج وليس الكود فقط,"We Understand the Product, Not Just the Code",add-en-content-field,Proposed English copy for bilingual implementation; review brand/proper-name spelling before production.
SMART-I18N-1339,database_public_cms,abouts.json::doc#1,differentiators[0].description,نتعامل مع كل مشروع كسير عمل وتجربة وهدف تجاري، وليس مجرد صفحات يتم تنفيذها.,"We treat every project as a workflow, an experience, and a business objective—not merely a set of pages to implement.",add-en-content-field,Proposed English copy for bilingual implementation; review brand/proper-name spelling before production.
SMART-I18N-1340,database_public_cms,abouts.json::doc#1,differentiators[1].title,نجمع التصميم والتطوير والتشغيل,"We Bring Design, Development, and Operations Together",add-en-content-field,Proposed English copy for bilingual implementation; review brand/proper-name spelling before production.
SMART-I18N-1341,database_public_cms,abouts.json::doc#1,differentiators[1].description,نربط بين واجهة المستخدم، الباك إند، لوحة التحكم، وسهولة إدارة المحتوى بعد التسليم.,"We connect the user interface, backend, admin dashboard, and the ease of managing content after delivery.",add-en-content-field,Proposed English copy for bilingual implementation; review brand/proper-name spelling before production.
SMART-I18N-1342,database_public_cms,abouts.json::doc#1,differentiators[2].title,نستخدم التقنية حيث تصنع قيمة,We Use Technology Where It Creates Value,add-en-content-field,Proposed English copy for bilingual implementation; review brand/proper-name spelling before production.
SMART-I18N-1343,database_public_cms,abouts.json::doc#1,differentiators[2].description,نستفيد من الأتمتة والذكاء الاصطناعي والتكاملات عندما تخدم المشروع فعليًا لا لمجرد الاستعراض.,"We use automation, artificial intelligence, and integrations when they genuinely serve the project—not for show.",add-en-content-field,Proposed English copy for bilingual implementation; review brand/proper-name spelling before production.
SMART-I18N-1344,database_public_cms,abouts.json::doc#1,differentiators[3].title,نبني على أساس قابل للنمو,We Build on a Foundation Designed for Growth,add-en-content-field,Proposed English copy for bilingual implementation; review brand/proper-name spelling before production.
SMART-I18N-1345,database_public_cms,abouts.json::doc#1,differentiators[3].description,نهتم بالبنية، الأداء، الأمان، وتجربة الإدارة حتى يكون المشروع قابلًا للتطوير لاحقًا.,"We focus on architecture, performance, security, and the admin experience so the project can evolve later.",add-en-content-field,Proposed English copy for bilingual implementation; review brand/proper-name spelling before production.
SMART-I18N-1346,database_public_cms,abouts.json::doc#1,process[0].title,الاكتشاف والتحليل,Discovery and Analysis,add-en-content-field,Proposed English copy for bilingual implementation; review brand/proper-name spelling before production.
SMART-I18N-1347,database_public_cms,abouts.json::doc#1,process[0].description,نحدد الهدف، الجمهور، نطاق المشروع، الأولويات، والمشاكل التي يجب حلها.,"We define the objective, audience, project scope, priorities, and the problems that need to be solved.",add-en-content-field,Proposed English copy for bilingual implementation; review brand/proper-name spelling before production.
SMART-I18N-1348,database_public_cms,abouts.json::doc#1,process[0].deliverable,ملخص المتطلبات وخريطة أولية للحل,Requirements Summary and Initial Solution Map,add-en-content-field,Proposed English copy for bilingual implementation; review brand/proper-name spelling before production.
SMART-I18N-1349,database_public_cms,abouts.json::doc#1,process[1].title,هيكلة التجربة,Experience Architecture,add-en-content-field,Proposed English copy for bilingual implementation; review brand/proper-name spelling before production.
SMART-I18N-1350,database_public_cms,abouts.json::doc#1,process[1].description,نرتب الصفحات، رحلة المستخدم، تدفق البيانات، والمنطق الأساسي قبل التصميم.,"We organize pages, the user journey, data flow, and core logic before design begins.",add-en-content-field,Proposed English copy for bilingual implementation; review brand/proper-name spelling before production.
SMART-I18N-1351,database_public_cms,abouts.json::doc#1,process[2].title,تصميم الواجهة,Interface Design,add-en-content-field,Proposed English copy for bilingual implementation; review brand/proper-name spelling before production.
SMART-I18N-1352,database_public_cms,abouts.json::doc#1,process[2].description,نصمم واجهة احترافية تعكس الهوية وتخدم الاستخدام والتحويل.,We design a professional interface that reflects the brand and supports usability and conversion.,add-en-content-field,Proposed English copy for bilingual implementation; review brand/proper-name spelling before production.
SMART-I18N-1353,database_public_cms,abouts.json::doc#1,process[2].deliverable,UI Design قابل للتنفيذ,Implementation-Ready UI Design,add-en-content-field,Proposed English copy for bilingual implementation; review brand/proper-name spelling before production.
SMART-I18N-1354,database_public_cms,abouts.json::doc#1,process[3].title,التطوير والربط,Development and Integration,add-en-content-field,Proposed English copy for bilingual implementation; review brand/proper-name spelling before production.
SMART-I18N-1355,database_public_cms,abouts.json::doc#1,process[3].description,نبني الواجهات، الباك إند، لوحة التحكم، وربط البيانات والتكاملات المطلوبة.,"We build the interfaces, backend, admin dashboard, data connections, and required integrations.",add-en-content-field,Proposed English copy for bilingual implementation; review brand/proper-name spelling before production.
SMART-I18N-1356,database_public_cms,abouts.json::doc#1,process[3].deliverable,نسخة عملية قابلة للاختبار,"A Working, Testable Version",add-en-content-field,Proposed English copy for bilingual implementation; review brand/proper-name spelling before production.
SMART-I18N-1357,database_public_cms,abouts.json::doc#1,process[4].title,الاختبار والتحسين,Testing and Optimization,add-en-content-field,Proposed English copy for bilingual implementation; review brand/proper-name spelling before production.
SMART-I18N-1358,database_public_cms,abouts.json::doc#1,process[4].description,نراجع الأداء، الأخطاء، التجاوب، سهولة الاستخدام، وجودة التجربة النهائية.,"We review performance, defects, responsiveness, usability, and the quality of the final experience.",add-en-content-field,Proposed English copy for bilingual implementation; review brand/proper-name spelling before production.
SMART-I18N-1359,database_public_cms,abouts.json::doc#1,process[4].deliverable,نسخة محسنة قبل الإطلاق,An Optimized Pre-Launch Version,add-en-content-field,Proposed English copy for bilingual implementation; review brand/proper-name spelling before production.
SMART-I18N-1360,database_public_cms,abouts.json::doc#1,process[5].title,الإطلاق والتسليم,Launch and Handover,add-en-content-field,Proposed English copy for bilingual implementation; review brand/proper-name spelling before production.
SMART-I18N-1361,database_public_cms,abouts.json::doc#1,process[5].description,نطلق المشروع، نضبط الإعدادات الأساسية، ونسلم لوحة التحكم وطريقة الاستخدام.,"We launch the project, configure the essential settings, and hand over the admin dashboard and usage guidance.",add-en-content-field,Proposed English copy for bilingual implementation; review brand/proper-name spelling before production.
SMART-I18N-1362,database_public_cms,abouts.json::doc#1,process[5].deliverable,إطلاق رسمي ومستندات تشغيل مختصرة,Official Launch and Concise Operating Documentation,add-en-content-field,Proposed English copy for bilingual implementation; review brand/proper-name spelling before production.
SMART-I18N-1363,database_public_cms,abouts.json::doc#1,process[6].title,النمو والتطوير المستمر,Growth and Continuous Improvement,add-en-content-field,Proposed English copy for bilingual implementation; review brand/proper-name spelling before production.
SMART-I18N-1364,database_public_cms,abouts.json::doc#1,process[6].description,نراجع تجربة الاستخدام والبيانات ونقترح تحسينات بعد الإطلاق.,We review user experience and data and recommend improvements after launch.,add-en-content-field,Proposed English copy for bilingual implementation; review brand/proper-name spelling before production.
SMART-I18N-1365,database_public_cms,abouts.json::doc#1,process[6].deliverable,خطة تحسين مستمرة,Continuous Improvement Plan,add-en-content-field,Proposed English copy for bilingual implementation; review brand/proper-name spelling before production.
SMART-I18N-1366,database_public_cms,abouts.json::doc#1,seo.metaTitle,من نحن | وكالة سمارت للحلول الرقمية والبرمجية,About Us | Smart Agency for Digital & Software Solutions,add-en-content-field,Proposed English copy for bilingual implementation; review brand/proper-name spelling before production.
SMART-I18N-1367,database_public_cms,abouts.json::doc#1,seo.metaDescription,تعرف على وكالة سمارت: شريك تقني يساعد الشركات على بناء مواقع، تطبيقات، متاجر، وأنظمة رقمية احترافية قابلة للنمو.,"Learn about Smart Agency, a technology partner that helps businesses build professional, scalable websites, applications, e-commerce stores, and digital systems.",add-en-content-field,Proposed English copy for bilingual implementation; review brand/proper-name spelling before production.
SMART-I18N-1368,database_public_cms,abouts.json::doc#1,seo.keywords[0],وكالة سمارت,Smart Agency,add-en-content-field,Proposed English copy for bilingual implementation; review brand/proper-name spelling before production.
SMART-I18N-1369,database_public_cms,abouts.json::doc#1,seo.keywords[1],شركة برمجة,Software Company,add-en-content-field,Proposed English copy for bilingual implementation; review brand/proper-name spelling before production.
SMART-I18N-1370,database_public_cms,abouts.json::doc#1,seo.keywords[2],تصميم مواقع,Web Design,add-en-content-field,Proposed English copy for bilingual implementation; review brand/proper-name spelling before production.
SMART-I18N-1371,database_public_cms,abouts.json::doc#1,seo.keywords[3],تطوير تطبيقات,App Development,add-en-content-field,Proposed English copy for bilingual implementation; review brand/proper-name spelling before production.
SMART-I18N-1372,database_public_cms,abouts.json::doc#1,seo.keywords[4],حلول رقمية,Digital Solutions,add-en-content-field,Proposed English copy for bilingual implementation; review brand/proper-name spelling before production.
SMART-I18N-1373,database_public_cms,abouts.json::doc#1,seo.keywords[5],وكالة تقنية,Technology Agency,add-en-content-field,Proposed English copy for bilingual implementation; review brand/proper-name spelling before production.
SMART-I18N-1374,database_public_cms,abouts.json::doc#1,story.title,لماذا وُجدت سمارت؟,Why Was Smart Created?,add-en-content-field,Proposed English copy for bilingual implementation; review brand/proper-name spelling before production.
SMART-I18N-1375,database_public_cms,abouts.json::doc#1,story.description,كثير من المشاريع لا تفشل بسبب ضعف الفكرة، بل بسبب ضعف تحويلها إلى تجربة واضحة ونظام قابل للتشغيل. لذلك وُجدت سمارت لتكون الجسر بين الفكرة والتنفيذ الحقيقي.,"Many projects do not fail because the idea is weak, but because the idea is poorly translated into a clear experience and an operable system. Smart was created to bridge the gap between an idea and real execution.",add-en-content-field,Proposed English copy for bilingual implementation; review brand/proper-name spelling before production.
SMART-I18N-1376,database_public_cms,abouts.json::doc#1,story.painPoints[0],أفكار قوية تضيع بسبب تنفيذ تقليدي لا يفهم السوق.,Strong ideas are lost through conventional execution that does not understand the market.,add-en-content-field,Proposed English copy for bilingual implementation; review brand/proper-name spelling before production.
SMART-I18N-1377,database_public_cms,abouts.json::doc#1,story.painPoints[1],واجهات جميلة ظاهريًا لكنها لا تقود المستخدم لاتخاذ قرار.,Interfaces can look beautiful yet fail to guide users toward a decision.,add-en-content-field,Proposed English copy for bilingual implementation; review brand/proper-name spelling before production.
SMART-I18N-1378,database_public_cms,abouts.json::doc#1,story.painPoints[2],مشاريع تُبنى بسرعة لكنها تصبح صعبة التطوير بعد الإطلاق.,Projects are built quickly but become difficult to evolve after launch.,add-en-content-field,Proposed English copy for bilingual implementation; review brand/proper-name spelling before production.
SMART-I18N-1379,database_public_cms,abouts.json::doc#1,story.painPoints[3],غياب شريك تقني يفهم المنتج والعميل والنمو معًا.,"A technology partner who understands the product, customer, and growth together is often missing.",add-en-content-field,Proposed English copy for bilingual implementation; review brand/proper-name spelling before production.
SMART-I18N-1380,database_public_cms,abouts.json::doc#1,story.closingStatement,نحن لا نتعامل مع المشروع كتصميم أو كود فقط، بل كنظام رقمي يجب أن يخدم هدفًا واضحًا ويستطيع النمو مع الوقت.,"We do not treat a project as design or code alone, but as a digital system that must serve a clear objective and be able to grow over time.",add-en-content-field,Proposed English copy for bilingual implementation; review brand/proper-name spelling before production.
SMART-I18N-1381,database_public_cms,abouts.json::doc#1,teamNote.title,فريق صغير بعقلية تنفيذ كبيرة,A Small Team with a Big Execution Mindset,add-en-content-field,Proposed English copy for bilingual implementation; review brand/proper-name spelling before production.
SMART-I18N-1382,database_public_cms,abouts.json::doc#1,teamNote.description,نؤمن أن قوة الوكالة لا تقاس بعدد الأشخاص فقط، بل بوضوح المنهجية، جودة التنفيذ، وسرعة تحويل الأفكار إلى نتائج. نعمل كفريق متكامل يجمع بين التفكير المنتج، التصميم، البرمجة، والتشغيل.,"We believe an agency’s strength is not measured by headcount alone, but by the clarity of its methodology, quality of execution, and speed in turning ideas into results. We work as one integrated team combining product thinking, design, development, and operations.",add-en-content-field,Proposed English copy for bilingual implementation; review brand/proper-name spelling before production.
SMART-I18N-1383,database_public_cms,abouts.json::doc#1,teamNote.highlights[0],تواصل مباشر وواضح خلال مراحل التنفيذ,Direct and clear communication throughout delivery,add-en-content-field,Proposed English copy for bilingual implementation; review brand/proper-name spelling before production.
SMART-I18N-1384,database_public_cms,abouts.json::doc#1,teamNote.highlights[1],قرارات مبنية على هدف المشروع لا على الذوق فقط,"Decisions based on the project goal, not taste alone",add-en-content-field,Proposed English copy for bilingual implementation; review brand/proper-name spelling before production.
SMART-I18N-1385,database_public_cms,abouts.json::doc#1,teamNote.highlights[2],اهتمام بالتفاصيل من أول شاشة حتى لوحة التحكم,Attention to detail from the first screen to the admin dashboard,add-en-content-field,Proposed English copy for bilingual implementation; review brand/proper-name spelling before production.
SMART-I18N-1386,database_public_cms,abouts.json::doc#1,thinking[0].title,نفهم قبل أن نصمم,We Understand Before We Design,add-en-content-field,Proposed English copy for bilingual implementation; review brand/proper-name spelling before production.
SMART-I18N-1387,database_public_cms,abouts.json::doc#1,thinking[0].description,نبدأ بفهم الهدف التجاري، طبيعة الجمهور، رحلة المستخدم، والمشكلة التي يجب أن يحلها المنتج.,"We begin by understanding the business objective, audience, user journey, and the problem the product needs to solve.",add-en-content-field,Proposed English copy for bilingual implementation; review brand/proper-name spelling before production.
SMART-I18N-1388,database_public_cms,abouts.json::doc#1,thinking[0].result,مخرجات أوضح قبل الدخول في التصميم والتنفيذ.,Clearer outputs before entering design and implementation.,add-en-content-field,Proposed English copy for bilingual implementation; review brand/proper-name spelling before production.
SMART-I18N-1389,database_public_cms,abouts.json::doc#1,thinking[1].title,نصمم تجربة تقود المستخدم,We Design an Experience That Guides the User,add-en-content-field,Proposed English copy for bilingual implementation; review brand/proper-name spelling before production.
SMART-I18N-1390,database_public_cms,abouts.json::doc#1,thinking[1].description,لا نكتفي بواجهة جميلة؛ نصمم رحلة استخدام تقلل التشتت وتزيد وضوح القرار لدى العميل.,We go beyond a beautiful interface; we design a user journey that reduces distraction and makes the customer’s decision clearer.,add-en-content-field,Proposed English copy for bilingual implementation; review brand/proper-name spelling before production.
SMART-I18N-1391,database_public_cms,abouts.json::doc#1,thinking[1].result,تجربة استخدام أكثر وضوحًا وقابلية للتحويل.,A clearer user experience with stronger conversion potential.,add-en-content-field,Proposed English copy for bilingual implementation; review brand/proper-name spelling before production.
SMART-I18N-1392,database_public_cms,abouts.json::doc#1,thinking[2].title,نبني بنظام قابل للتوسع,We Build for Scalability,add-en-content-field,Proposed English copy for bilingual implementation; review brand/proper-name spelling before production.
SMART-I18N-1393,database_public_cms,abouts.json::doc#1,thinking[2].description,نراعي بنية الكود، تنظيم الواجهات، واجهات API، لوحة التحكم، وقابلية التطوير بعد الإطلاق.,"We account for code architecture, interface organization, APIs, the admin dashboard, and the ability to evolve after launch.",add-en-content-field,Proposed English copy for bilingual implementation; review brand/proper-name spelling before production.
SMART-I18N-1394,database_public_cms,abouts.json::doc#1,thinking[2].result,منتج مستقر لا ينهار عند أول توسع.,A stable product that does not break at the first stage of growth.,add-en-content-field,Proposed English copy for bilingual implementation; review brand/proper-name spelling before production.
SMART-I18N-1395,database_public_cms,abouts.json::doc#1,thinking[3].title,نقيس ونحسن بعد الإطلاق,We Measure and Improve After Launch,add-en-content-field,Proposed English copy for bilingual implementation; review brand/proper-name spelling before production.
SMART-I18N-1396,database_public_cms,abouts.json::doc#1,thinking[3].description,نؤمن أن الإطلاق ليس النهاية، بل بداية مرحلة تحسين مستمرة بناءً على الاستخدام والبيانات.,"We believe launch is not the end, but the beginning of continuous improvement based on usage and data.",add-en-content-field,Proposed English copy for bilingual implementation; review brand/proper-name spelling before production.
SMART-I18N-1397,database_public_cms,abouts.json::doc#1,thinking[3].result,تحسين مستمر بدل تسليم جامد.,Continuous improvement instead of a static handover.,add-en-content-field,Proposed English copy for bilingual implementation; review brand/proper-name spelling before production.
SMART-I18N-1398,database_public_cms,blogs.json::دليل شامل لتطوير تطبيقات الويب الحديثة,title | seo.metaTitle,دليل شامل لتطوير تطبيقات الويب الحديثة,A Comprehensive Guide to Modern Web Application Development,add-en-content-field,Proposed English copy for bilingual implementation; review brand/proper-name spelling before production.
SMART-I18N-1399,database_public_cms,blogs.json::دليل شامل لتطوير تطبيقات الويب الحديثة,content,"<h2>مقدمة</h2>
        <p>تطوير تطبيقات الويب الحديثة يتطلب فهماً عميقاً للتقنيات والأدوات المتاحة. في هذا المقال، سنستكشف أفضل الممارسات والطرق الحديثة لتطوير تطبيقات ويب قوية وقابلة للتوسع.</p>
        
        <h2>اختيار التقنيات المناسبة</h2>
        <p>اختيار التقنيات المناسبة هو الخطوة الأولى في بناء تطبيق ويب ناجح. يجب أن تأخذ في الاعتبار متطلبات المشروع، حجم الفريق، والموارد المتاحة.</p>
        
        <h2>أفضل الممارسات</h2>
        <ul>
          <li>استخدام TypeScript لتحسين جودة الكود</li>
          <li>تطبيق مبادئ SOLID</li>
          <li>كتابة اختبارات شاملة</li>
          <li>استخدام CI/CD للتحسين المستمر</li>
        </ul>","<h2>Introduction</h2>
        <p>Modern web application development requires a deep understanding of the available technologies and tools. In this article, we explore modern approaches and best practices for building powerful, scalable web applications.</p>
        
        <h2>Choosing the Right Technologies</h2>
        <p>Choosing the right technologies is the first step in building a successful web application. You should consider the project requirements, team size, and available resources.</p>
        
        <h2>Best Practices</h2>
        <ul>
          <li>Use TypeScript to improve code quality</li>
          <li>Apply SOLID principles</li>
          <li>Write comprehensive tests</li>
          <li>Use CI/CD for continuous improvement</li>
        </ul>",add-en-content-field,Proposed English copy for bilingual implementation; review brand/proper-name spelling before production.
SMART-I18N-1400,database_public_cms,blogs.json::دليل شامل لتطوير تطبيقات الويب الحديثة,excerpt,دليل شامل يغطي جميع جوانب تطوير تطبيقات الويب الحديثة من اختيار التقنيات إلى أفضل الممارسات,"A comprehensive guide covering every aspect of modern web application development, from technology selection to best practices",add-en-content-field,Proposed English copy for bilingual implementation; review brand/proper-name spelling before production.
SMART-I18N-1401,database_public_cms,blogs.json::دليل شامل لتطوير تطبيقات الويب الحديثة,tags[0] | seo.keywords[0],تطوير الويب,Web Development,add-en-content-field,Proposed English copy for bilingual implementation; review brand/proper-name spelling before production.
SMART-I18N-1402,database_public_cms,blogs.json::دليل شامل لتطوير تطبيقات الويب الحديثة,tags[1] | seo.keywords[1],برمجة,Programming,add-en-content-field,Proposed English copy for bilingual implementation; review brand/proper-name spelling before production.
SMART-I18N-1403,database_public_cms,blogs.json::دليل شامل لتطوير تطبيقات الويب الحديثة,tags[2] | seo.keywords[2],تقنيات,Technology,add-en-content-field,Proposed English copy for bilingual implementation; review brand/proper-name spelling before production.
SMART-I18N-1404,database_public_cms,blogs.json::دليل شامل لتطوير تطبيقات الويب الحديثة,seo.metaDescription,تعرف على أفضل الممارسات والتقنيات لتطوير تطبيقات ويب حديثة وقوية,"Learn the best practices and technologies for developing modern, powerful web applications",add-en-content-field,Proposed English copy for bilingual implementation; review brand/proper-name spelling before production.
SMART-I18N-1405,database_public_cms,blogs.json::دليل شامل لتطوير تطبيقات الويب الحديثة | blogs.json::كيفية تحسين أداء تطبيقات React,seo.keywords[3],أفضل الممارسات,Best Practices,add-en-content-field,Proposed English copy for bilingual implementation; review brand/proper-name spelling before production.
SMART-I18N-1406,database_public_cms,blogs.json::كيفية تحسين أداء تطبيقات React,title | seo.metaTitle,كيفية تحسين أداء تطبيقات React,How to Improve React Application Performance,add-en-content-field,Proposed English copy for bilingual implementation; review brand/proper-name spelling before production.
SMART-I18N-1407,database_public_cms,blogs.json::كيفية تحسين أداء تطبيقات React,content,"<h2>مقدمة</h2>
        <p>تحسين الأداء في تطبيقات React هو أمر حاسم لضمان تجربة مستخدم ممتازة. في هذا المقال، سنستعرض أهم التقنيات والأدوات لتحسين الأداء.</p>
        
        <h2>استخدام React.memo</h2>
        <p>React.memo يساعد في منع إعادة التصيير غير الضرورية للمكونات.</p>
        
        <h2>استخدام useMemo و useCallback</h2>
        <p>هذه الـ hooks تساعد في تحسين الأداء من خلال تقليل الحسابات والوظائف المعاد إنشاؤها.</p>","<h2>Introduction</h2>
        <p>Performance optimization in React applications is essential for delivering an excellent user experience. In this article, we review the most important techniques and tools for improving performance.</p>
        
        <h2>Using React.memo</h2>
        <p>React.memo helps prevent unnecessary component re-renders.</p>
        
        <h2>Using useMemo and useCallback</h2>
        <p>These hooks help improve performance by reducing repeated calculations and recreated functions.</p>",add-en-content-field,Proposed English copy for bilingual implementation; review brand/proper-name spelling before production.
SMART-I18N-1408,database_public_cms,blogs.json::كيفية تحسين أداء تطبيقات React,excerpt,تعلم كيفية تحسين أداء تطبيقات React باستخدام أفضل التقنيات والأدوات المتاحة,Learn how to improve React application performance using the best available techniques and tools,add-en-content-field,Proposed English copy for bilingual implementation; review brand/proper-name spelling before production.
SMART-I18N-1409,database_public_cms,blogs.json::كيفية تحسين أداء تطبيقات React,tags[1] | seo.keywords[1],الأداء,Performance,add-en-content-field,Proposed English copy for bilingual implementation; review brand/proper-name spelling before production.
SMART-I18N-1410,database_public_cms,blogs.json::كيفية تحسين أداء تطبيقات React,tags[2] | seo.keywords[2],تحسين,Optimization,add-en-content-field,Proposed English copy for bilingual implementation; review brand/proper-name spelling before production.
SMART-I18N-1411,database_public_cms,blogs.json::كيفية تحسين أداء تطبيقات React,seo.metaDescription,دليل شامل لتحسين أداء تطبيقات React باستخدام أفضل الممارسات,A comprehensive guide to improving React application performance using best practices,add-en-content-field,Proposed English copy for bilingual implementation; review brand/proper-name spelling before production.
SMART-I18N-1412,database_public_cms,blogs.json::مقدمة إلى NestJS: إطار عمل قوي لـ Node.js,title | seo.metaTitle,مقدمة إلى NestJS: إطار عمل قوي لـ Node.js,Introduction to NestJS: A Powerful Node.js Framework,add-en-content-field,Proposed English copy for bilingual implementation; review brand/proper-name spelling before production.
SMART-I18N-1413,database_public_cms,blogs.json::مقدمة إلى NestJS: إطار عمل قوي لـ Node.js,content,"<h2>ما هو NestJS؟</h2>
        <p>NestJS هو إطار عمل Node.js قوي وقابل للتوسع يستخدم TypeScript. يوفر بنية منظمة وواضحة لبناء تطبيقات خادم قوية.</p>
        
        <h2>المميزات الرئيسية</h2>
        <ul>
          <li>دعم TypeScript بشكل كامل</li>
          <li>بنية معيارية قوية</li>
          <li>دعم Dependency Injection</li>
          <li>تكامل سهل مع قواعد البيانات</li>
        </ul>","<h2>What is NestJS?</h2>
        <p>NestJS is a powerful, scalable Node.js framework that uses TypeScript. It provides a clear, structured architecture for building robust server applications.</p>
        
        <h2>Key Features</h2>
        <ul>
          <li>Full TypeScript support</li>
          <li>Powerful modular architecture</li>
          <li>Dependency Injection support</li>
          <li>Easy database integration</li>
        </ul>",add-en-content-field,Proposed English copy for bilingual implementation; review brand/proper-name spelling before production.
SMART-I18N-1414,database_public_cms,blogs.json::مقدمة إلى NestJS: إطار عمل قوي لـ Node.js,excerpt,تعرف على NestJS، إطار عمل Node.js القوي الذي يساعدك في بناء تطبيقات خادم احترافية,"Learn about NestJS, the powerful Node.js framework that helps you build professional server applications",add-en-content-field,Proposed English copy for bilingual implementation; review brand/proper-name spelling before production.
SMART-I18N-1415,database_public_cms,blogs.json::مقدمة إلى NestJS: إطار عمل قوي لـ Node.js,seo.metaDescription,تعرف على NestJS وكيفية استخدامه لبناء تطبيقات خادم قوية,Learn about NestJS and how to use it to build robust server applications,add-en-content-field,Proposed English copy for bilingual implementation; review brand/proper-name spelling before production.
SMART-I18N-1416,database_public_cms,blogs.json::كيف يُسرّع الذكاء الاصطناعي من نمو الشركات الصغيرة والمتوسطة في 2025,title,كيف يُسرّع الذكاء الاصطناعي من نمو الشركات الصغيرة والمتوسطة في 2025,How Artificial Intelligence Accelerates SME Growth in 2025,add-en-content-field,Proposed English copy for bilingual implementation; review brand/proper-name spelling before production.
SMART-I18N-1417,database_public_cms,blogs.json::كيف يُسرّع الذكاء الاصطناعي من نمو الشركات الصغيرة والمتوسطة في 2025,content,"<h2><strong>لماذا يحتاج عملك إلى الذكاء الاصطناعي الآن؟</strong></h2><p>الوقت المناسب للبدء بالأمس، والوقت الثاني المناسب هو الآن. تأخير تبني التقنية يعني فقدان ميزة تنافسية يصعب تعويضها لاحقاً.</p><h2><br><strong>الفوائد الرئيسية للذكاء الاصطناعي في الشركات الصغيرة والمتوسطة</strong></h2><ol><li><p>أتمتة العمليات المتكررة</p></li></ol><p>هل تعلم أن الموظف العادي يقضي ما يقارب 40% من وقته في مهام يمكن أتمتتها بالكامل؟ هذه المهام تشمل الرد على الاستفسارات المتكررة، إدخال البيانات، جدولة المواعيد، ومتابعة العميل. باستخدام أدوات الذكاء الاصطناعي، يمكنك تحرير هذا الوقت وإعادة توجيهه نحو المهام التي تتطلب إبداعاً وابتكاراً.</p><ol start=""2""><li><p>زيادة الإنتاجية بنسبة ملموسة</p></li></ol><p>تشير الدراسات إلى أن الشركات التي تستخدم الذكاء الاصطناعي في عملياتها تشهد زيادة في الإنتاجية تتراوح بين 30% و60%. هذا ليس مجرد رقم نظري، بل ينعكس على الميزانية النهائية للشركة.<br>3.تحسين تجربة العملاء</p><p>العملاء في 2025 يتوقعون استجابة فورية ومخصصة. الذكاء الاصطناعي يتيح لك تقديم هذه التجربة على مدار الساعة دون الحاجة لفريق دعم كبير.</p><p><br></p><p><br><br><br><br></p>","<h2><strong>Why Does Your Business Need AI Now?</strong></h2><p>The best time to start was yesterday; the second-best time is now. Delaying technology adoption means losing a competitive advantage that can be difficult to recover later.</p><h2><br><strong>Key Benefits of AI for Small and Medium-Sized Businesses</strong></h2><ol><li><p>Automating Repetitive Processes</p></li></ol><p>Did you know that the average employee spends nearly 40% of their time on tasks that can be fully automated? These tasks include answering repetitive inquiries, entering data, scheduling appointments, and following up with customers. With AI tools, you can free up this time and redirect it toward tasks that require creativity and innovation.</p><ol start=""2""><li><p>Meaningful Productivity Gains</p></li></ol><p>Studies indicate that companies using AI in their operations see productivity gains ranging from 30% to 60%. This is not just a theoretical figure; it directly affects the company’s bottom line.<br>3. Improving the Customer Experience</p><p>Customers in 2025 expect immediate, personalized responses. AI enables you to provide this experience around the clock without requiring a large support team.</p><p><br></p><p><br><br><br><br></p>",add-en-content-field,Proposed English copy for bilingual implementation; review brand/proper-name spelling before production.
SMART-I18N-1418,database_public_cms,blogs.json::كيف يُسرّع الذكاء الاصطناعي من نمو الشركات الصغيرة والمتوسطة في 2025,excerpt,اكتشف كيف يمكن للذكاء الاصطناعي أن يُضاعف إنتاجية شركتك ويقلل التكاليف بنسبة تصل إلى 40% في عام 2025,Discover how artificial intelligence can multiply your company’s productivity and reduce costs by up to 40% in 2025,add-en-content-field,Proposed English copy for bilingual implementation; review brand/proper-name spelling before production.
SMART-I18N-1419,database_public_cms,blogs.json::كيف يُسرّع الذكاء الاصطناعي من نمو الشركات الصغيرة والمتوسطة في 2025,coverAlt,رسم توضيحي للذكاء الاصطناعي وتأثيره على الأعمال,Illustration of artificial intelligence and its impact on business,add-en-content-field,Proposed English copy for bilingual implementation; review brand/proper-name spelling before production.
SMART-I18N-1420,database_public_cms,blogs.json::كيف يُسرّع الذكاء الاصطناعي من نمو الشركات الصغيرة والمتوسطة في 2025 | teammembers.json::محمد مراد,authorName | fullName,محمد مراد,Mohammed Murad,add-en-content-field,Proposed English copy for bilingual implementation; review brand/proper-name spelling before production.
SMART-I18N-1421,database_public_cms,blogs.json::كيف يُسرّع الذكاء الاصطناعي من نمو الشركات الصغيرة والمتوسطة في 2025,authorRole,مدير الاستراتيجية الرقمية,Digital Strategy Director,add-en-content-field,Proposed English copy for bilingual implementation; review brand/proper-name spelling before production.
SMART-I18N-1422,database_public_cms,blogs.json::كيف يُسرّع الذكاء الاصطناعي من نمو الشركات الصغيرة والمتوسطة في 2025,tags[0] | seo.keywords[2],تحول رقمي,Digital Transformation,add-en-content-field,Proposed English copy for bilingual implementation; review brand/proper-name spelling before production.
SMART-I18N-1423,database_public_cms,blogs.json::كيف يُسرّع الذكاء الاصطناعي من نمو الشركات الصغيرة والمتوسطة في 2025,tags[1] | seo.keywords[1],ذكاء اصطناعي,Artificial Intelligence,add-en-content-field,Proposed English copy for bilingual implementation; review brand/proper-name spelling before production.
SMART-I18N-1424,database_public_cms,blogs.json::كيف يُسرّع الذكاء الاصطناعي من نمو الشركات الصغيرة والمتوسطة في 2025,tags[2],تكنولوجيا,Technology,add-en-content-field,Proposed English copy for bilingual implementation; review brand/proper-name spelling before production.
SMART-I18N-1425,database_public_cms,blogs.json::كيف يُسرّع الذكاء الاصطناعي من نمو الشركات الصغيرة والمتوسطة في 2025,tags[3],أعمال,Business,add-en-content-field,Proposed English copy for bilingual implementation; review brand/proper-name spelling before production.
SMART-I18N-1426,database_public_cms,blogs.json::كيف يُسرّع الذكاء الاصطناعي من نمو الشركات الصغيرة والمتوسطة في 2025,category,الذكاء الاصطناعي,Artificial Intelligence,add-en-content-field,Proposed English copy for bilingual implementation; review brand/proper-name spelling before production.
SMART-I18N-1427,database_public_cms,blogs.json::كيف يُسرّع الذكاء الاصطناعي من نمو الشركات الصغيرة والمتوسطة في 2025,summaryPoints[0],زيادة الإنتاجية بنسبة 40%,40% Productivity Increase,add-en-content-field,Proposed English copy for bilingual implementation; review brand/proper-name spelling before production.
SMART-I18N-1428,database_public_cms,blogs.json::كيف يُسرّع الذكاء الاصطناعي من نمو الشركات الصغيرة والمتوسطة في 2025,summaryPoints[1],توفير 25 ساعة شهرياً,Save 25 Hours per Month,add-en-content-field,Proposed English copy for bilingual implementation; review brand/proper-name spelling before production.
SMART-I18N-1429,database_public_cms,blogs.json::كيف يُسرّع الذكاء الاصطناعي من نمو الشركات الصغيرة والمتوسطة في 2025,summaryPoints[2],تقليل الأخطاء البشرية,Reduce Human Error,add-en-content-field,Proposed English copy for bilingual implementation; review brand/proper-name spelling before production.
SMART-I18N-1430,database_public_cms,blogs.json::كيف يُسرّع الذكاء الاصطناعي من نمو الشركات الصغيرة والمتوسطة في 2025,summaryPoints[3],تحسين تجربة العملاء,Improve the Customer Experience,add-en-content-field,Proposed English copy for bilingual implementation; review brand/proper-name spelling before production.
SMART-I18N-1431,database_public_cms,blogs.json::كيف يُسرّع الذكاء الاصطناعي من نمو الشركات الصغيرة والمتوسطة في 2025,ctaTitle,هل تريد تطبيق الذكاء الاصطناعي في شركتك؟,Want to Apply Artificial Intelligence in Your Company?,add-en-content-field,Proposed English copy for bilingual implementation; review brand/proper-name spelling before production.
SMART-I18N-1432,database_public_cms,blogs.json::كيف يُسرّع الذكاء الاصطناعي من نمو الشركات الصغيرة والمتوسطة في 2025,ctaDescription,احصل على استشارة مجانية واكتشف كيف يمكننا مساعدتك,Get a free consultation and discover how we can help you,add-en-content-field,Proposed English copy for bilingual implementation; review brand/proper-name spelling before production.
SMART-I18N-1433,database_public_cms,blogs.json::كيف يُسرّع الذكاء الاصطناعي من نمو الشركات الصغيرة والمتوسطة في 2025,ctaButtonText,احجز استشارتك المجانية,Book Your Free Consultation,add-en-content-field,Proposed English copy for bilingual implementation; review brand/proper-name spelling before production.
SMART-I18N-1434,database_public_cms,blogs.json::كيف يُسرّع الذكاء الاصطناعي من نمو الشركات الصغيرة والمتوسطة في 2025,seo.metaTitle,كيف يُسرّع الذكاء الاصطناعي نمو الشركات الصغيرة,How Artificial Intelligence Accelerates Small Business Growth,add-en-content-field,Proposed English copy for bilingual implementation; review brand/proper-name spelling before production.
SMART-I18N-1435,database_public_cms,blogs.json::كيف يُسرّع الذكاء الاصطناعي من نمو الشركات الصغيرة والمتوسطة في 2025,seo.metaDescription,دليل شامل عن استخدام الذكاء الاصطناعي في الشركات الصغيرة والمتوسطة لزيادة الإنتاجية وتقليل التكاليف,A comprehensive guide to using artificial intelligence in small and medium-sized businesses to increase productivity and reduce costs,add-en-content-field,Proposed English copy for bilingual implementation; review brand/proper-name spelling before production.
SMART-I18N-1436,database_public_cms,blogs.json::كيف يُسرّع الذكاء الاصطناعي من نمو الشركات الصغيرة والمتوسطة في 2025,seo.keywords[0],شركات صغيرة,Small Businesses,add-en-content-field,Proposed English copy for bilingual implementation; review brand/proper-name spelling before production.
SMART-I18N-1437,database_public_cms,blogs.json::كيف يُسرّع الذكاء الاصطناعي من نمو الشركات الصغيرة والمتوسطة في 2025,seo.ogTitle,كيف يُسرّع الذكاء الاصطناعي نمو أعمالك في 2025,How Artificial Intelligence Accelerates Your Business Growth in 2025,add-en-content-field,Proposed English copy for bilingual implementation; review brand/proper-name spelling before production.
SMART-I18N-1438,database_public_cms,blogs.json::كيف يُسرّع الذكاء الاصطناعي من نمو الشركات الصغيرة والمتوسطة في 2025,seo.ogDescription,اكتشف أسرار نجاح الشركات باستخدام الذكاء الاصطناعي,Discover how successful companies are using artificial intelligence,add-en-content-field,Proposed English copy for bilingual implementation; review brand/proper-name spelling before production.
SMART-I18N-1439,database_public_cms,blogs.json::كيف يُسرّع الذكاء الاصطناعي من نمو الشركات الصغيرة والمتوسطة في 2025,seo.twitterTitle,الذكاء الاصطناعي مفتاح نمو الشركات في 2025,Artificial Intelligence: The Key to Business Growth in 2025,add-en-content-field,Proposed English copy for bilingual implementation; review brand/proper-name spelling before production.
SMART-I18N-1440,database_public_cms,blogs.json::كيف يُسرّع الذكاء الاصطناعي من نمو الشركات الصغيرة والمتوسطة في 2025,seo.twitterDescription,خطوات عملية لتطبيق AI في شركتك الصغيرة,Practical Steps for Applying AI in Your Small Business,add-en-content-field,Proposed English copy for bilingual implementation; review brand/proper-name spelling before production.
SMART-I18N-1441,database_public_cms,companyinfos.json::info@smartagency.com,address,"صنعاء, اليمن","Sana’a, Yemen",add-en-content-field,Proposed English copy for bilingual implementation; review brand/proper-name spelling before production.
SMART-I18N-1442,database_public_cms,companyinfos.json::info@smartagency.com,workingHours,الأحد - الخميس: 8 ص - 5 م,Sunday - Thursday: 8 AM - 5 PM,add-en-content-field,Proposed English copy for bilingual implementation; review brand/proper-name spelling before production.
SMART-I18N-1443,database_public_cms,faqs.json::ما هي الخدمات التي تقدمونها؟,question,ما هي الخدمات التي تقدمونها؟,What services do you offer?,add-en-content-field,Proposed English copy for bilingual implementation; review brand/proper-name spelling before production.
SMART-I18N-1444,database_public_cms,faqs.json::ما هي الخدمات التي تقدمونها؟,answer,نقدم مجموعة واسعة من الخدمات التقنية بما في ذلك تطوير تطبيقات الويب، تطبيقات الجوال، أنظمة ERP، أنظمة التجارة الإلكترونية، وأتمتة العمليات.,"We offer a wide range of technology services, including web application development, mobile applications, ERP systems, e-commerce systems, and process automation.",add-en-content-field,Proposed English copy for bilingual implementation; review brand/proper-name spelling before production.
SMART-I18N-1445,database_public_cms,faqs.json::ما هي الخدمات التي تقدمونها؟ | faqs.json::كم تستغرق عملية تطوير التطبيق؟ | faqs.json::كيف يمكنني طلب عرض سعر؟,category,عام,General,add-en-content-field,Proposed English copy for bilingual implementation; review brand/proper-name spelling before production.
SMART-I18N-1446,database_public_cms,faqs.json::كم تستغرق عملية تطوير التطبيق؟,question,كم تستغرق عملية تطوير التطبيق؟,How long does application development take?,add-en-content-field,Proposed English copy for bilingual implementation; review brand/proper-name spelling before production.
SMART-I18N-1447,database_public_cms,faqs.json::كم تستغرق عملية تطوير التطبيق؟,answer,مدة التطوير تعتمد على حجم المشروع وتعقيده. التطبيقات البسيطة قد تستغرق من 2-4 أسابيع، بينما المشاريع الكبيرة قد تستغرق عدة أشهر.,"Development time depends on the size and complexity of the project. Simple applications may take 2–4 weeks, while larger projects may take several months.",add-en-content-field,Proposed English copy for bilingual implementation; review brand/proper-name spelling before production.
SMART-I18N-1448,database_public_cms,faqs.json::ما هي التقنيات التي تستخدمونها؟,question,ما هي التقنيات التي تستخدمونها؟,What technologies do you use?,add-en-content-field,Proposed English copy for bilingual implementation; review brand/proper-name spelling before production.
SMART-I18N-1449,database_public_cms,faqs.json::ما هي التقنيات التي تستخدمونها؟,answer,نستخدم أحدث التقنيات والأدوات مثل React، Vue.js، Angular للواجهات الأمامية، و NestJS، Node.js للواجهات الخلفية، بالإضافة إلى MongoDB و PostgreSQL لقواعد البيانات.,"We use modern technologies and tools such as React, Vue.js, and Angular for frontends; NestJS and Node.js for backends; and MongoDB and PostgreSQL for databases.",add-en-content-field,Proposed English copy for bilingual implementation; review brand/proper-name spelling before production.
SMART-I18N-1450,database_public_cms,faqs.json::ما هي التقنيات التي تستخدمونها؟,category,تقني,Technical,add-en-content-field,Proposed English copy for bilingual implementation; review brand/proper-name spelling before production.
SMART-I18N-1451,database_public_cms,faqs.json::هل تقدمون خدمات الصيانة والدعم؟,question,هل تقدمون خدمات الصيانة والدعم؟,Do you provide maintenance and support services?,add-en-content-field,Proposed English copy for bilingual implementation; review brand/proper-name spelling before production.
SMART-I18N-1452,database_public_cms,faqs.json::هل تقدمون خدمات الصيانة والدعم؟,answer,نعم، نقدم خدمات الصيانة والدعم الفني المستمر لجميع المشاريع التي نطورها. يمكنك اختيار خطة دعم تناسب احتياجاتك.,Yes. We provide ongoing maintenance and technical support for all projects we develop. You can choose a support plan that fits your needs.,add-en-content-field,Proposed English copy for bilingual implementation; review brand/proper-name spelling before production.
SMART-I18N-1453,database_public_cms,faqs.json::هل تقدمون خدمات الصيانة والدعم؟,category,خدمات,Services,add-en-content-field,Proposed English copy for bilingual implementation; review brand/proper-name spelling before production.
SMART-I18N-1454,database_public_cms,faqs.json::كيف يمكنني طلب عرض سعر؟,question,كيف يمكنني طلب عرض سعر؟,How can I request a quotation?,add-en-content-field,Proposed English copy for bilingual implementation; review brand/proper-name spelling before production.
SMART-I18N-1455,database_public_cms,faqs.json::كيف يمكنني طلب عرض سعر؟,answer,يمكنك ملء نموذج التواصل على موقعنا أو إرسال بريد إلكتروني إلينا. سنقوم بالرد عليك خلال 24 ساعة مع عرض سعر مفصل.,You can complete the contact form on our website or send us an email. We will respond within 24 hours with a detailed quotation.,add-en-content-field,Proposed English copy for bilingual implementation; review brand/proper-name spelling before production.
SMART-I18N-1456,database_public_cms,faqs.json::هل تقدمون استضافة المواقع؟,question,هل تقدمون استضافة المواقع؟,Do you provide web hosting?,add-en-content-field,Proposed English copy for bilingual implementation; review brand/proper-name spelling before production.
SMART-I18N-1457,database_public_cms,faqs.json::هل تقدمون استضافة المواقع؟,answer,نعم، نقدم خدمات استضافة متنوعة تشمل الاستضافة المشتركة، VPS، والخوادم المخصصة. جميع خططنا تتضمن دعم فني 24/7.,"Yes. We offer various hosting services, including shared hosting, VPS, and dedicated servers. All our plans include 24/7 technical support.",add-en-content-field,Proposed English copy for bilingual implementation; review brand/proper-name spelling before production.
SMART-I18N-1458,database_public_cms,faqs.json::هل تقدمون استضافة المواقع؟,category,استضافة,Hosting,add-en-content-field,Proposed English copy for bilingual implementation; review brand/proper-name spelling before production.
SMART-I18N-1459,database_public_cms,hostingpackages.json::الخطة الأساسية,name,الخطة الأساسية,Basic Plan,add-en-content-field,Proposed English copy for bilingual implementation; review brand/proper-name spelling before production.
SMART-I18N-1460,database_public_cms,hostingpackages.json::الخطة الأساسية,description,مثالية للمواقع الصغيرة والمدونات الشخصية,Ideal for small websites and personal blogs,add-en-content-field,Proposed English copy for bilingual implementation; review brand/proper-name spelling before production.
SMART-I18N-1461,database_public_cms,hostingpackages.json::الخطة الأساسية,features[0],10GB مساحة تخزين,10GB Storage,add-en-content-field,Proposed English copy for bilingual implementation; review brand/proper-name spelling before production.
SMART-I18N-1462,database_public_cms,hostingpackages.json::الخطة الأساسية,features[1],نطاق مجاني,Free Domain,add-en-content-field,Proposed English copy for bilingual implementation; review brand/proper-name spelling before production.
SMART-I18N-1463,database_public_cms,hostingpackages.json::الخطة الأساسية | hostingpackages.json::الخطة المتوسطة | hostingpackages.json::الخطة المتقدمة,features[2],بريد إلكتروني غير محدود,Unlimited Email,add-en-content-field,Proposed English copy for bilingual implementation; review brand/proper-name spelling before production.
SMART-I18N-1464,database_public_cms,hostingpackages.json::الخطة الأساسية | hostingpackages.json::الخطة المتوسطة | hostingpackages.json::الخطة المتقدمة | hostingpackages.json::استضافة WordPress,features[3] | features[5],دعم SSL مجاني,Free SSL Support,add-en-content-field,Proposed English copy for bilingual implementation; review brand/proper-name spelling before production.
SMART-I18N-1465,database_public_cms,hostingpackages.json::الخطة الأساسية | hostingpackages.json::الخطة المتوسطة | hostingpackages.json::الخطة المتقدمة,features[4],نسخ احتياطي يومي,Daily Backups,add-en-content-field,Proposed English copy for bilingual implementation; review brand/proper-name spelling before production.
SMART-I18N-1466,database_public_cms,hostingpackages.json::الخطة الأساسية | hostingpackages.json::الخطة المتوسطة | hostingpackages.json::الخطة المتقدمة | hostingpackages.json::استضافة WordPress,bandwidth | domains,غير محدود,Unlimited,add-en-content-field,Proposed English copy for bilingual implementation; review brand/proper-name spelling before production.
SMART-I18N-1467,database_public_cms,hostingpackages.json::الخطة الأساسية,domains,نطاق واحد,One Domain,add-en-content-field,Proposed English copy for bilingual implementation; review brand/proper-name spelling before production.
SMART-I18N-1468,database_public_cms,hostingpackages.json::الخطة المتوسطة,name,الخطة المتوسطة,Standard Plan,add-en-content-field,Proposed English copy for bilingual implementation; review brand/proper-name spelling before production.
SMART-I18N-1469,database_public_cms,hostingpackages.json::الخطة المتوسطة,description,مناسبة للمواقع المتوسطة الحجم والمتاجر الإلكترونية الصغيرة,Suitable for medium-sized websites and small e-commerce stores,add-en-content-field,Proposed English copy for bilingual implementation; review brand/proper-name spelling before production.
SMART-I18N-1470,database_public_cms,hostingpackages.json::الخطة المتوسطة,features[0],50GB مساحة تخزين,50GB Storage,add-en-content-field,Proposed English copy for bilingual implementation; review brand/proper-name spelling before production.
SMART-I18N-1471,database_public_cms,hostingpackages.json::الخطة المتوسطة,features[1] | domains,5 نطاقات,5 Domains,add-en-content-field,Proposed English copy for bilingual implementation; review brand/proper-name spelling before production.
SMART-I18N-1472,database_public_cms,hostingpackages.json::الخطة المتوسطة,features[5],أداء محسّن,Enhanced Performance,add-en-content-field,Proposed English copy for bilingual implementation; review brand/proper-name spelling before production.
SMART-I18N-1473,database_public_cms,hostingpackages.json::الخطة المتقدمة,name,الخطة المتقدمة,Advanced Plan,add-en-content-field,Proposed English copy for bilingual implementation; review brand/proper-name spelling before production.
SMART-I18N-1474,database_public_cms,hostingpackages.json::الخطة المتقدمة,description,مثالية للمواقع الكبيرة والتطبيقات عالية الأداء,Ideal for large websites and high-performance applications,add-en-content-field,Proposed English copy for bilingual implementation; review brand/proper-name spelling before production.
SMART-I18N-1475,database_public_cms,hostingpackages.json::الخطة المتقدمة,features[0],100GB مساحة تخزين,100GB Storage,add-en-content-field,Proposed English copy for bilingual implementation; review brand/proper-name spelling before production.
SMART-I18N-1476,database_public_cms,hostingpackages.json::الخطة المتقدمة,features[1],نطاقات غير محدودة,Unlimited Domains,add-en-content-field,Proposed English copy for bilingual implementation; review brand/proper-name spelling before production.
SMART-I18N-1477,database_public_cms,hostingpackages.json::الخطة المتقدمة | services.json::تصميم وتطوير مواقع الويب | services.json::تطوير تطبيقات الجوال,features[5] | features[2] | features[1],أداء عالي,High Performance,add-en-content-field,Proposed English copy for bilingual implementation; review brand/proper-name spelling before production.
SMART-I18N-1478,database_public_cms,hostingpackages.json::الخطة المتقدمة | services.json::استضافة وإدارة السحابة,features[6] | features[3],دعم فني 24/7,24/7 Technical Support,add-en-content-field,Proposed English copy for bilingual implementation; review brand/proper-name spelling before production.
SMART-I18N-1479,database_public_cms,hostingpackages.json::استضافة WordPress,name,استضافة WordPress,WordPress Hosting,add-en-content-field,Proposed English copy for bilingual implementation; review brand/proper-name spelling before production.
SMART-I18N-1480,database_public_cms,hostingpackages.json::استضافة WordPress,description,مخصصة لمواقع WordPress مع أداء محسّن,Purpose-built for WordPress websites with optimized performance,add-en-content-field,Proposed English copy for bilingual implementation; review brand/proper-name spelling before production.
SMART-I18N-1481,database_public_cms,hostingpackages.json::استضافة WordPress,features[0],30GB مساحة تخزين,30GB Storage,add-en-content-field,Proposed English copy for bilingual implementation; review brand/proper-name spelling before production.
SMART-I18N-1482,database_public_cms,hostingpackages.json::استضافة WordPress,features[1] | domains,3 نطاقات,3 Domains,add-en-content-field,Proposed English copy for bilingual implementation; review brand/proper-name spelling before production.
SMART-I18N-1483,database_public_cms,hostingpackages.json::استضافة WordPress,features[2],تثبيت WordPress تلقائي,Automatic WordPress Installation,add-en-content-field,Proposed English copy for bilingual implementation; review brand/proper-name spelling before production.
SMART-I18N-1484,database_public_cms,hostingpackages.json::استضافة WordPress,features[3],قوالب مميزة,Premium Themes,add-en-content-field,Proposed English copy for bilingual implementation; review brand/proper-name spelling before production.
SMART-I18N-1485,database_public_cms,hostingpackages.json::استضافة WordPress,features[4],إضافات مجانية,Free Plugins,add-en-content-field,Proposed English copy for bilingual implementation; review brand/proper-name spelling before production.
SMART-I18N-1486,database_operational,leads.json::محمد أحمد,fullName,محمد أحمد,Mohammed Ahmed,do-not-auto-translate-user-generated,Audit translation/transliteration only; do not persist as a second-language copy of user-entered operational data.
SMART-I18N-1487,database_operational,leads.json::محمد أحمد,companyName,شركة التقنية المتقدمة,Advanced Technology Company,do-not-auto-translate-user-generated,Audit translation/transliteration only; do not persist as a second-language copy of user-entered operational data.
SMART-I18N-1488,database_operational,leads.json::محمد أحمد,message,نرغب في تطوير موقع إلكتروني لشركتنا مع نظام إدارة محتوى متقدم,We would like to develop a corporate website with an advanced content management system,do-not-auto-translate-user-generated,Audit translation/transliteration only; do not persist as a second-language copy of user-entered operational data.
SMART-I18N-1489,database_operational,leads.json::محمد أحمد | leads.json::خالد يوسف,source,الموقع الإلكتروني,Website,do-not-auto-translate-user-generated,Audit translation/transliteration only; do not persist as a second-language copy of user-entered operational data.
SMART-I18N-1490,database_operational,leads.json::محمد أحمد,projectGoal,تحسين الحضور الرقمي للشركة,Improve the company’s digital presence,do-not-auto-translate-user-generated,Audit translation/transliteration only; do not persist as a second-language copy of user-entered operational data.
SMART-I18N-1491,database_operational,leads.json::سارة خالد,fullName,سارة خالد,Sarah Khaled,do-not-auto-translate-user-generated,Audit translation/transliteration only; do not persist as a second-language copy of user-entered operational data.
SMART-I18N-1492,database_operational,leads.json::سارة خالد,companyName,متجر الأزياء الأنيق,Elegant Fashion Store,do-not-auto-translate-user-generated,Audit translation/transliteration only; do not persist as a second-language copy of user-entered operational data.
SMART-I18N-1493,database_operational,leads.json::سارة خالد,message,نحتاج إلى تطوير متجر إلكتروني متكامل مع نظام دفع وإدارة طلبات,We need a complete e-commerce store with payment and order management systems,do-not-auto-translate-user-generated,Audit translation/transliteration only; do not persist as a second-language copy of user-entered operational data.
SMART-I18N-1494,database_operational,leads.json::سارة خالد,notes,تم التواصل مع العميل وتم تحديد موعد للاجتماع,The client was contacted and a meeting was scheduled,do-not-auto-translate-user-generated,Audit translation/transliteration only; do not persist as a second-language copy of user-entered operational data.
SMART-I18N-1495,database_operational,leads.json::سارة خالد,source,الإحالة,Referral,do-not-auto-translate-user-generated,Audit translation/transliteration only; do not persist as a second-language copy of user-entered operational data.
SMART-I18N-1496,database_operational,leads.json::سارة خالد,projectGoal,إطلاق متجر إلكتروني لإدارة الطلبات والمنتجات وربط واتساب,Launch an e-commerce store to manage orders and products and integrate WhatsApp,do-not-auto-translate-user-generated,Audit translation/transliteration only; do not persist as a second-language copy of user-entered operational data.
SMART-I18N-1497,database_operational,leads.json::علي حسن,fullName,علي حسن,Ali Hassan,do-not-auto-translate-user-generated,Audit translation/transliteration only; do not persist as a second-language copy of user-entered operational data.
SMART-I18N-1498,database_operational,leads.json::علي حسن,companyName,مؤسسة التصنيع الحديث,Modern Manufacturing Establishment,do-not-auto-translate-user-generated,Audit translation/transliteration only; do not persist as a second-language copy of user-entered operational data.
SMART-I18N-1499,database_operational,leads.json::علي حسن,message,نبحث عن نظام ERP شامل لإدارة عمليات التصنيع والمخزون,We are looking for a comprehensive ERP system to manage manufacturing and inventory operations,do-not-auto-translate-user-generated,Audit translation/transliteration only; do not persist as a second-language copy of user-entered operational data.
SMART-I18N-1500,database_operational,leads.json::علي حسن,notes,تم إرسال العرض الفني والمالي، في انتظار الرد,The technical and financial proposal was sent; awaiting a response,do-not-auto-translate-user-generated,Audit translation/transliteration only; do not persist as a second-language copy of user-entered operational data.
SMART-I18N-1501,database_operational,leads.json::علي حسن,source,البريد الإلكتروني,Email,do-not-auto-translate-user-generated,Audit translation/transliteration only; do not persist as a second-language copy of user-entered operational data.
SMART-I18N-1502,database_operational,leads.json::علي حسن,projectGoal,دمج عدة أنظمة منفصلة في نظام واحد موحد,Merge several separate systems into one unified system,do-not-auto-translate-user-generated,Audit translation/transliteration only; do not persist as a second-language copy of user-entered operational data.
SMART-I18N-1503,database_operational,leads.json::فاطمة محمود,fullName,فاطمة محمود,Fatima Mahmoud,do-not-auto-translate-user-generated,Audit translation/transliteration only; do not persist as a second-language copy of user-entered operational data.
SMART-I18N-1504,database_operational,leads.json::فاطمة محمود,companyName,مطعم الطعم الأصيل,Authentic Taste Restaurant,do-not-auto-translate-user-generated,Audit translation/transliteration only; do not persist as a second-language copy of user-entered operational data.
SMART-I18N-1505,database_operational,leads.json::فاطمة محمود,message,نريد تطبيق جوال لطلب الطعام مع نظام توصيل,We want a mobile food-ordering application with a delivery system,do-not-auto-translate-user-generated,Audit translation/transliteration only; do not persist as a second-language copy of user-entered operational data.
SMART-I18N-1506,database_operational,leads.json::فاطمة محمود,notes,في مرحلة التفاوض على السعر والمواصفات النهائية,Currently negotiating the price and final specifications,do-not-auto-translate-user-generated,Audit translation/transliteration only; do not persist as a second-language copy of user-entered operational data.
SMART-I18N-1507,database_operational,leads.json::فاطمة محمود,source,وسائل التواصل الاجتماعي,Social Media,do-not-auto-translate-user-generated,Audit translation/transliteration only; do not persist as a second-language copy of user-entered operational data.
SMART-I18N-1508,database_operational,leads.json::فاطمة محمود,projectGoal,بناء MVP لتطبيق طلب طعام مع لوحة تحكم,Build an MVP for a food-ordering application with an admin dashboard,do-not-auto-translate-user-generated,Audit translation/transliteration only; do not persist as a second-language copy of user-entered operational data.
SMART-I18N-1509,database_operational,leads.json::خالد يوسف,fullName,خالد يوسف,Khaled Yousef,do-not-auto-translate-user-generated,Audit translation/transliteration only; do not persist as a second-language copy of user-entered operational data.
SMART-I18N-1510,database_operational,leads.json::خالد يوسف,companyName,شركة الخدمات اللوجستية,Logistics Services Company,do-not-auto-translate-user-generated,Audit translation/transliteration only; do not persist as a second-language copy of user-entered operational data.
SMART-I18N-1511,database_operational,leads.json::خالد يوسف,message,نحتاج إلى أتمتة عمليات التوصيل وإدارة الأسطول,We need to automate delivery operations and fleet management,do-not-auto-translate-user-generated,Audit translation/transliteration only; do not persist as a second-language copy of user-entered operational data.
SMART-I18N-1512,database_operational,leads.json::خالد يوسف,notes,تم إغلاق الصفقة بنجاح، سيبدأ المشروع الأسبوع القادم,The deal was successfully closed; the project will start next week,do-not-auto-translate-user-generated,Audit translation/transliteration only; do not persist as a second-language copy of user-entered operational data.
SMART-I18N-1513,database_operational,leads.json::خالد يوسف | leads.json::عبدالله حسن,projectGoal | message,أتمتة استقبال الطلبات من واتساب وربطها بجدول متابعة,Automate receiving orders from WhatsApp and link them to a tracking sheet,do-not-auto-translate-user-generated,Audit translation/transliteration only; do not persist as a second-language copy of user-entered operational data.
SMART-I18N-1514,database_operational,leads.json::أحمد القباطي,fullName,أحمد القباطي,Ahmed Al-Qubati,do-not-auto-translate-user-generated,Audit translation/transliteration only; do not persist as a second-language copy of user-entered operational data.
SMART-I18N-1515,database_operational,leads.json::أحمد القباطي,companyName,مؤسسة القباطي التجارية,Al-Qubati Trading Establishment,do-not-auto-translate-user-generated,Audit translation/transliteration only; do not persist as a second-language copy of user-entered operational data.
SMART-I18N-1516,database_operational,leads.json::أحمد القباطي,message,أريد معرفة المزيد عن خدمات تطوير المواقع.,I would like to learn more about your website development services.,do-not-auto-translate-user-generated,Audit translation/transliteration only; do not persist as a second-language copy of user-entered operational data.
SMART-I18N-1517,database_operational,leads.json::مازن علي,fullName,مازن علي,Mazen Ali,do-not-auto-translate-user-generated,Audit translation/transliteration only; do not persist as a second-language copy of user-entered operational data.
SMART-I18N-1518,database_operational,leads.json::مازن علي,companyName,خدمة محلية ناشئة,Local Startup Service,do-not-auto-translate-user-generated,Audit translation/transliteration only; do not persist as a second-language copy of user-entered operational data.
SMART-I18N-1519,database_operational,leads.json::مازن علي,message | projectGoal,بناء MVP لتطبيق خدمات محلية مع لوحة تحكم,Build an MVP for a local-services app with an admin dashboard,do-not-auto-translate-user-generated,Audit translation/transliteration only; do not persist as a second-language copy of user-entered operational data.
SMART-I18N-1520,database_operational,leads.json::عبدالله حسن,fullName,عبدالله حسن,Abdullah Hassan,do-not-auto-translate-user-generated,Audit translation/transliteration only; do not persist as a second-language copy of user-entered operational data.
SMART-I18N-1521,database_operational,leads.json::عبدالله حسن,companyName,شركة توزيع,Distribution Company,do-not-auto-translate-user-generated,Audit translation/transliteration only; do not persist as a second-language copy of user-entered operational data.
SMART-I18N-1522,database_public_cms,projectcategories.json::مواقع إلكترونية,label,مواقع إلكترونية,Websites,add-en-content-field,Proposed English copy for bilingual implementation; review brand/proper-name spelling before production.
SMART-I18N-1523,database_public_cms,projectcategories.json::مواقع إلكترونية,description,تطبيقات ومواقع ويب متكاملة,Integrated web applications and websites,add-en-content-field,Proposed English copy for bilingual implementation; review brand/proper-name spelling before production.
SMART-I18N-1524,database_public_cms,projectcategories.json::تطبيقات الجوال,label,تطبيقات الجوال,Mobile Applications,add-en-content-field,Proposed English copy for bilingual implementation; review brand/proper-name spelling before production.
SMART-I18N-1525,database_public_cms,projectcategories.json::تطبيقات الجوال | services.json::تطوير تطبيقات الجوال,description | features[0],تطبيقات iOS و Android,iOS and Android Applications,add-en-content-field,Proposed English copy for bilingual implementation; review brand/proper-name spelling before production.
SMART-I18N-1526,database_public_cms,projectcategories.json::متاجر إلكترونية,label,متاجر إلكترونية,E-Commerce Stores,add-en-content-field,Proposed English copy for bilingual implementation; review brand/proper-name spelling before production.
SMART-I18N-1527,database_public_cms,projectcategories.json::متاجر إلكترونية,description,منصات تجارة إلكترونية متكاملة,Integrated e-commerce platforms,add-en-content-field,Proposed English copy for bilingual implementation; review brand/proper-name spelling before production.
SMART-I18N-1528,database_public_cms,projectcategories.json::أتمتة,label,أتمتة,Automation,add-en-content-field,Proposed English copy for bilingual implementation; review brand/proper-name spelling before production.
SMART-I18N-1529,database_public_cms,projectcategories.json::أتمتة,description,أنظمة أتمتة العمليات,Process automation systems,add-en-content-field,Proposed English copy for bilingual implementation; review brand/proper-name spelling before production.
SMART-I18N-1530,database_public_cms,projectcategories.json::أخرى,label,أخرى,Other,add-en-content-field,Proposed English copy for bilingual implementation; review brand/proper-name spelling before production.
SMART-I18N-1531,database_public_cms,projectcategories.json::أخرى,description,مشاريع أخرى,Other projects,add-en-content-field,Proposed English copy for bilingual implementation; review brand/proper-name spelling before production.
SMART-I18N-1532,database_public_cms,projectcategories.json::منصات Saas,value,ٍSaaS,SaaS,add-en-content-field,Proposed English copy for bilingual implementation; review brand/proper-name spelling before production.
SMART-I18N-1533,database_public_cms,projectcategories.json::منصات Saas,label,منصات Saas,SaaS Platforms,add-en-content-field,Proposed English copy for bilingual implementation; review brand/proper-name spelling before production.
SMART-I18N-1534,database_public_cms,projectcategories.json::منصات Saas,description,بناء منصات SaaS,Building SaaS Platforms,add-en-content-field,Proposed English copy for bilingual implementation; review brand/proper-name spelling before production.
SMART-I18N-1535,database_public_cms,projects .json::المنصة الرقمية للجمعية اليمنية للأوعية الدموية,title,المنصة الرقمية للجمعية اليمنية للأوعية الدموية,Digital Platform for the Yemeni Vascular Association,add-en-content-field,Proposed English copy for bilingual implementation; review brand/proper-name spelling before production.
SMART-I18N-1536,database_public_cms,projects .json::المنصة الرقمية للجمعية اليمنية للأوعية الدموية,summary,منصة رقمية متكاملة للجمعيات الطبية والعلمية تجمع بين الموقع العام، وبوابة الأعضاء، ولوحة الإدارة، وإدارة المؤتمرات والفعاليات، ونظام التسجيل الديناميكي، والشهادات الرقمية القابلة للتحقق، وإدارة الأخبار والمحتوى، والنشرة البريدية، ورسائل التواصل، ضمن بنية حديثة وآمنة وقابلة للتوسع.,"An integrated digital platform for medical and scientific associations that combines a public website, member portal, admin dashboard, conference and event management, dynamic registration, verifiable digital certificates, news and content management, newsletters, and contact messages within a modern, secure, and scalable architecture.",add-en-content-field,Proposed English copy for bilingual implementation; review brand/proper-name spelling before production.
SMART-I18N-1537,database_public_cms,projects .json::المنصة الرقمية للجمعية اليمنية للأوعية الدموية,challenge,"كانت الجمعية بحاجة إلى منصة مركزية توحّد حضورها الرقمي وخدماتها التشغيلية بدل الاعتماد على أدوات متفرقة. 
 كما تمثّل التحدي في تقديم تجربة احترافية للأعضاء والزوار ورفع كفاءة التشغيل والإدارة.
تم تطوير منصة ويب متكاملة صُممت خصيصًا لتناسب احتياجات الجمعيات الطبية الحديثة، حيث توحّد الإدارات والأقسام داخل نظام واحد مرن وآمن و يدعم النظام التسجيل وربط السجلات السابقة تلقائيًا، والتحقق العام من الشهادات، والإشعارات الإدارية اللحظية.","The association needed a centralized platform to unify its digital presence and operational services instead of relying on fragmented tools. The challenge also involved delivering a professional experience for members and visitors while improving operational and administrative efficiency. An integrated web platform was developed specifically for the needs of modern medical associations, bringing departments and functions together in one flexible and secure system. The system supports registration, automatic linking of historical records, public certificate verification, and real-time administrative notifications.",add-en-content-field,Proposed English copy for bilingual implementation; review brand/proper-name spelling before production.
SMART-I18N-1538,database_public_cms,projects .json::المنصة الرقمية للجمعية اليمنية للأوعية الدموية,solution,تم تطوير منصة ويب متكاملة صُممت خصيصًا لتناسب احتياجات الجمعيات الطبية الحديثة، حيث توحّد الإدارات والأقسام داخل نظام واحد مرن وآمن و يدعم النظام التسجيل وربط السجلات السابقة تلقائيًا، والتحقق العام من الشهادات، والإشعارات الإدارية اللحظية.,"An integrated web platform was developed specifically for the needs of modern medical associations, unifying departments and functions within one flexible and secure system. The system supports registration, automatic linking of previous records, public certificate verification, and real-time administrative notifications.",add-en-content-field,Proposed English copy for bilingual implementation; review brand/proper-name spelling before production.
SMART-I18N-1539,database_public_cms,projects .json::المنصة الرقمية للجمعية اليمنية للأوعية الدموية,results[0].label,منصة موحدة,Unified Platform,add-en-content-field,Proposed English copy for bilingual implementation; review brand/proper-name spelling before production.
SMART-I18N-1540,database_public_cms,projects .json::المنصة الرقمية للجمعية اليمنية للأوعية الدموية,results[0].value,جمع إدارة الموقع والفعاليات والعضوية والشهادات داخل نظام واحد.,"Combined website, event, membership, and certificate management in one system.",add-en-content-field,Proposed English copy for bilingual implementation; review brand/proper-name spelling before production.
SMART-I18N-1541,database_public_cms,projects .json::المنصة الرقمية للجمعية اليمنية للأوعية الدموية,results[1].label,تجربة تسجيل مرنة,Flexible Registration Experience,add-en-content-field,Proposed English copy for bilingual implementation; review brand/proper-name spelling before production.
SMART-I18N-1542,database_public_cms,projects .json::المنصة الرقمية للجمعية اليمنية للأوعية الدموية,results[1].value,نماذج تسجيل ديناميكية قابلة للتخصيص لكل فعالية,Dynamic registration forms that can be customized for each event.,add-en-content-field,Proposed English copy for bilingual implementation; review brand/proper-name spelling before production.
SMART-I18N-1543,database_public_cms,projects .json::المنصة الرقمية للجمعية اليمنية للأوعية الدموية,results[2].label,تحول رقمي للشهادات,Digital Certificate Transformation,add-en-content-field,Proposed English copy for bilingual implementation; review brand/proper-name spelling before production.
SMART-I18N-1544,database_public_cms,projects .json::المنصة الرقمية للجمعية اليمنية للأوعية الدموية,results[2].value,إصدار شهادات PDF موثقة مع QR والتحقق العام من صحتها.,Issue verified PDF certificates with QR codes and public authenticity checks.,add-en-content-field,Proposed English copy for bilingual implementation; review brand/proper-name spelling before production.
SMART-I18N-1545,database_public_cms,projects .json::المنصة الرقمية للجمعية اليمنية للأوعية الدموية,results[3].label,رفع كفاءة الإدارة,Improved Administrative Efficiency,add-en-content-field,Proposed English copy for bilingual implementation; review brand/proper-name spelling before production.
SMART-I18N-1546,database_public_cms,projects .json::المنصة الرقمية للجمعية اليمنية للأوعية الدموية,results[3].value,لوحة تحكم مركزية لإدارة المحتوى والتسجيلات والرسائل والإحصائيات.,"A centralized dashboard for managing content, registrations, messages, and statistics.",add-en-content-field,Proposed English copy for bilingual implementation; review brand/proper-name spelling before production.
SMART-I18N-1547,database_public_cms,projects .json::المنصة الرقمية للجمعية اليمنية للأوعية الدموية,results[4].label,خدمة أفضل للأعضاء والضيوف,Better Service for Members and Guests,add-en-content-field,Proposed English copy for bilingual implementation; review brand/proper-name spelling before production.
SMART-I18N-1548,database_public_cms,projects .json::المنصة الرقمية للجمعية اليمنية للأوعية الدموية,results[4].value,بوابة أعضاء متكاملة مع دعم التسجيل وربط السجلات السابقة.,An integrated member portal with registration support and linking to historical records.,add-en-content-field,Proposed English copy for bilingual implementation; review brand/proper-name spelling before production.
SMART-I18N-1549,database_public_cms,projects .json::المنصة الرقمية للجمعية اليمنية للأوعية الدموية,results[5].label,جاهزية تشغيلية عالية,High Operational Readiness,add-en-content-field,Proposed English copy for bilingual implementation; review brand/proper-name spelling before production.
SMART-I18N-1550,database_public_cms,projects .json::المنصة الرقمية للجمعية اليمنية للأوعية الدموية,results[5].value,إشعارات لحظية وتخزين مرن وبنية تقنية قابلة للتوسع.,"Real-time notifications, flexible storage, and a scalable technical architecture.",add-en-content-field,Proposed English copy for bilingual implementation; review brand/proper-name spelling before production.
SMART-I18N-1551,database_public_cms,projects .json::المنصة الرقمية للجمعية اليمنية للأوعية الدموية,features[0],موقع عام احترافي,Professional Public Website,add-en-content-field,Proposed English copy for bilingual implementation; review brand/proper-name spelling before production.
SMART-I18N-1552,database_public_cms,projects .json::المنصة الرقمية للجمعية اليمنية للأوعية الدموية,features[1],بوابة أعضاء متكاملة,Integrated Member Portal,add-en-content-field,Proposed English copy for bilingual implementation; review brand/proper-name spelling before production.
SMART-I18N-1553,database_public_cms,projects .json::المنصة الرقمية للجمعية اليمنية للأوعية الدموية,features[2],لوحة تحكم إدارية شاملة,Comprehensive Admin Dashboard,add-en-content-field,Proposed English copy for bilingual implementation; review brand/proper-name spelling before production.
SMART-I18N-1554,database_public_cms,projects .json::المنصة الرقمية للجمعية اليمنية للأوعية الدموية,features[3],إدارة المؤتمرات والفعاليات ودعمها,Conference and Event Management and Support,add-en-content-field,Proposed English copy for bilingual implementation; review brand/proper-name spelling before production.
SMART-I18N-1555,database_public_cms,projects .json::المنصة الرقمية للجمعية اليمنية للأوعية الدموية,features[4],منشئ نماذج تسجيل ديناميكي,Dynamic Registration Form Builder,add-en-content-field,Proposed English copy for bilingual implementation; review brand/proper-name spelling before production.
SMART-I18N-1556,database_public_cms,projects .json::المنصة الرقمية للجمعية اليمنية للأوعية الدموية,features[5],دعم أنواع متعددة من الحقول، نظام التذاكر والرسوم وإدارته,Support for Multiple Field Types and a Ticketing and Fee Management System,add-en-content-field,Proposed English copy for bilingual implementation; review brand/proper-name spelling before production.
SMART-I18N-1557,database_public_cms,projects .json::المنصة الرقمية للجمعية اليمنية للأوعية الدموية,features[6],دعم إدارة معلومات البث المباشر,Live-Streaming Information Management,add-en-content-field,Proposed English copy for bilingual implementation; review brand/proper-name spelling before production.
SMART-I18N-1558,database_public_cms,projects .json::المنصة الرقمية للجمعية اليمنية للأوعية الدموية,features[7],إصدار شهادات رقمية PDF وموثقة برقم تسلسلي وQr Code,Issue PDF Digital Certificates Verified by Serial Number and QR Code,add-en-content-field,Proposed English copy for bilingual implementation; review brand/proper-name spelling before production.
SMART-I18N-1559,database_public_cms,projects .json::المنصة الرقمية للجمعية اليمنية للأوعية الدموية,features[8],إدارة المحتوى العام للموقع، نظام نشرة بريدية,Public Website Content Management and Newsletter System,add-en-content-field,Proposed English copy for bilingual implementation; review brand/proper-name spelling before production.
SMART-I18N-1560,database_public_cms,projects .json::المنصة الرقمية للجمعية اليمنية للأوعية الدموية,features[9],إشعارات إدارية لحظية، نموذج تواصل معنا، لوحة إحصائيات مركزية,"Real-Time Admin Notifications, Contact Form, and Centralized Analytics Dashboard",add-en-content-field,Proposed English copy for bilingual implementation; review brand/proper-name spelling before production.
SMART-I18N-1561,database_public_cms,projects .json::المنصة الرقمية للجمعية اليمنية للأوعية الدموية,features[10],مكتبة وسائط داخلية,Internal Media Library,add-en-content-field,Proposed English copy for bilingual implementation; review brand/proper-name spelling before production.
SMART-I18N-1562,database_public_cms,projects .json::المنصة الرقمية للجمعية اليمنية للأوعية الدموية,features[11],تحسين الصور وتخزين مرن محلي أو سحابي,Image Optimization and Flexible Local or Cloud Storage,add-en-content-field,Proposed English copy for bilingual implementation; review brand/proper-name spelling before production.
SMART-I18N-1563,database_public_cms,projects .json::المنصة الرقمية للجمعية اليمنية للأوعية الدموية,features[12],نظام صلاحيات متعدد الأدوار للإدارة والأعضاء والزوار,"Multi-Role Permission System for Administrators, Members, and Visitors",add-en-content-field,Proposed English copy for bilingual implementation; review brand/proper-name spelling before production.
SMART-I18N-1564,database_public_cms,projects .json::المنصة الرقمية للجمعية اليمنية للأوعية الدموية | projects .json::نظام إدارة طلبات الصيانة والبلاغات الذكي,features[13] | features[21],مصادقة آمنة,Secure Authentication,add-en-content-field,Proposed English copy for bilingual implementation; review brand/proper-name spelling before production.
SMART-I18N-1565,database_public_cms,projects .json::المنصة الرقمية للجمعية اليمنية للأوعية الدموية,features[14],جاهزية نشر احترافية وبنية حديثة قابلة للتوسع,"Production-Ready Deployment with a Modern, Scalable Architecture",add-en-content-field,Proposed English copy for bilingual implementation; review brand/proper-name spelling before production.
SMART-I18N-1566,database_public_cms,projects .json::المنصة الرقمية للجمعية اليمنية للأوعية الدموية,features[15],إصدار شهادات فردي أو جماعي للمشاركين,Individual or Bulk Certificate Issuance for Participants,add-en-content-field,Proposed English copy for bilingual implementation; review brand/proper-name spelling before production.
SMART-I18N-1567,database_public_cms,projects .json::المنصة الرقمية للجمعية اليمنية للأوعية الدموية,features[16],إدارة قوالب الشهادات والتحكم فيها,Certificate Template Management and Control,add-en-content-field,Proposed English copy for bilingual implementation; review brand/proper-name spelling before production.
SMART-I18N-1568,database_public_cms,projects .json::المنصة الرقمية للجمعية اليمنية للأوعية الدموية,features[17],إبطال الشهادات عند الحاجة مع حفظ سبب الإلغاء,Certificate Revocation When Needed with Revocation Reason Tracking,add-en-content-field,Proposed English copy for bilingual implementation; review brand/proper-name spelling before production.
SMART-I18N-1569,database_public_cms,projects .json::المنصة الرقمية للجمعية اليمنية للأوعية الدموية,features[18],التحقق العام من الشهادات عبر صفحة مخصصة للتأكد من صحة الشهادة,Public Certificate Verification Through a Dedicated Authenticity-Check Page,add-en-content-field,Proposed English copy for bilingual implementation; review brand/proper-name spelling before production.
SMART-I18N-1570,database_public_cms,projects .json::المنصة الرقمية للجمعية اليمنية للأوعية الدموية,clientName,الجمعية اليمنية للأوعية الدموية,Yemeni Vascular Association,add-en-content-field,Proposed English copy for bilingual implementation; review brand/proper-name spelling before production.
SMART-I18N-1571,database_public_cms,projects .json::المنصة الرقمية للجمعية اليمنية للأوعية الدموية,seo.metaTitle,المنصة الرقمية للجمعية اليمنية للأوعية الدموية | إدارة الفعاليات والشهادات والعضوية,"Yemeni Vascular Association Digital Platform | Event, Certificate & Membership Management",add-en-content-field,Proposed English copy for bilingual implementation; review brand/proper-name spelling before production.
SMART-I18N-1572,database_public_cms,projects .json::المنصة الرقمية للجمعية اليمنية للأوعية الدموية,seo.metaDescription,منصة رقمية متكاملة لإدارة الجمعية الطبية والفعاليات العلمية والتسجيلات والشهادات الرقمية وبوابة الأعضاء والأخبار والمحتوى والتواصل، ضمن نظام حديث وآمن وقابل للتوسع.,"An integrated digital platform for managing a medical association, scientific events, registrations, digital certificates, the member portal, news, content, and communication within a modern, secure, and scalable system.",add-en-content-field,Proposed English copy for bilingual implementation; review brand/proper-name spelling before production.
SMART-I18N-1573,database_public_cms,projects .json::TalentGate Sports Academy Management Platform,summary,بوابة المواهب (TalentGate) هي منصة متكاملة لإدارة وتشغيل الأكاديميات الرياضية، توحد العمليات اليومية داخل نظام واحد يشمل إدارة الحسابات واللاعبين، تنظيم الفئات والجداول، متابعة الفعاليات، تسجيل الحضور، إدارة الاشتراكات، تنظيم المباريات والتقييمات، ونشر الإعلانات والتقارير. المشروع مبني على هندسة تقنية قوية وواجهة إدارية عملية، مع جاهزية حقيقية للتوسع كنظام متعدد الأكاديميات.,"TalentGate is an integrated platform for managing and operating sports academies, bringing daily operations into one system that covers account and player management, category and schedule organization, event tracking, attendance, subscriptions, matches, evaluations, announcements, and reports. The project is built on a strong technical architecture and a practical administration interface, with genuine readiness to scale as a multi-academy system.",add-en-content-field,Proposed English copy for bilingual implementation; review brand/proper-name spelling before production.
SMART-I18N-1574,database_public_cms,projects .json::TalentGate Sports Academy Management Platform,challenge,الحاجة إلى توحيد تشغيل أكاديميات كرة القدم وإدارة اللاعبين والمدربين والفئات والجداول والحضور والمباريات والتقييمات والاشتراكات داخل منظومة مركزية، مع فصل بيانات كل أكاديمية وصلاحيات مستخدميها.,"The need was to unify football academy operations and manage players, coaches, categories, schedules, attendance, matches, evaluations, and subscriptions within a centralized system while isolating each academy’s data and enforcing user permissions.",add-en-content-field,Proposed English copy for bilingual implementation; review brand/proper-name spelling before production.
SMART-I18N-1575,database_public_cms,projects .json::TalentGate Sports Academy Management Platform,solution,تم بناء TalentGate Football كمنظومة متعددة الواجهات حول Backend مركزي بـNestJS وPostgreSQL: موقع عام، لوحة لمالك المنصة، لوحة تشغيل للأكاديمية والمدربين، وتطبيق Flutter للاعب. يفرض النظام نطاق الأكاديمية والصلاحيات حسب الدور، ويغطي التسجيل والإدارة الرياضية والحضور والمباريات والتقييمات والاشتراكات والفوترة والتقارير والإعلانات، مع Redis وBullMQ للمعالجة غير المتزامنة ودعم تخزين الوسائط عبر Cloudflare R2 وبنية Push عبر Firebase Cloud Messaging.,"TalentGate Football was built as a multi-interface system around a centralized NestJS and PostgreSQL backend: a public website, a platform-owner dashboard, an operations dashboard for academies and coaches, and a Flutter player app. The system enforces academy scope and role-based permissions and covers registration, sports administration, attendance, matches, evaluations, subscriptions, billing, reports, and announcements, with Redis and BullMQ for asynchronous processing, Cloudflare R2 for media storage, and Firebase Cloud Messaging for push notifications.",add-en-content-field,Proposed English copy for bilingual implementation; review brand/proper-name spelling before production.
SMART-I18N-1576,database_public_cms,projects .json::TalentGate Sports Academy Management Platform,results[0].label,توحيد دورة تشغيل الأكاديمية,Unified Academy Operations,add-en-content-field,Proposed English copy for bilingual implementation; review brand/proper-name spelling before production.
SMART-I18N-1577,database_public_cms,projects .json::TalentGate Sports Academy Management Platform,results[0].value,جمع إدارة اللاعبين والفئات والجداول والحضور والمباريات والتقييمات والاشتراكات ضمن منظومة مترابطة.,"Combined player, category, schedule, attendance, match, evaluation, and subscription management in one connected system.",add-en-content-field,Proposed English copy for bilingual implementation; review brand/proper-name spelling before production.
SMART-I18N-1578,database_public_cms,projects .json::TalentGate Sports Academy Management Platform | projects .json::Mohd.dev — موقع Portfolio تقني ونظام إدارة محتوى | projects .json::Kaleem Store — منصة SaaS للتجارة الإلكترونية,results[1].label | results[2].label,فصل الصلاحيات,Permission Separation,add-en-content-field,Proposed English copy for bilingual implementation; review brand/proper-name spelling before production.
SMART-I18N-1579,database_public_cms,projects .json::TalentGate Sports Academy Management Platform,results[1].value,توفير نطاقات وصول مستقلة لإدارة المنصة والأكاديمية والمدرب واللاعب، مع حصر المدرب في الفئات المسندة إليه.,"Provided independent access scopes for platform administration, academy management, coaches, and players, while limiting coaches to their assigned categories.",add-en-content-field,Proposed English copy for bilingual implementation; review brand/proper-name spelling before production.
SMART-I18N-1580,database_public_cms,projects .json::TalentGate Sports Academy Management Platform,results[2].label,فصل بيانات الأكاديميات,Academy Data Isolation,add-en-content-field,Proposed English copy for bilingual implementation; review brand/proper-name spelling before production.
SMART-I18N-1581,database_public_cms,projects .json::TalentGate Sports Academy Management Platform,results[2].value,اعتماد نطاق الأكاديمية في الطلبات وطبقة البيانات لدعم تشغيل عدة أكاديميات على المنصة نفسها.,Applied academy scope at the request and data layers to support multiple academies on the same platform.,add-en-content-field,Proposed English copy for bilingual implementation; review brand/proper-name spelling before production.
SMART-I18N-1582,database_public_cms,projects .json::TalentGate Sports Academy Management Platform,results[3].label,تجربة ذاتية للاعب,Player Self-Service Experience,add-en-content-field,Proposed English copy for bilingual implementation; review brand/proper-name spelling before production.
SMART-I18N-1583,database_public_cms,projects .json::TalentGate Sports Academy Management Platform,results[3].value,إتاحة تطبيق للاعب لمتابعة جدوله ومبارياته وحضوره وأدائه واشتراكه وفريقه والشارات والمحتوى التدريبي.,"A player app for following schedules, matches, attendance, performance, subscription, team, badges, and training content.",add-en-content-field,Proposed English copy for bilingual implementation; review brand/proper-name spelling before production.
SMART-I18N-1584,database_public_cms,projects .json::TalentGate Sports Academy Management Platform,results[4].label,إدارة الاشتراك والفوترة,Subscription and Billing Management,add-en-content-field,Proposed English copy for bilingual implementation; review brand/proper-name spelling before production.
SMART-I18N-1585,database_public_cms,projects .json::TalentGate Sports Academy Management Platform,results[4].value,ربط الباقات وطلبات الاشتراك وإثباتات الدفع والفواتير والمدفوعات وأكواد التفعيل بدورة مراجعة من إدارة المنصة.,"Connected plans, subscription requests, payment proofs, invoices, payments, and activation codes to a platform-admin review workflow.",add-en-content-field,Proposed English copy for bilingual implementation; review brand/proper-name spelling before production.
SMART-I18N-1586,database_public_cms,projects .json::TalentGate Sports Academy Management Platform,results[5].label,تقارير تشغيلية مركزية,Centralized Operational Reports,add-en-content-field,Proposed English copy for bilingual implementation; review brand/proper-name spelling before production.
SMART-I18N-1587,database_public_cms,projects .json::TalentGate Sports Academy Management Platform,results[5].value,توفير لوحات وتقارير للحضور والاشتراكات والمباريات والتقييمات لمتابعة تشغيل الأكاديمي.,"Dashboards and reports for attendance, subscriptions, matches, and evaluations to monitor academy operations.",add-en-content-field,Proposed English copy for bilingual implementation; review brand/proper-name spelling before production.
SMART-I18N-1588,database_public_cms,projects .json::TalentGate Sports Academy Management Platform,features[0],•	نظام مصادقة وصلاحيات متعدد الأدوار للتحكم الدقيق في الوصول,• Multi-role authentication and permissions for precise access control,add-en-content-field,Proposed English copy for bilingual implementation; review brand/proper-name spelling before production.
SMART-I18N-1589,database_public_cms,projects .json::TalentGate Sports Academy Management Platform,features[1],•	عزل بيانات الأكاديميات داخل قاعدة البيانات والاستعلامات,• Academy data isolation at the database and query layers,add-en-content-field,Proposed English copy for bilingual implementation; review brand/proper-name spelling before production.
SMART-I18N-1590,database_public_cms,projects .json::TalentGate Sports Academy Management Platform,features[2],•	إدارة طلبات حسابات اللاعبين من التسجيل وحتى القبول أو الرفض أو إعادة الفتح أو الحظر عبر مسارات إدارية واضحة,"• Player account request management from registration through approval, rejection, reopening, or blocking using clear administrative workflows",add-en-content-field,Proposed English copy for bilingual implementation; review brand/proper-name spelling before production.
SMART-I18N-1591,database_public_cms,projects .json::TalentGate Sports Academy Management Platform,features[3],•	إدارة اللاعبين والفئات مع إمكانية نقل اللاعب بين الفئات والاحتفاظ بسجل انتقالات تاريخي,• Player and category management with the ability to transfer players between categories while retaining a historical transfer record,add-en-content-field,Proposed English copy for bilingual implementation; review brand/proper-name spelling before production.
SMART-I18N-1592,database_public_cms,projects .json::TalentGate Sports Academy Management Platform,features[4],• إدارة الفئات العمرية والجداول الأسبوعية وبرنامج الفريق,"• Age-category management, weekly schedules, and team programs",add-en-content-field,Proposed English copy for bilingual implementation; review brand/proper-name spelling before production.
SMART-I18N-1593,database_public_cms,projects .json::TalentGate Sports Academy Management Platform,features[5],•	دورة حياة متكاملة للفعالية تشمل الحالات: مجدولة، مؤجلة، ملغاة، ومكتملة، مع قواعد انتقال حالة واضحة,"• Integrated event lifecycle covering scheduled, postponed, cancelled, and completed states with explicit transition rules",add-en-content-field,Proposed English copy for bilingual implementation; review brand/proper-name spelling before production.
SMART-I18N-1594,database_public_cms,projects .json::TalentGate Sports Academy Management Platform,features[6],•	إدارة الحضور وربطه بالفعاليات واللاعبين مع تقارير دقيقة لحالات الحضور,• Attendance management linked to events and players with accurate attendance-status reporting,add-en-content-field,Proposed English copy for bilingual implementation; review brand/proper-name spelling before production.
SMART-I18N-1595,database_public_cms,projects .json::TalentGate Sports Academy Management Platform,features[7],إدارة باقات الأكاديميات وطلبات الاشتراك والفواتير وإثباتات الدفع وأكواد التفعيل,"Academy plan management, subscription requests, invoices, payment proofs, and activation codes",add-en-content-field,Proposed English copy for bilingual implementation; review brand/proper-name spelling before production.
SMART-I18N-1596,database_public_cms,projects .json::TalentGate Sports Academy Management Platform,features[8],•	إدارة المباريات كمجال مستقل يشمل إنشاء المباراة، التشكيلة، أحداث المباراة، وتحديث مجريات اللعب,"• Match management as an independent domain covering match creation, lineups, match events, and live match updates",add-en-content-field,Proposed English copy for bilingual implementation; review brand/proper-name spelling before production.
SMART-I18N-1597,database_public_cms,projects .json::TalentGate Sports Academy Management Platform,features[9],•	نظام تقييمات متكامل يتضمن القوالب، المعايير، التقييمات الأسبوعية، والتقارير الشهرية المرتبطة بالفئات واللاعبين,"• Integrated evaluation system including templates, criteria, weekly evaluations, and monthly reports linked to categories and players",add-en-content-field,Proposed English copy for bilingual implementation; review brand/proper-name spelling before production.
SMART-I18N-1598,database_public_cms,projects .json::TalentGate Sports Academy Management Platform,features[10],•	نظام إعلانات داخلي للأكاديمية مع إمكانية التثبيت والاستهداف سواء لجميع المستخدمين أو لفئة محددة,• Internal academy announcement system with pinning and targeting for all users or a specific category,add-en-content-field,Proposed English copy for bilingual implementation; review brand/proper-name spelling before production.
SMART-I18N-1599,database_public_cms,projects .json::TalentGate Sports Academy Management Platform,features[11],•	لوحة تحكم وتقارير تشغيلية في الواجهة الإدارية مع مؤشرات أداء ورسوم بيانية,• Administrative dashboard and operational reports with KPIs and charts,add-en-content-field,Proposed English copy for bilingual implementation; review brand/proper-name spelling before production.
SMART-I18N-1600,database_public_cms,projects .json::TalentGate Sports Academy Management Platform,clientName,أكاديمية بوابة المواهب (TalentGate) الرياضية,TalentGate Sports Academy,add-en-content-field,Proposed English copy for bilingual implementation; review brand/proper-name spelling before production.
SMART-I18N-1601,database_public_cms,projects .json::TalentGate Sports Academy Management Platform,seo.metaTitle,TalentGate Football | منصة إدارة أكاديميات كرة القدم,TalentGate Football | Football Academy Management Platform,add-en-content-field,Proposed English copy for bilingual implementation; review brand/proper-name spelling before production.
SMART-I18N-1602,database_public_cms,projects .json::TalentGate Sports Academy Management Platform,seo.metaDescription,منصة SaaS لإدارة أكاديميات كرة القدم تشمل اللاعبين والمدربين والحضور والمباريات والتقييمات والاشتراكات، مع لوحات إدارة وتطبيق للاعب.,"A SaaS platform for managing football academies, including players, coaches, attendance, matches, evaluations, and subscriptions, with admin dashboards and a player app.",add-en-content-field,Proposed English copy for bilingual implementation; review brand/proper-name spelling before production.
SMART-I18N-1603,database_public_cms,projects .json::TalentGate Sports Academy Management Platform,seo.keywords[1],إدارة الأكاديميات الرياضية,Sports Academy Management,add-en-content-field,Proposed English copy for bilingual implementation; review brand/proper-name spelling before production.
SMART-I18N-1604,database_public_cms,projects .json::TalentGate Sports Academy Management Platform,seo.keywords[3],منصة رياضية,Sports Platform,add-en-content-field,Proposed English copy for bilingual implementation; review brand/proper-name spelling before production.
SMART-I18N-1605,database_public_cms,projects .json::TalentGate Sports Academy Management Platform,seo.keywords[4] | seo.keywords[14],إدارة اللاعبين,Player Management,add-en-content-field,Proposed English copy for bilingual implementation; review brand/proper-name spelling before production.
SMART-I18N-1606,database_public_cms,projects .json::TalentGate Sports Academy Management Platform,seo.keywords[5],إدارة الحضور,Attendance Management,add-en-content-field,Proposed English copy for bilingual implementation; review brand/proper-name spelling before production.
SMART-I18N-1607,database_public_cms,projects .json::TalentGate Sports Academy Management Platform,seo.keywords[6],إدارة الاشتراكات,Subscription Management,add-en-content-field,Proposed English copy for bilingual implementation; review brand/proper-name spelling before production.
SMART-I18N-1608,database_public_cms,projects .json::TalentGate Sports Academy Management Platform,seo.keywords[7],إدارة المباريات,Match Management,add-en-content-field,Proposed English copy for bilingual implementation; review brand/proper-name spelling before production.
SMART-I18N-1609,database_public_cms,projects .json::TalentGate Sports Academy Management Platform,seo.keywords[8],لوحة تحكم أكاديمية,Academy Dashboard,add-en-content-field,Proposed English copy for bilingual implementation; review brand/proper-name spelling before production.
SMART-I18N-1610,database_public_cms,projects .json::TalentGate Sports Academy Management Platform,seo.keywords[13],إدارة أكاديميات كرة القدم,Football Academy Management,add-en-content-field,Proposed English copy for bilingual implementation; review brand/proper-name spelling before production.
SMART-I18N-1611,database_public_cms,projects .json::TalentGate Sports Academy Management Platform,seo.keywords[15],إدارة المدربين,Coach Management,add-en-content-field,Proposed English copy for bilingual implementation; review brand/proper-name spelling before production.
SMART-I18N-1612,database_public_cms,projects .json::TalentGate Sports Academy Management Platform,seo.keywords[16],حضور اللاعبين,Player Attendance,add-en-content-field,Proposed English copy for bilingual implementation; review brand/proper-name spelling before production.
SMART-I18N-1613,database_public_cms,projects .json::TalentGate Sports Academy Management Platform,seo.keywords[17],تقييم اللاعبين,Player Evaluation,add-en-content-field,Proposed English copy for bilingual implementation; review brand/proper-name spelling before production.
SMART-I18N-1614,database_public_cms,projects .json::TalentGate Sports Academy Management Platform,seo.keywords[18],منصة SaaS رياضية,Sports SaaS Platform,add-en-content-field,Proposed English copy for bilingual implementation; review brand/proper-name spelling before production.
SMART-I18N-1615,database_public_cms,projects .json::TalentGate Sports Academy Management Platform | projects .json::منصة تجدد للتجارة الإلكترونية والخدمات الفنية | projects .json::منصة  TRAS Phone لقطع غيار الهواتف,duration,3 أشهر,3 Months,add-en-content-field,Proposed English copy for bilingual implementation; review brand/proper-name spelling before production.
SMART-I18N-1616,database_public_cms,projects .json::TalentGate Sports Academy Management Platform,industry,رياضة,Sports,add-en-content-field,Proposed English copy for bilingual implementation; review brand/proper-name spelling before production.
SMART-I18N-1617,database_public_cms,projects .json::TalentGate Sports Academy Management Platform,stats[0].label,ميزة,Features,add-en-content-field,Proposed English copy for bilingual implementation; review brand/proper-name spelling before production.
SMART-I18N-1618,database_public_cms,projects .json::TalentGate Sports Academy Management Platform,stats[0].description,مميزات يحتوي عليها المشروع,Features included in the project,add-en-content-field,Proposed English copy for bilingual implementation; review brand/proper-name spelling before production.
SMART-I18N-1619,database_public_cms,projects .json::TalentGate Sports Academy Management Platform,stats[1].label,شاشة,Screens,add-en-content-field,Proposed English copy for bilingual implementation; review brand/proper-name spelling before production.
SMART-I18N-1620,database_public_cms,projects .json::TalentGate Sports Academy Management Platform,stats[1].description,عدد شاشات لوحة التحكم الخاصة بالمدرب,Number of screens in the coach dashboard,add-en-content-field,Proposed English copy for bilingual implementation; review brand/proper-name spelling before production.
SMART-I18N-1621,database_public_cms,projects .json::TalentGate Sports Academy Management Platform | projects .json::موقع الوصابي للتجارة,stats[2].label | stats[0].label,مكونات المنظومة,System Components,add-en-content-field,Proposed English copy for bilingual implementation; review brand/proper-name spelling before production.
SMART-I18N-1622,database_public_cms,projects .json::TalentGate Sports Academy Management Platform,stats[2].description,موقع عام، لوحة مالك المنصة، لوحة الأكاديمية والمدرب، تطبيق اللاعب، و Backend API.,"Public website, platform-owner dashboard, academy and coach dashboard, player app, and Backend API.",add-en-content-field,Proposed English copy for bilingual implementation; review brand/proper-name spelling before production.
SMART-I18N-1623,database_public_cms,projects .json::منصة تجدد للتجارة الإلكترونية والخدمات الفنية,title | seo.metaTitle,منصة تجدد للتجارة الإلكترونية والخدمات الفنية,Tajaddod E-Commerce and Technical Services Platform,add-en-content-field,Proposed English copy for bilingual implementation; review brand/proper-name spelling before production.
SMART-I18N-1624,database_public_cms,projects .json::منصة تجدد للتجارة الإلكترونية والخدمات الفنية,summary,تجدد هي منصة رقمية متكاملة تجمع بين متجر ويب احترافي، وتطبيق موبايل فعلي، ولوحة إدارة شاملة، وباك إند قوي لإدارة دورة العمل بالكامل. المنصة لا تقدم تجربة بيع إلكتروني فقط، بل تبني بيئة تشغيل موحدة تربط بين المنتجات والطلبات والعناوين والدعم والإشعارات والخدمات الفنية، مع مسارات واضحة للعميل والمهندس والتاجر والإدارة داخل نفس النظام.,"Tajaddod is an integrated digital platform combining a professional web store, a full mobile application, a comprehensive admin dashboard, and a robust backend for managing the complete business cycle. The platform goes beyond e-commerce by creating a unified operating environment that connects products, orders, addresses, support, notifications, and technical services, with clear journeys for customers, engineers, merchants, and administrators within the same system.",add-en-content-field,Proposed English copy for bilingual implementation; review brand/proper-name spelling before production.
SMART-I18N-1625,database_public_cms,projects .json::منصة تجدد للتجارة الإلكترونية والخدمات الفنية,challenge,هو الحاجة إلى منصة واحدة تجمع بين التجارة الإلكترونية والخدمات الفنية والتشغيل اليومي والدعم، بدل الاعتماد على أدوات متفرقة تؤدي إلى تشتت البيانات، وضعف المتابعة، وصعوبة إدارة العلاقة بين العميل والفريق الفني والإدارة.,"The challenge was the need for a single platform combining e-commerce, technical services, daily operations, and support instead of relying on fragmented tools that scatter data, weaken follow-up, and make it difficult to manage the relationship between customers, the technical team, and administration.",add-en-content-field,Proposed English copy for bilingual implementation; review brand/proper-name spelling before production.
SMART-I18N-1626,database_public_cms,projects .json::منصة تجدد للتجارة الإلكترونية والخدمات الفنية,solution,تم بناء المنصة كحل تشغيلي متكامل يضم متجر ويب، وتطبيق موبايل، ولوحة إدارة، وباك إند مركزي يدير المنتجات والطلبات والعروض والكوبونات والإشعارات وطلبات الصيانة والدعم، بما يخلق تجربة مترابطة ومرنة وقابلة للتوسع داخل بيئة رقمية واحدة.,"The platform was built as an integrated operating solution comprising a web store, mobile app, admin dashboard, and centralized backend that manages products, orders, promotions, coupons, notifications, maintenance requests, and support, creating a connected, flexible, and scalable experience within one digital environment.",add-en-content-field,Proposed English copy for bilingual implementation; review brand/proper-name spelling before production.
SMART-I18N-1627,database_public_cms,projects .json::منصة تجدد للتجارة الإلكترونية والخدمات الفنية,results[0].label,تجربة موحدة,Unified Experience,add-en-content-field,Proposed English copy for bilingual implementation; review brand/proper-name spelling before production.
SMART-I18N-1628,database_public_cms,projects .json::منصة تجدد للتجارة الإلكترونية والخدمات الفنية,results[0].value,جمع المتجر والموبايل والإدارة والخدمات داخل منظومة رقمية واحدة,"Combined the store, mobile app, administration, and services within one digital ecosystem",add-en-content-field,Proposed English copy for bilingual implementation; review brand/proper-name spelling before production.
SMART-I18N-1629,database_public_cms,projects .json::منصة تجدد للتجارة الإلكترونية والخدمات الفنية,results[1].label,تشغيل أكثر ترابطًا,More Connected Operations,add-en-content-field,Proposed English copy for bilingual implementation; review brand/proper-name spelling before production.
SMART-I18N-1630,database_public_cms,projects .json::منصة تجدد للتجارة الإلكترونية والخدمات الفنية,results[1].value,ربط الطلبات والمنتجات والصيانة والدعم ضمن مسار تشغيلي متكامل,"Connected orders, products, maintenance, and support through an integrated operational workflow",add-en-content-field,Proposed English copy for bilingual implementation; review brand/proper-name spelling before production.
SMART-I18N-1631,database_public_cms,projects .json::منصة تجدد للتجارة الإلكترونية والخدمات الفنية,results[2].label,مرونة للأدوار المختلفة,Flexibility for Different Roles,add-en-content-field,Proposed English copy for bilingual implementation; review brand/proper-name spelling before production.
SMART-I18N-1632,database_public_cms,projects .json::منصة تجدد للتجارة الإلكترونية والخدمات الفنية,results[2].value,تمكين العميل والمهندس والتاجر والإدارة من العمل داخل نفس النظام,"Enabled customers, engineers, merchants, and administrators to work within the same system",add-en-content-field,Proposed English copy for bilingual implementation; review brand/proper-name spelling before production.
SMART-I18N-1633,database_public_cms,projects .json::منصة تجدد للتجارة الإلكترونية والخدمات الفنية,results[3].label,جاهزية للنمو,Ready for Growth,add-en-content-field,Proposed English copy for bilingual implementation; review brand/proper-name spelling before production.
SMART-I18N-1634,database_public_cms,projects .json::منصة تجدد للتجارة الإلكترونية والخدمات الفنية,results[3].value,بنية تقنية تدعم التوسع والتكاملات والتحليلات والتجارب المستقبلية,"A technical architecture that supports scaling, integrations, analytics, and future experiences",add-en-content-field,Proposed English copy for bilingual implementation; review brand/proper-name spelling before production.
SMART-I18N-1635,database_public_cms,projects .json::منصة تجدد للتجارة الإلكترونية والخدمات الفنية,features[0],متجر إلكتروني متكامل لعرض المنتجات، التصنيفات، العلامات، العروض، البنرات، المنتجات الجديدة والمميزة، والبحث داخل المنتجات.,"An integrated e-commerce store for showcasing products, categories, brands, promotions, banners, new and featured products, and product search.",add-en-content-field,Proposed English copy for bilingual implementation; review brand/proper-name spelling before production.
SMART-I18N-1636,database_public_cms,projects .json::منصة تجدد للتجارة الإلكترونية والخدمات الفنية,features[1],تطبيق موبايل فعلي مبني لخدمة المستخدمين مع تسجيل الدخول، التحقق، التصفح، السلة، الطلبات، المفضلة، العناوين، الإشعارات، والدعم.,"A full mobile application built for users, including login, verification, browsing, cart, orders, favorites, addresses, notifications, and support.",add-en-content-field,Proposed English copy for bilingual implementation; review brand/proper-name spelling before production.
SMART-I18N-1637,database_public_cms,projects .json::منصة تجدد للتجارة الإلكترونية والخدمات الفنية,features[2],سلة مشتريات حقيقية مع تخزين محلي ومزامنة مع الخادم، وإدارة عناصر السلة وتحديث الكميات وتطبيق الكوبونات.,"A real shopping cart with local storage and server synchronization, cart item management, quantity updates, and coupon application.",add-en-content-field,Proposed English copy for bilingual implementation; review brand/proper-name spelling before production.
SMART-I18N-1638,database_public_cms,projects .json::منصة تجدد للتجارة الإلكترونية والخدمات الفنية,features[3],نظام طلبات متكامل يشمل إنشاء الطلب، اختيار العنوان، اختيار وسيلة الدفع المتاحة، متابعة الحالة، عرض التفاصيل، والفواتير.,"An integrated order system covering order creation, address selection, available payment methods, status tracking, details, and invoices.",add-en-content-field,Proposed English copy for bilingual implementation; review brand/proper-name spelling before production.
SMART-I18N-1639,database_public_cms,projects .json::منصة تجدد للتجارة الإلكترونية والخدمات الفنية,features[4],دعم اللغتين العربية والإنجليزية على مستوى الويب والموبايل ولوحة الإدارة.,"Arabic and English support across the web, mobile app, and admin dashboard.",add-en-content-field,Proposed English copy for bilingual implementation; review brand/proper-name spelling before production.
SMART-I18N-1640,database_public_cms,projects .json::منصة تجدد للتجارة الإلكترونية والخدمات الفنية,features[5],دعم العملات المتعددة داخل المنصة.,Multi-currency support across the platform.,add-en-content-field,Proposed English copy for bilingual implementation; review brand/proper-name spelling before production.
SMART-I18N-1641,database_public_cms,projects .json::منصة تجدد للتجارة الإلكترونية والخدمات الفنية,features[6],نظام حسابات وأدوار متعدد يشمل عميل، مهندس، تاجر، أدمن، وسوبر أدمن.,"A multi-account and role system covering customer, engineer, merchant, admin, and super admin.",add-en-content-field,Proposed English copy for bilingual implementation; review brand/proper-name spelling before production.
SMART-I18N-1642,database_public_cms,projects .json::منصة تجدد للتجارة الإلكترونية والخدمات الفنية,features[7],مسار خدمات وصيانة متكامل يتيح للعميل إنشاء طلب صيانة، واسنفيذ، ثم إكمال الخدمة وتقييمتقبال عروض من المهندسين، وقبول العرض، ومتابعة التها.,"An integrated service and maintenance workflow that lets customers create maintenance requests, receive engineer quotations, accept an offer, follow execution, complete the service, and submit an evaluation.",add-en-content-field,Proposed English copy for bilingual implementation; review brand/proper-name spelling before production.
SMART-I18N-1643,database_public_cms,projects .json::منصة تجدد للتجارة الإلكترونية والخدمات الفنية,features[8],مسار مستقل للمهندس يتيح له استعراض الطلبات، تقديم العروض، متابعة الطلبات المقبولة، وإدارة ملفه المهني والمالي.,"A dedicated engineer workflow for browsing requests, submitting quotations, tracking accepted jobs, and managing professional and financial profiles.",add-en-content-field,Proposed English copy for bilingual implementation; review brand/proper-name spelling before production.
SMART-I18N-1644,database_public_cms,projects .json::منصة تجدد للتجارة الإلكترونية والخدمات الفنية,features[9],إدارة العناوين والموقع الجغرافي والخرائط داخل التطبيق.,"Address, geolocation, and map management within the application.",add-en-content-field,Proposed English copy for bilingual implementation; review brand/proper-name spelling before production.
SMART-I18N-1645,database_public_cms,projects .json::منصة تجدد للتجارة الإلكترونية والخدمات الفنية,features[10],نظام مفضلة فعلي على الويب والموبايل.,A fully functional favorites system across web and mobile.,add-en-content-field,Proposed English copy for bilingual implementation; review brand/proper-name spelling before production.
SMART-I18N-1646,database_public_cms,projects .json::منصة تجدد للتجارة الإلكترونية والخدمات الفنية,features[11],نظام إشعارات داخل المنصة مع دعم للإشعارات الفورية وربطها بمسارات داخل التطبيق والنظام.,An in-platform notification system with push notification support and deep navigation to relevant application and system flows.,add-en-content-field,Proposed English copy for bilingual implementation; review brand/proper-name spelling before production.
SMART-I18N-1647,database_public_cms,projects .json::منصة تجدد للتجارة الإلكترونية والخدمات الفنية,features[12],نظام دعم ومحادثة قائم على التذاكر والرسائل.,A ticket- and message-based support and chat system.,add-en-content-field,Proposed English copy for bilingual implementation; review brand/proper-name spelling before production.
SMART-I18N-1648,database_public_cms,projects .json::منصة تجدد للتجارة الإلكترونية والخدمات الفنية,features[13],دعم Deep Linking / App Links لفتح مسارات محددة داخل التطبيق من خارج المنصة.,Deep Linking / App Links support to open specific in-app routes from outside the platform.,add-en-content-field,Proposed English copy for bilingual implementation; review brand/proper-name spelling before production.
SMART-I18N-1649,database_public_cms,projects .json::منصة تجدد للتجارة الإلكترونية والخدمات الفنية,features[14],إعدادات مستخدم متقدمة تشمل اللغة، الثيم، العملة، الملف الشخصي، وبعض خيارات الأمان.,"Advanced user settings covering language, theme, currency, profile, and selected security options.",add-en-content-field,Proposed English copy for bilingual implementation; review brand/proper-name spelling before production.
SMART-I18N-1650,database_public_cms,projects .json::منصة تجدد للتجارة الإلكترونية والخدمات الفنية,features[15],دعم المصادقة داخل التطبيق.,In-app authentication support.,add-en-content-field,Proposed English copy for bilingual implementation; review brand/proper-name spelling before production.
SMART-I18N-1651,database_public_cms,projects .json::منصة تجدد للتجارة الإلكترونية والخدمات الفنية,features[16],نظام تحقق للحسابات للمهندسين والتجار مع حالات واضحة لإدارة التحقق.,Account verification for engineers and merchants with clear verification-management states.,add-en-content-field,Proposed English copy for bilingual implementation; review brand/proper-name spelling before production.
SMART-I18N-1652,database_public_cms,projects .json::منصة تجدد للتجارة الإلكترونية والخدمات الفنية,features[17],لوحة إدارة كبيرة تغطي إدارة المنتجات، التصنيفات، السمات، البراندات، الطلبات، المستخدمين، البانرات، الكوبونات، الخدمات، الإشعارات، والتحليلات.,"A large admin dashboard covering products, categories, attributes, brands, orders, users, banners, coupons, services, notifications, and analytics.",add-en-content-field,Proposed English copy for bilingual implementation; review brand/proper-name spelling before production.
SMART-I18N-1653,database_public_cms,projects .json::منصة تجدد للتجارة الإلكترونية والخدمات الفنية,features[18],وجود مساعد ذكي / دردشة ذكية داخل المشروع مع إدارة للمحادثات والـ prompts وقاعدة معرفة.,"An intelligent assistant / smart chat within the project, including conversation management, prompts, and a knowledge base.",add-en-content-field,Proposed English copy for bilingual implementation; review brand/proper-name spelling before production.
SMART-I18N-1654,database_public_cms,projects .json::منصة تجدد للتجارة الإلكترونية والخدمات الفنية,features[19],وجود بنية تشغيلية قوية تشمل التقارير، التحليلات، السجلات، والنسخ الاحتياطي.,"A strong operational foundation covering reports, analytics, logs, and backups.",add-en-content-field,Proposed English copy for bilingual implementation; review brand/proper-name spelling before production.
SMART-I18N-1655,database_public_cms,projects .json::منصة تجدد للتجارة الإلكترونية والخدمات الفنية,features[20],دعم وضع الزائر موجود في أجزاء من التجربة.,Guest mode is available in parts of the experience.,add-en-content-field,Proposed English copy for bilingual implementation; review brand/proper-name spelling before production.
SMART-I18N-1656,database_public_cms,projects .json::منصة تجدد للتجارة الإلكترونية والخدمات الفنية,clientName | seo.keywords[0],تجدد,Tajaddod,add-en-content-field,Proposed English copy for bilingual implementation; review brand/proper-name spelling before production.
SMART-I18N-1657,database_public_cms,projects .json::منصة تجدد للتجارة الإلكترونية والخدمات الفنية,seo.metaDescription,تجدد منصة رقمية متكاملة تضم متجر ويب، تطبيق موبايل، ولوحة إدارة لإدارة المنتجات والطلبات والخدمات الفنية والدعم والإشعارات ضمن نظام موحد.,"Tajaddod is an integrated digital platform combining a web store, mobile application, and admin dashboard to manage products, orders, technical services, support, and notifications within one unified system.",add-en-content-field,Proposed English copy for bilingual implementation; review brand/proper-name spelling before production.
SMART-I18N-1658,database_public_cms,projects .json::منصة تجدد للتجارة الإلكترونية والخدمات الفنية | projects .json::Kaleem Store — منصة SaaS للتجارة الإلكترونية,seo.keywords[2],منصة تجارة إلكترونية,E-Commerce Platform,add-en-content-field,Proposed English copy for bilingual implementation; review brand/proper-name spelling before production.
SMART-I18N-1659,database_public_cms,projects .json::منصة تجدد للتجارة الإلكترونية والخدمات الفنية,seo.keywords[3],متجر إلكتروني,Online Store,add-en-content-field,Proposed English copy for bilingual implementation; review brand/proper-name spelling before production.
SMART-I18N-1660,database_public_cms,projects .json::منصة تجدد للتجارة الإلكترونية والخدمات الفنية,seo.keywords[4],تطبيق موبايل للتجارة الإلكترونية,E-Commerce Mobile App,add-en-content-field,Proposed English copy for bilingual implementation; review brand/proper-name spelling before production.
SMART-I18N-1661,database_public_cms,projects .json::منصة تجدد للتجارة الإلكترونية والخدمات الفنية | projects .json::قطعتي (Qit3ati ) نظام توافق قطع الغيار الذكي,seo.keywords[5] | seo.keywords[4],لوحة إدارة,Admin Dashboard,add-en-content-field,Proposed English copy for bilingual implementation; review brand/proper-name spelling before production.
SMART-I18N-1662,database_public_cms,projects .json::منصة تجدد للتجارة الإلكترونية والخدمات الفنية,seo.keywords[6],خدمات فنية,Technical Services,add-en-content-field,Proposed English copy for bilingual implementation; review brand/proper-name spelling before production.
SMART-I18N-1663,database_public_cms,projects .json::منصة تجدد للتجارة الإلكترونية والخدمات الفنية,seo.keywords[7],طلبات صيانة,Maintenance Requests,add-en-content-field,Proposed English copy for bilingual implementation; review brand/proper-name spelling before production.
SMART-I18N-1664,database_public_cms,projects .json::منصة تجدد للتجارة الإلكترونية والخدمات الفنية,seo.keywords[8],نظام دعم ومحادثة,Support and Chat System,add-en-content-field,Proposed English copy for bilingual implementation; review brand/proper-name spelling before production.
SMART-I18N-1665,database_public_cms,projects .json::منصة تجدد للتجارة الإلكترونية والخدمات الفنية,seo.keywords[9],إشعارات فورية,Push Notifications,add-en-content-field,Proposed English copy for bilingual implementation; review brand/proper-name spelling before production.
SMART-I18N-1666,database_public_cms,projects .json::منصة تجدد للتجارة الإلكترونية والخدمات الفنية,seo.keywords[10],منصة متعددة القنوات,Omnichannel Platform,add-en-content-field,Proposed English copy for bilingual implementation; review brand/proper-name spelling before production.
SMART-I18N-1667,database_public_cms,projects .json::منصة تجدد للتجارة الإلكترونية والخدمات الفنية,seo.keywords[13],منصة عربية للتجارة والخدمات,Arabic Commerce and Services Platform,add-en-content-field,Proposed English copy for bilingual implementation; review brand/proper-name spelling before production.
SMART-I18N-1668,database_public_cms,projects .json::منصة تجدد للتجارة الإلكترونية والخدمات الفنية | projects .json::منصة  TRAS Phone لقطع غيار الهواتف,industry,تجارة الكترونية,E-Commerce,add-en-content-field,Proposed English copy for bilingual implementation; review brand/proper-name spelling before production.
SMART-I18N-1669,database_public_cms,projects .json::منصة  TRAS Phone لقطع غيار الهواتف,title,منصة  TRAS Phone لقطع غيار الهواتف,TRAS Phone Spare Parts Platform,add-en-content-field,Proposed English copy for bilingual implementation; review brand/proper-name spelling before production.
SMART-I18N-1670,database_public_cms,projects .json::منصة  TRAS Phone لقطع غيار الهواتف,summary,تراس فون (TRAS Phone) هو مشروع تقني متكامل لتشغيل تجارة قطع غيار الهواتف بنمط B2B، يجمع بين تطبيق جوال للعملاء التجاريين، ولوحة إدارة ويب، وواجهة API خلفية ضمن منظومة واحدة. يوفّر المشروع رحلة عملية متكاملة تبدأ من التسجيل والتصفح والبحث والطلب والمتابعة والدعم من جهة العميل، وتقابلها طبقة تشغيل قوية لإدارة المنتجات والتسعير والمخزون والموردين والمرتجعات والمحتوى والإشعارات والتحليلات من جهة الإدارة.,"TRAS Phone is an integrated technology solution for B2B mobile-phone spare-parts commerce, combining a mobile app for business customers, a web admin dashboard, and a backend API in one ecosystem. The project delivers an end-to-end journey covering registration, browsing, search, ordering, tracking, and support for customers, backed by a powerful operations layer for product, pricing, inventory, supplier, returns, content, notification, and analytics management.",add-en-content-field,Proposed English copy for bilingual implementation; review brand/proper-name spelling before production.
SMART-I18N-1671,database_public_cms,projects .json::منصة  TRAS Phone لقطع غيار الهواتف,challenge,تجارة قطع غيار الهواتف تحتاج إلى نظام يتجاوز فكرة عرض المنتجات، لأنها تعتمد على توافق القطع مع الأجهزة، وإدارة العملاء التجاريين، ومستويات التسعير، والمخزون، والمرتجعات، والدعم، والموردين. وعندما تكون هذه العمليات موزعة بين أدوات منفصلة، تصبح الإدارة أكثر تعقيدًا، وترتفع الأخطاء، ويصعب التوسع بثبات.,"Mobile-phone spare-parts commerce requires more than simply listing products. It depends on part-device compatibility, business customer management, pricing tiers, inventory, returns, support, and suppliers. When these operations are spread across disconnected tools, management becomes more complex, errors increase, and scaling reliably becomes difficult.",add-en-content-field,Proposed English copy for bilingual implementation; review brand/proper-name spelling before production.
SMART-I18N-1672,database_public_cms,projects .json::منصة  TRAS Phone لقطع غيار الهواتف,solution,تم تطوير هذا المشروع كمنصة B2B متكاملة توحّد تجربة العميل والتشغيل الداخلي داخل نظام واحد. التطبيق الجوال يوفّر تجربة طلب ومتابعة ودعم احترافية للعملاء التجاريين، بينما توفّر لوحة الإدارة والـ API بنية تشغيل قوية لإدارة الكتالوج والطلبات والمخزون والمحتوى والدعم والتحليلات، بما يجعل العمل أكثر تنظيمًا واستقرارًا وقابلية للنمو.,"The project was developed as an integrated B2B platform that unifies the customer experience and internal operations in one system. The mobile app provides business customers with a professional ordering, tracking, and support experience, while the admin dashboard and API provide a robust operating foundation for catalog, order, inventory, content, support, and analytics management, making the business more organized, stable, and scalable.",add-en-content-field,Proposed English copy for bilingual implementation; review brand/proper-name spelling before production.
SMART-I18N-1673,database_public_cms,projects .json::منصة  TRAS Phone لقطع غيار الهواتف,results[0].label,منظومة موحدة,Unified Ecosystem,add-en-content-field,Proposed English copy for bilingual implementation; review brand/proper-name spelling before production.
SMART-I18N-1674,database_public_cms,projects .json::منصة  TRAS Phone لقطع غيار الهواتف,results[0].value,ربط تطبيق العملاء مع لوحة الإدارة والـ API ضمن بيئة تشغيل واحدة,"Connected the customer app, admin dashboard, and API within one operating environment",add-en-content-field,Proposed English copy for bilingual implementation; review brand/proper-name spelling before production.
SMART-I18N-1675,database_public_cms,projects .json::منصة  TRAS Phone لقطع غيار الهواتف,results[1].label,رحلة عميل متكاملة,End-to-End Customer Journey,add-en-content-field,Proposed English copy for bilingual implementation; review brand/proper-name spelling before production.
SMART-I18N-1676,database_public_cms,projects .json::منصة  TRAS Phone لقطع غيار الهواتف,results[1].value,إتاحة التصفح والطلب والمتابعة والمرتجعات والدعم عبر تطبيق جوال فعلي,"Enabled browsing, ordering, tracking, returns, and support through a full mobile application",add-en-content-field,Proposed English copy for bilingual implementation; review brand/proper-name spelling before production.
SMART-I18N-1677,database_public_cms,projects .json::منصة  TRAS Phone لقطع غيار الهواتف,results[2].label,تحكم تشغيلي أعلى,Greater Operational Control,add-en-content-field,Proposed English copy for bilingual implementation; review brand/proper-name spelling before production.
SMART-I18N-1678,database_public_cms,projects .json::منصة  TRAS Phone لقطع غيار الهواتف,results[2].value,إدارة المنتجات والطلبات والمخزون والموردين والدعم من لوحة مركزية,"Managed products, orders, inventory, suppliers, and support from one central dashboard",add-en-content-field,Proposed English copy for bilingual implementation; review brand/proper-name spelling before production.
SMART-I18N-1679,database_public_cms,projects .json::منصة  TRAS Phone لقطع غيار الهواتف,results[3].label,جاهزية للتوسع,Ready to Scale,add-en-content-field,Proposed English copy for bilingual implementation; review brand/proper-name spelling before production.
SMART-I18N-1680,database_public_cms,projects .json::منصة  TRAS Phone لقطع غيار الهواتف,results[3].value,تقنية Modular تدعم إضافة مزايا وتكاملات مستقبلية بسهولة,A modular architecture that makes future features and integrations easier to add,add-en-content-field,Proposed English copy for bilingual implementation; review brand/proper-name spelling before production.
SMART-I18N-1681,database_public_cms,projects .json::منصة  TRAS Phone لقطع غيار الهواتف,features[0],تطبيق جوال Flutter متكامل للعملاء التجاريين.,Integrated Flutter mobile application for business customers.,add-en-content-field,Proposed English copy for bilingual implementation; review brand/proper-name spelling before production.
SMART-I18N-1682,database_public_cms,projects .json::منصة  TRAS Phone لقطع غيار الهواتف,features[1],دعم الدخول بالبصمة وFace ID عبر local_auth مع تخزين آمن للبيانات.,"Biometric login with fingerprint and Face ID through local_auth, with secure data storage.",add-en-content-field,Proposed English copy for bilingual implementation; review brand/proper-name spelling before production.
SMART-I18N-1683,database_public_cms,projects .json::منصة  TRAS Phone لقطع غيار الهواتف,features[2],تسجيل وإدارة حسابات B2B ببيانات تجارية مثل اسم المحل والمدينة ونوع النشاط وبيانات المسؤول.,"B2B account registration and management with business data such as store name, city, business type, and responsible-person details.",add-en-content-field,Proposed English copy for bilingual implementation; review brand/proper-name spelling before production.
SMART-I18N-1684,database_public_cms,projects .json::منصة  TRAS Phone لقطع غيار الهواتف,features[3],كتالوج منتجات متقدم يشمل التصنيفات، البراندات، الأجهزة، المنتجات المميزة، الأحدث، والأكثر مبيعًا.,"Advanced product catalog covering categories, brands, devices, featured products, newest products, and best sellers.",add-en-content-field,Proposed English copy for bilingual implementation; review brand/proper-name spelling before production.
SMART-I18N-1685,database_public_cms,projects .json::منصة  TRAS Phone لقطع غيار الهواتف,features[4],بحث متقدم داخل التطبيق يشمل البحث المباشر، الاقتراحات، الإكمال التلقائي، الوسوم الشائعة، وسجل البحث.,"Advanced in-app search covering live search, suggestions, autocomplete, popular tags, and search history.",add-en-content-field,Proposed English copy for bilingual implementation; review brand/proper-name spelling before production.
SMART-I18N-1686,database_public_cms,projects .json::منصة  TRAS Phone لقطع غيار الهواتف,features[5],صفحة منتج تفصيلية تحتوي على صور متعددة، معلومات التوافق مع الأجهزة، الوصف، الكمية، حالة التوفر، والمراجعات.,"Detailed product pages with multiple images, device-compatibility information, description, quantity, availability status, and reviews.",add-en-content-field,Proposed English copy for bilingual implementation; review brand/proper-name spelling before production.
SMART-I18N-1687,database_public_cms,projects .json::منصة  TRAS Phone لقطع غيار الهواتف,features[6],نظام مفضلة وسجل مشاهدة حديثة وتنبيهات توفر المخزون.,"Favorites, recently viewed items, and inventory availability alerts.",add-en-content-field,Proposed English copy for bilingual implementation; review brand/proper-name spelling before production.
SMART-I18N-1688,database_public_cms,projects .json::منصة  TRAS Phone لقطع غيار الهواتف,features[7],سلة مشتريات و Checkout متكاملان مع العناوين والكوبونات واختيار وسيلة الدفع.,"Integrated shopping cart and checkout with addresses, coupons, and payment-method selection.",add-en-content-field,Proposed English copy for bilingual implementation; review brand/proper-name spelling before production.
SMART-I18N-1689,database_public_cms,projects .json::منصة  TRAS Phone لقطع غيار الهواتف,features[8],إدارة الطلبات داخل التطبيق تشمل عرض الطلبات، التفاصيل، التتبع، إعادة الطلب، إلغاء الطلب، رفع إيصال التحويل، وعرض الفاتورة.,"In-app order management covering order lists, details, tracking, reordering, cancellation, bank-transfer receipt upload, and invoice display.",add-en-content-field,Proposed English copy for bilingual implementation; review brand/proper-name spelling before production.
SMART-I18N-1690,database_public_cms,projects .json::منصة  TRAS Phone لقطع غيار الهواتف,features[9],نظام مرتجعات فعلي يبدأ من اختيار العناصر المؤهلة للإرجاع ثم إنشاء طلب الإرجاع ومتابعة حالته.,"A functional returns system starting with eligible-item selection, return-request creation, and status tracking.",add-en-content-field,Proposed English copy for bilingual implementation; review brand/proper-name spelling before production.
SMART-I18N-1691,database_public_cms,projects .json::منصة  TRAS Phone لقطع غيار الهواتف,features[10],نظام مراجعات وتقييمات للمنتجات يشمل عرض المراجعات وكتابة مراجعة وتعديلها.,"Product reviews and ratings, including viewing, creating, and editing reviews.",add-en-content-field,Proposed English copy for bilingual implementation; review brand/proper-name spelling before production.
SMART-I18N-1692,database_public_cms,projects .json::منصة  TRAS Phone لقطع غيار الهواتف,features[11],محفظة رقمية ونظام ولاء يشمل الرصيد، الحركات المالية، النقاط، المستويات، وسجل معاملات الولاء.,"Digital wallet and loyalty system covering balance, financial transactions, points, levels, and loyalty transaction history.",add-en-content-field,Proposed English copy for bilingual implementation; review brand/proper-name spelling before production.
SMART-I18N-1693,database_public_cms,projects .json::منصة  TRAS Phone لقطع غيار الهواتف,features[12],إدارة الملف الشخصي والعناوين مع خرائط Google وتحديد الموقع الجغرافي.,Profile and address management with Google Maps and geolocation.,add-en-content-field,Proposed English copy for bilingual implementation; review brand/proper-name spelling before production.
SMART-I18N-1694,database_public_cms,projects .json::منصة  TRAS Phone لقطع غيار الهواتف,features[13],دعم فني متكامل يجمع بين التذاكر والمحادثة المباشرة.,Integrated technical support combining tickets and live chat.,add-en-content-field,Proposed English copy for bilingual implementation; review brand/proper-name spelling before production.
SMART-I18N-1695,database_public_cms,projects .json::منصة  TRAS Phone لقطع غيار الهواتف,features[14],إشعارات Push عبر Firebase/FCM مع شاشة إشعارات وإعدادات خاصة بها.,Push notifications through Firebase/FCM with a dedicated notification screen and notification settings.,add-en-content-field,Proposed English copy for bilingual implementation; review brand/proper-name spelling before production.
SMART-I18N-1696,database_public_cms,projects .json::منصة  TRAS Phone لقطع غيار الهواتف,features[15],محتوى تعليمي ومحتوى ثابت مثل الأسئلة الشائعة، الشروط، الخصوصية، وعن التطبيق.,"Educational and static content such as FAQs, terms, privacy policy, and About the App.",add-en-content-field,Proposed English copy for bilingual implementation; review brand/proper-name spelling before production.
SMART-I18N-1697,database_public_cms,projects .json::منصة  TRAS Phone لقطع غيار الهواتف,features[16],دعم العربية والإنجليزية مع RTL/LTR والثيم الفاتح والداكن.,Arabic and English support with RTL/LTR and light/dark themes.,add-en-content-field,Proposed English copy for bilingual implementation; review brand/proper-name spelling before production.
SMART-I18N-1698,database_public_cms,projects .json::منصة  TRAS Phone لقطع غيار الهواتف,features[17],طبقة أمان متقدمة في التطبيق تشمل فحص سلامة الجهاز، كشف البيئة غير الآمنة، وتهيئة لحماية أعلى.,"Advanced application security layer including device-integrity checks, unsafe-environment detection, and preparation for stronger protection.",add-en-content-field,Proposed English copy for bilingual implementation; review brand/proper-name spelling before production.
SMART-I18N-1699,database_public_cms,projects .json::منصة  TRAS Phone لقطع غيار الهواتف,features[18],كاش محلي وتحسينات أداء وخدمات تخزين محلية.,"Local caching, performance optimizations, and local storage services.",add-en-content-field,Proposed English copy for bilingual implementation; review brand/proper-name spelling before production.
SMART-I18N-1700,database_public_cms,projects .json::منصة  TRAS Phone لقطع غيار الهواتف,features[19],لوحة إدارة ويب احترافية تشمل إدارة المنتجات، التصنيفات، البراندات، العملاء، الطلبات، المرتجعات، المخزون، الموردين، المحافظ، المحتوى، الإشعارات، التحليلات، وسجل التدقيق.,"A professional web admin dashboard covering products, categories, brands, customers, orders, returns, inventory, suppliers, wallets, content, notifications, analytics, and the audit log.",add-en-content-field,Proposed English copy for bilingual implementation; review brand/proper-name spelling before production.
SMART-I18N-1701,database_public_cms,projects .json::منصة  TRAS Phone لقطع غيار الهواتف,features[20],واجهة API خلفية مبنية على NestJS تغطي المنطق التجاري والتشغيلي الرئيسي للنظام.,A NestJS backend API covering the system’s primary business and operational logic.,add-en-content-field,Proposed English copy for bilingual implementation; review brand/proper-name spelling before production.
SMART-I18N-1702,database_public_cms,projects .json::منصة  TRAS Phone لقطع غيار الهواتف,features[21],إدارة مخزون ومستودعات تشمل الحركات، الحجوزات، الجرد، والتنبيهات المرتبطة بالمخزون.,"Inventory and warehouse management covering movements, reservations, stock counts, and inventory-related alerts.",add-en-content-field,Proposed English copy for bilingual implementation; review brand/proper-name spelling before production.
SMART-I18N-1703,database_public_cms,projects .json::منصة  TRAS Phone لقطع غيار الهواتف,features[22],إدارة موردين ومشتريات وأوامر شراء ومنتجات الموردين.,"Supplier, procurement, purchase-order, and supplier-product management.",add-en-content-field,Proposed English copy for bilingual implementation; review brand/proper-name spelling before production.
SMART-I18N-1704,database_public_cms,projects .json::منصة  TRAS Phone لقطع غيار الهواتف,features[23],مستويات أسعار وصلاحيات وأدوار إدارية دقيقة.,Pricing tiers with granular administrative roles and permissions.,add-en-content-field,Proposed English copy for bilingual implementation; review brand/proper-name spelling before production.
SMART-I18N-1705,database_public_cms,projects .json::منصة  TRAS Phone لقطع غيار الهواتف,features[24],استيراد وتصدير المنتجات والبيانات عبر Excel، مع إنشاء ملفات وتقارير وفواتير PDF.,"Product and data import/export through Excel, with file, report, and PDF invoice generation.",add-en-content-field,Proposed English copy for bilingual implementation; review brand/proper-name spelling before production.
SMART-I18N-1706,database_public_cms,projects .json::منصة  TRAS Phone لقطع غيار الهواتف,features[25],رفع ملفات وصور وفيديوهات مع تخزين سحابي متوافق مع S3.,"File, image, and video uploads with S3-compatible cloud storage.",add-en-content-field,Proposed English copy for bilingual implementation; review brand/proper-name spelling before production.
SMART-I18N-1707,database_public_cms,projects .json::منصة  TRAS Phone لقطع غيار الهواتف,features[26],تحليلات وتشغيل ومؤشرات إدارية داخل لوحة التحكم.,Operational analytics and management indicators within the dashboard.,add-en-content-field,Proposed English copy for bilingual implementation; review brand/proper-name spelling before production.
SMART-I18N-1708,database_public_cms,projects .json::منصة  TRAS Phone لقطع غيار الهواتف,features[27],تحديثات لحظية في الدعم والمحادثات عبر Socket.IO / WebSocket.,Real-time support and chat updates through Socket.IO / WebSocket.,add-en-content-field,Proposed English copy for bilingual implementation; review brand/proper-name spelling before production.
SMART-I18N-1709,database_public_cms,projects .json::منصة  TRAS Phone لقطع غيار الهواتف,features[28],نظام الإحالات موجود في البنية وبعض الشاشات,A referral system exists in the architecture and selected screens.,add-en-content-field,Proposed English copy for bilingual implementation; review brand/proper-name spelling before production.
SMART-I18N-1710,database_public_cms,projects .json::منصة  TRAS Phone لقطع غيار الهواتف,seo.metaTitle,TRAS Phone | منصة B2B لتجارة وإدارة قطع غيار الهواتف,TRAS Phone | B2B Mobile Spare Parts Commerce & Management Platform,add-en-content-field,Proposed English copy for bilingual implementation; review brand/proper-name spelling before production.
SMART-I18N-1711,database_public_cms,projects .json::منصة  TRAS Phone لقطع غيار الهواتف,seo.metaDescription,منصة متكاملة لتجارة قطع غيار الهواتف بنمط B2B تشمل تطبيق جوال للعملاء التجاريين ولوحة إدارة وواجهة API لإدارة المنتجات والطلبات والمخزون والمرتجعات والدعم.,"An integrated B2B mobile-phone spare-parts platform with a mobile app for business customers, an admin dashboard, and an API for managing products, orders, inventory, returns, and support.",add-en-content-field,Proposed English copy for bilingual implementation; review brand/proper-name spelling before production.
SMART-I18N-1712,database_public_cms,projects .json::منصة  TRAS Phone لقطع غيار الهواتف,seo.keywords[1],تطبيق قطع غيار الهواتف,Mobile Spare Parts App,add-en-content-field,Proposed English copy for bilingual implementation; review brand/proper-name spelling before production.
SMART-I18N-1713,database_public_cms,projects .json::منصة  TRAS Phone لقطع غيار الهواتف,seo.keywords[2],منصة B2B,B2B Platform,add-en-content-field,Proposed English copy for bilingual implementation; review brand/proper-name spelling before production.
SMART-I18N-1714,database_public_cms,projects .json::منصة  TRAS Phone لقطع غيار الهواتف,seo.keywords[3],إدارة تجارة قطع الغيار,Spare Parts Commerce Management,add-en-content-field,Proposed English copy for bilingual implementation; review brand/proper-name spelling before production.
SMART-I18N-1715,database_public_cms,projects .json::منصة  TRAS Phone لقطع غيار الهواتف,seo.keywords[4],تطبيق طلبات قطع غيار,Spare Parts Ordering App,add-en-content-field,Proposed English copy for bilingual implementation; review brand/proper-name spelling before production.
SMART-I18N-1716,database_public_cms,projects .json::منصة  TRAS Phone لقطع غيار الهواتف,seo.keywords[5],لوحة إدارة قطع غيار الهواتف,Mobile Spare Parts Admin Dashboard,add-en-content-field,Proposed English copy for bilingual implementation; review brand/proper-name spelling before production.
SMART-I18N-1717,database_public_cms,projects .json::قطعتي (Qit3ati ) نظام توافق قطع الغيار الذكي,title,قطعتي (Qit3ati ) نظام توافق قطع الغيار الذكي,Qit3ati — Smart Spare-Part Compatibility System,add-en-content-field,Proposed English copy for bilingual implementation; review brand/proper-name spelling before production.
SMART-I18N-1718,database_public_cms,projects .json::قطعتي (Qit3ati ) نظام توافق قطع الغيار الذكي,summary,قطعتي (Qit3ati) هي منصة ويب متكاملة لحل مشكلة توافق قطع الغيار، حيث توفر نظامًا رقميًا يساعد على البحث عن القطع المناسبة للأجهزة المختلفة والتحقق من توافقها بسرعة ودقة. تجمع المنصة بين لوحة إدارة قوية، وواجهة API منظمة، ونظام اشتراكات وأمان متعدد الطبقات، مما يجعلها مناسبة للجهات التي تحتاج إلى إدارة معلومات التوافق بشكل احترافي وقابل للتوسع.,"Qit3ati is an integrated web platform designed to solve spare-part compatibility challenges. It provides a digital system that helps users find suitable parts for different devices and verify compatibility quickly and accurately. The platform combines a powerful admin dashboard, a well-structured API, subscriptions, and multi-layer security, making it suitable for organizations that need to manage compatibility information professionally and at scale.",add-en-content-field,Proposed English copy for bilingual implementation; review brand/proper-name spelling before production.
SMART-I18N-1719,database_public_cms,projects .json::قطعتي (Qit3ati ) نظام توافق قطع الغيار الذكي,challenge,تواجه ورش الصيانة والتجار والموزعون تحديًا متكررًا في تحديد القطعة المناسبة لكل جهاز أو موديل بدقة، مما يؤدي إلى أخطاء في التوريد، وزيادة في المرتجعات، وهدر في الوقت، وتراجع في ثقة العملاء. كما أن غياب نظام مركزي واضح لإدارة هذه المعلومات يجعل العمل أكثر تعقيدًا ويؤثر على كفاءة التشغيل.,"Repair shops, traders, and distributors repeatedly face the challenge of identifying the correct part for each device or model. This can lead to supply errors, more returns, wasted time, and lower customer confidence. The absence of a clear centralized system for managing compatibility information also makes operations more complex and less efficient.",add-en-content-field,Proposed English copy for bilingual implementation; review brand/proper-name spelling before production.
SMART-I18N-1720,database_public_cms,projects .json::قطعتي (Qit3ati ) نظام توافق قطع الغيار الذكي,solution,قدّم قطعتي ( Qit3ati) حلاً رقميًا عمليًا من خلال بناء منصة موحدة تجمع قاعدة بيانات للأجهزة وقطع الغيار مع واجهة بحث واضحة ونظام إدارة متكامل. يتيح ذلك للمستخدمين التحقق من التوافق بسرعة، بينما يمنح الإدارة أدوات فعالة لتنظيم البيانات وتحديثها وإدارتها بسهولة. كما أن دعم استيراد Excel ونظام الاشتراكات والحماية متعددة الطبقات يجعل المنصة أكثر جاهزية للاستخدام الفعلي والتوسع المستقبلي.,"Qit3ati provides a practical digital solution through a unified platform that combines a database of devices and spare parts with a clear search interface and an integrated administration system. Users can verify compatibility quickly, while administrators get effective tools to organize, update, and manage data easily. Excel import, subscriptions, and multi-layer protection further prepare the platform for real-world use and future growth.",add-en-content-field,Proposed English copy for bilingual implementation; review brand/proper-name spelling before production.
SMART-I18N-1721,database_public_cms,projects .json::قطعتي (Qit3ati ) نظام توافق قطع الغيار الذكي,results[0].label,تقليل أخطاء التوافق,Fewer Compatibility Errors,add-en-content-field,Proposed English copy for bilingual implementation; review brand/proper-name spelling before production.
SMART-I18N-1722,database_public_cms,projects .json::قطعتي (Qit3ati ) نظام توافق قطع الغيار الذكي,results[0].value,توفير نظام بحث وتحقيق يساعد على الوصول إلى القطعة الصحيحة بسرعة ودقة,A search and verification system that helps users reach the correct part quickly and accurately,add-en-content-field,Proposed English copy for bilingual implementation; review brand/proper-name spelling before production.
SMART-I18N-1723,database_public_cms,projects .json::قطعتي (Qit3ati ) نظام توافق قطع الغيار الذكي,results[1].label,إدارة مركزية للبيانات,Centralized Data Management,add-en-content-field,Proposed English copy for bilingual implementation; review brand/proper-name spelling before production.
SMART-I18N-1724,database_public_cms,projects .json::قطعتي (Qit3ati ) نظام توافق قطع الغيار الذكي,results[1].value,لوحة تحكم متكاملة لتنظيم المستخدمين والخطط والعلامات التجارية والبيانات الأساسية,"An integrated dashboard for organizing users, plans, brands, and core data",add-en-content-field,Proposed English copy for bilingual implementation; review brand/proper-name spelling before production.
SMART-I18N-1725,database_public_cms,projects .json::قطعتي (Qit3ati ) نظام توافق قطع الغيار الذكي,results[2].label,كفاءة تشغيل أعلى,Higher Operational Efficiency,add-en-content-field,Proposed English copy for bilingual implementation; review brand/proper-name spelling before production.
SMART-I18N-1726,database_public_cms,projects .json::قطعتي (Qit3ati ) نظام توافق قطع الغيار الذكي,results[2].value,استيراد البيانات عبر Excel وتوثيق API وحماية المسارات يعزز من سهولة الإدارة والتكامل,"Excel imports, API documentation, and route protection improve administration and integration",add-en-content-field,Proposed English copy for bilingual implementation; review brand/proper-name spelling before production.
SMART-I18N-1727,database_public_cms,projects .json::قطعتي (Qit3ati ) نظام توافق قطع الغيار الذكي,features[0],نظام بحث وتحقق من توافق قطع الغيار يتيح للمستخدمين البحث في الأجهزة والعلامات التجارية وأنواع القطع، والتحقق من مدى توافق القطعة مع الجهاز المطلوب.,"A spare-part compatibility search and verification system that lets users search devices, brands, and part types and verify whether a part is compatible with the required device.",add-en-content-field,Proposed English copy for bilingual implementation; review brand/proper-name spelling before production.
SMART-I18N-1728,database_public_cms,projects .json::قطعتي (Qit3ati ) نظام توافق قطع الغيار الذكي,features[1],نظام مصادقة متكامل مع حماية دقيقة للمسارات.,Integrated authentication with granular route protection.,add-en-content-field,Proposed English copy for bilingual implementation; review brand/proper-name spelling before production.
SMART-I18N-1729,database_public_cms,projects .json::قطعتي (Qit3ati ) نظام توافق قطع الغيار الذكي,features[2],لوحة إدارة متكاملة تمكّن المسؤولين من إدارة المستخدمين والخطط والعلامات التجارية والبيانات الأساسية بسهولة من خلال واجهة عملية ومنظمة.,"An integrated admin dashboard that enables administrators to manage users, plans, brands, and core data through a practical, well-organized interface.",add-en-content-field,Proposed English copy for bilingual implementation; review brand/proper-name spelling before production.
SMART-I18N-1730,database_public_cms,projects .json::قطعتي (Qit3ati ) نظام توافق قطع الغيار الذكي,features[3],دعم استيراد البيانات من ملفات Excel بصيغ xlsx و xls، مما يسهل إدخال البيانات وتحديثها بشكل أسرع وأكثر كفاءة.,"Excel data import supporting xlsx and xls formats, making data entry and updates faster and more efficient.",add-en-content-field,Proposed English copy for bilingual implementation; review brand/proper-name spelling before production.
SMART-I18N-1731,database_public_cms,projects .json::قطعتي (Qit3ati ) نظام توافق قطع الغيار الذكي,features[4],توثيق API تفاعلي عبر Swagger، مع وجود مسارات واضحة للفحص والتحقق، مما يسهل التطوير والاختبار والتكامل مع أي أنظمة أو تطبيقات أخرى.,"Interactive API documentation through Swagger, with clear inspection and verification endpoints that simplify development, testing, and integration with other systems or applications.",add-en-content-field,Proposed English copy for bilingual implementation; review brand/proper-name spelling before production.
SMART-I18N-1732,database_public_cms,projects .json::قطعتي (Qit3ati ) نظام توافق قطع الغيار الذكي,features[5],نظام Rate Limiting لحماية المسارات العامة ومسارات المصادقة من الضغط أو الاستخدام المفرط.,Rate limiting to protect public and authentication routes from excessive traffic or abuse.,add-en-content-field,Proposed English copy for bilingual implementation; review brand/proper-name spelling before production.
SMART-I18N-1733,database_public_cms,projects .json::قطعتي (Qit3ati ) نظام توافق قطع الغيار الذكي,features[6],دعم فعلي للاشتراكات، بما يشمل عرض الخطط العامة وجلب معلومات اشتراك المستخدم الحالي داخل النظام.,"Functional subscription support, including public plan display and retrieval of the current user’s subscription information.",add-en-content-field,Proposed English copy for bilingual implementation; review brand/proper-name spelling before production.
SMART-I18N-1734,database_public_cms,projects .json::قطعتي (Qit3ati ) نظام توافق قطع الغيار الذكي,features[7],وجود نقطة نهاية مخصصة لفحص الصحة لمراقبة حالة الخدمة والتحقق من جاهزية النظام.,A dedicated health-check endpoint for monitoring service status and system readiness.,add-en-content-field,Proposed English copy for bilingual implementation; review brand/proper-name spelling before production.
SMART-I18N-1735,database_public_cms,projects .json::قطعتي (Qit3ati ) نظام توافق قطع الغيار الذكي,features[8],فصل واضح بين مصادقة المستخدمين العاديين ومصادقة الإدارة عبر AdminAuthGuard، بما يمنع توكنات المستخدمين من الوصول إلى المسارات الإدارية.,"Clear separation between regular-user authentication and administrator authentication through AdminAuthGuard, preventing user tokens from reaching administrative routes.",add-en-content-field,Proposed English copy for bilingual implementation; review brand/proper-name spelling before production.
SMART-I18N-1736,database_public_cms,projects .json::قطعتي (Qit3ati ) نظام توافق قطع الغيار الذكي,features[9],اعتماد تقنيات حديثة في بناء المشروع.,Built with modern technologies.,add-en-content-field,Proposed English copy for bilingual implementation; review brand/proper-name spelling before production.
SMART-I18N-1737,database_public_cms,projects .json::قطعتي (Qit3ati ) نظام توافق قطع الغيار الذكي,clientName,قطعتي (Qit3ati) منشأة متخصصة في تجارة و صيانة قطع الغيار,"Qit3ati, an establishment specializing in spare-parts trade and maintenance",add-en-content-field,Proposed English copy for bilingual implementation; review brand/proper-name spelling before production.
SMART-I18N-1738,database_public_cms,projects .json::قطعتي (Qit3ati ) نظام توافق قطع الغيار الذكي,seo.metaTitle,Qit3ati | قطعتي  منصة ذكية لإدارة وتوافق قطع الغيار,Qit3ati | Smart Spare-Part Management & Compatibility Platform,add-en-content-field,Proposed English copy for bilingual implementation; review brand/proper-name spelling before production.
SMART-I18N-1739,database_public_cms,projects .json::قطعتي (Qit3ati ) نظام توافق قطع الغيار الذكي,seo.metaDescription,قطعتي (Qit3ati) منصة ويب متكاملة لإدارة توافق قطع الغيار، توفر البحث الذكي، والتحقق من التوافق، ولوحة إدارة احترافية، ونظام اشتراكات وحماية متقدمة لتحسين الكفاءة وتقليل الأخطاء.,"Qit3ati is an integrated web platform for spare-part compatibility management, offering smart search, compatibility verification, a professional admin dashboard, subscriptions, and advanced protection to improve efficiency and reduce errors.",add-en-content-field,Proposed English copy for bilingual implementation; review brand/proper-name spelling before production.
SMART-I18N-1740,database_public_cms,projects .json::قطعتي (Qit3ati ) نظام توافق قطع الغيار الذكي,seo.keywords[0],نظام توافق قطع الغيار,Spare-Part Compatibility System,add-en-content-field,Proposed English copy for bilingual implementation; review brand/proper-name spelling before production.
SMART-I18N-1741,database_public_cms,projects .json::قطعتي (Qit3ati ) نظام توافق قطع الغيار الذكي,seo.keywords[1],منصة قطع غيار,Spare Parts Platform,add-en-content-field,Proposed English copy for bilingual implementation; review brand/proper-name spelling before production.
SMART-I18N-1742,database_public_cms,projects .json::قطعتي (Qit3ati ) نظام توافق قطع الغيار الذكي,seo.keywords[2],إدارة قطع الغيار,Spare Parts Management,add-en-content-field,Proposed English copy for bilingual implementation; review brand/proper-name spelling before production.
SMART-I18N-1743,database_public_cms,projects .json::قطعتي (Qit3ati ) نظام توافق قطع الغيار الذكي,seo.keywords[3],التحقق من التوافق,Compatibility Verification,add-en-content-field,Proposed English copy for bilingual implementation; review brand/proper-name spelling before production.
SMART-I18N-1744,database_public_cms,projects .json::قطعتي (Qit3ati ) نظام توافق قطع الغيار الذكي,seo.keywords[5],نظام اشتراكات,Subscription System,add-en-content-field,Proposed English copy for bilingual implementation; review brand/proper-name spelling before production.
SMART-I18N-1745,database_public_cms,projects .json::قطعتي (Qit3ati ) نظام توافق قطع الغيار الذكي,seo.keywords[6],قطعتي Qit3ati,Qit3ati,add-en-content-field,Proposed English copy for bilingual implementation; review brand/proper-name spelling before production.
SMART-I18N-1746,database_public_cms,projects .json::قطعتي (Qit3ati ) نظام توافق قطع الغيار الذكي,seo.keywords[7],حلول الصيانة الرقمية,Digital Maintenance Solutions,add-en-content-field,Proposed English copy for bilingual implementation; review brand/proper-name spelling before production.
SMART-I18N-1747,database_public_cms,projects .json::قطعتي (Qit3ati ) نظام توافق قطع الغيار الذكي,seo.keywords[8],استيراد Excel,Excel Import,add-en-content-field,Proposed English copy for bilingual implementation; review brand/proper-name spelling before production.
SMART-I18N-1748,database_public_cms,projects .json::قطعتي (Qit3ati ) نظام توافق قطع الغيار الذكي,seo.keywords[9],منصة صيانة,Maintenance Platform,add-en-content-field,Proposed English copy for bilingual implementation; review brand/proper-name spelling before production.
SMART-I18N-1749,database_public_cms,projects .json::قطعتي (Qit3ati ) نظام توافق قطع الغيار الذكي,duration,شهرين,2 Months,add-en-content-field,Proposed English copy for bilingual implementation; review brand/proper-name spelling before production.
SMART-I18N-1750,database_public_cms,projects .json::قطعتي (Qit3ati ) نظام توافق قطع الغيار الذكي,stats[0].label,موديل هاتف,Phone Models,add-en-content-field,Proposed English copy for bilingual implementation; review brand/proper-name spelling before production.
SMART-I18N-1751,database_public_cms,projects .json::قطعتي (Qit3ati ) نظام توافق قطع الغيار الذكي,stats[1].label,براند,Brands,add-en-content-field,Proposed English copy for bilingual implementation; review brand/proper-name spelling before production.
SMART-I18N-1752,database_public_cms,projects .json::قطعتي (Qit3ati ) نظام توافق قطع الغيار الذكي,stats[1].description,عدد براندات الهواتف التي لدينا,Number of phone brands in the system,add-en-content-field,Proposed English copy for bilingual implementation; review brand/proper-name spelling before production.
SMART-I18N-1753,database_public_cms,projects .json::نظام إدارة طلبات الصيانة والبلاغات الذكي,title,نظام إدارة طلبات الصيانة والبلاغات الذكي,Smart Maintenance Request and Incident Management System,add-en-content-field,Proposed English copy for bilingual implementation; review brand/proper-name spelling before production.
SMART-I18N-1754,database_public_cms,projects .json::نظام إدارة طلبات الصيانة والبلاغات الذكي,summary,منصة رقمية متكاملة لإدارة البلاغات وطلبات الصيانة والصيانة الوقائية داخل المنشآت، تجمع بين التقديم العام للبلاغات، وإدارة سير العمل الهندسي، وجدولة المهام الوقائية، والإشعارات اللحظية، والتقارير التنفيذية، والإحصائيات التفاعلية، ضمن نظام واحد حديث وآمن وقابل للتوسع.,"An integrated digital platform for managing incidents, maintenance requests, and preventive maintenance within facilities. It combines public incident submission, engineering workflow management, preventive-task scheduling, real-time notifications, executive reports, and interactive analytics in one modern, secure, and scalable system.",add-en-content-field,Proposed English copy for bilingual implementation; review brand/proper-name spelling before production.
SMART-I18N-1755,database_public_cms,projects .json::نظام إدارة طلبات الصيانة والبلاغات الذكي,challenge,كانت إدارة البلاغات وأعمال الصيانة في الجهات الكبيرة تعاني غالبًا من التشتت بين التبليغ الورقي أو العشوائي، وضعف التتبع، وصعوبة معرفة حالة الطلب، وتأخر تنفيذ الصيانة الوقائية، وغياب مؤشرات الأداء الدقيقة، إضافة إلى محدودية الرقابة على من عدّل أو نفّذ أو أوقف الطلبات.,"In large organizations, incident and maintenance management often suffers from fragmented paper-based or ad hoc reporting, weak tracking, difficulty identifying request status, delayed preventive maintenance, lack of accurate performance indicators, and limited oversight of who modified, executed, or stopped requests.",add-en-content-field,Proposed English copy for bilingual implementation; review brand/proper-name spelling before production.
SMART-I18N-1756,database_public_cms,projects .json::نظام إدارة طلبات الصيانة والبلاغات الذكي,solution,قمنا بتطوير نظام صيانة متكامل يوحّد دورة العمل كاملة من لحظة تقديم البلاغ وحتى إغلاق طلب الصيانة، مع ربط البلاغات بطلبات التنفيذ، وتمكين الإدارة من جدولة الصيانة الوقائية، وتوزيع المهام على المهندسين، ومتابعة الحالات لحظيًا، وتوليد التقارير والإحصائيات، مع نظام صلاحيات دقيق وسجل عمليات شامل يرفع مستوى الحوكمة والشفافية التشغيلية.,"We developed an integrated maintenance system that unifies the entire workflow from incident submission to maintenance-request closure. Incidents are linked to execution requests, while administrators can schedule preventive maintenance, assign tasks to engineers, monitor statuses in real time, and generate reports and analytics. Granular permissions and a comprehensive audit log raise governance and operational transparency.",add-en-content-field,Proposed English copy for bilingual implementation; review brand/proper-name spelling before production.
SMART-I18N-1757,database_public_cms,projects .json::نظام إدارة طلبات الصيانة والبلاغات الذكي,results[0].label,توحيد دورة العمل,Unified Workflow,add-en-content-field,Proposed English copy for bilingual implementation; review brand/proper-name spelling before production.
SMART-I18N-1758,database_public_cms,projects .json::نظام إدارة طلبات الصيانة والبلاغات الذكي,results[0].value,رقمنة كاملة لمسار البلاغات والصيانة بدل التتبع التقليدي,Fully digitized incident and maintenance workflows instead of traditional tracking,add-en-content-field,Proposed English copy for bilingual implementation; review brand/proper-name spelling before production.
SMART-I18N-1759,database_public_cms,projects .json::نظام إدارة طلبات الصيانة والبلاغات الذكي,results[1].label,رفع سرعة المتابعة,Faster Follow-Up,add-en-content-field,Proposed English copy for bilingual implementation; review brand/proper-name spelling before production.
SMART-I18N-1760,database_public_cms,projects .json::نظام إدارة طلبات الصيانة والبلاغات الذكي,results[1].value,تنبيهات فورية ومتابعة مرئية لحالة الطلبات والمهام,Instant alerts and visual tracking of request and task status,add-en-content-field,Proposed English copy for bilingual implementation; review brand/proper-name spelling before production.
SMART-I18N-1761,database_public_cms,projects .json::نظام إدارة طلبات الصيانة والبلاغات الذكي,results[2].label,تعزيز الصيانة الوقائية,Stronger Preventive Maintenance,add-en-content-field,Proposed English copy for bilingual implementation; review brand/proper-name spelling before production.
SMART-I18N-1762,database_public_cms,projects .json::نظام إدارة طلبات الصيانة والبلاغات الذكي,results[2].value,إدارة وجدولة الصيانة الوقائية مع التكرار التلقائي,Preventive maintenance management and scheduling with automatic recurrence,add-en-content-field,Proposed English copy for bilingual implementation; review brand/proper-name spelling before production.
SMART-I18N-1763,database_public_cms,projects .json::نظام إدارة طلبات الصيانة والبلاغات الذكي,results[3].label,تحسين الرقابة,Improved Oversight,add-en-content-field,Proposed English copy for bilingual implementation; review brand/proper-name spelling before production.
SMART-I18N-1764,database_public_cms,projects .json::نظام إدارة طلبات الصيانة والبلاغات الذكي,results[3].value,سجل عمليات كامل مع صلاحيات دقيقة وسلة محذوفات قابلة للاستعادة,"Complete audit trail, granular permissions, and a recoverable recycle bin",add-en-content-field,Proposed English copy for bilingual implementation; review brand/proper-name spelling before production.
SMART-I18N-1765,database_public_cms,projects .json::نظام إدارة طلبات الصيانة والبلاغات الذكي,results[4].label,دعم القرار,Decision Support,add-en-content-field,Proposed English copy for bilingual implementation; review brand/proper-name spelling before production.
SMART-I18N-1766,database_public_cms,projects .json::نظام إدارة طلبات الصيانة والبلاغات الذكي,results[4].value,لوحات إحصائية وتقارير PDF وExcel وتصدير جماعي احترافي وتحليلات تساعد الإدارة على اتخاذ القرار,"Dashboards, PDF and Excel reports, professional bulk exports, and analytics that support management decisions",add-en-content-field,Proposed English copy for bilingual implementation; review brand/proper-name spelling before production.
SMART-I18N-1767,database_public_cms,projects .json::نظام إدارة طلبات الصيانة والبلاغات الذكي,results[5].label,رفع كفاءة التنفيذ,More Efficient Execution,add-en-content-field,Proposed English copy for bilingual implementation; review brand/proper-name spelling before production.
SMART-I18N-1768,database_public_cms,projects .json::نظام إدارة طلبات الصيانة والبلاغات الذكي,results[5].value,ربط المواقع والأقسام والأنظمة والآلات ضمن مسار تشغيل منظم,"Linked locations, departments, systems, and machines within an organized operating workflow",add-en-content-field,Proposed English copy for bilingual implementation; review brand/proper-name spelling before production.
SMART-I18N-1769,database_public_cms,projects .json::نظام إدارة طلبات الصيانة والبلاغات الذكي,features[0],بوابة بلاغات عامة تتيح لأي مستخدم تقديم بلاغ جديد دون تسجيل دخول.,A public incident portal that allows any user to submit a new incident without signing in.,add-en-content-field,Proposed English copy for bilingual implementation; review brand/proper-name spelling before production.
SMART-I18N-1770,database_public_cms,projects .json::نظام إدارة طلبات الصيانة والبلاغات الذكي,features[1],ربط البلاغ بطلب صيانة,Link incidents to maintenance requests,add-en-content-field,Proposed English copy for bilingual implementation; review brand/proper-name spelling before production.
SMART-I18N-1771,database_public_cms,projects .json::نظام إدارة طلبات الصيانة والبلاغات الذكي,features[2],إدارة كاملة لطلبات الصيانة بنوعيها طارئة ووقائية,Complete management of both emergency and preventive maintenance requests,add-en-content-field,Proposed English copy for bilingual implementation; review brand/proper-name spelling before production.
SMART-I18N-1772,database_public_cms,projects .json::نظام إدارة طلبات الصيانة والبلاغات الذكي,features[3],صيانة وقائية مجدولة مع إمكانية إنشاء مهام مستقبلية حسب التاريخ,Scheduled preventive maintenance with the ability to create future tasks by date,add-en-content-field,Proposed English copy for bilingual implementation; review brand/proper-name spelling before production.
SMART-I18N-1773,database_public_cms,projects .json::نظام إدارة طلبات الصيانة والبلاغات الذكي,features[4],تكرار تلقائي للمهام الوقائية,Automatic recurrence for preventive tasks,add-en-content-field,Proposed English copy for bilingual implementation; review brand/proper-name spelling before production.
SMART-I18N-1774,database_public_cms,projects .json::نظام إدارة طلبات الصيانة والبلاغات الذكي,features[5],مهام متاحة لجميع المهندسين أو مخصصة لمهندس محدد,Tasks available to all engineers or assigned to a specific engineer,add-en-content-field,Proposed English copy for bilingual implementation; review brand/proper-name spelling before production.
SMART-I18N-1775,database_public_cms,projects .json::نظام إدارة طلبات الصيانة والبلاغات الذكي,features[6],كشف المهام المتأخرة تلقائيًا وإشعار المهندسين بها,Automatic detection of overdue tasks with engineer notifications,add-en-content-field,Proposed English copy for bilingual implementation; review brand/proper-name spelling before production.
SMART-I18N-1776,database_public_cms,projects .json::نظام إدارة طلبات الصيانة والبلاغات الذكي,features[7],إشعارات لحظية عبر WebSocket,Real-time notifications through WebSocket,add-en-content-field,Proposed English copy for bilingual implementation; review brand/proper-name spelling before production.
SMART-I18N-1777,database_public_cms,projects .json::نظام إدارة طلبات الصيانة والبلاغات الذكي,features[8],لوحة تحكم وإحصائيات تفاعلية,Interactive dashboard and analytics,add-en-content-field,Proposed English copy for bilingual implementation; review brand/proper-name spelling before production.
SMART-I18N-1778,database_public_cms,projects .json::نظام إدارة طلبات الصيانة والبلاغات الذكي,features[9],تقارير احترافية بصيغ PDF وExcel.,Professional PDF and Excel reports.,add-en-content-field,Proposed English copy for bilingual implementation; review brand/proper-name spelling before production.
SMART-I18N-1779,database_public_cms,projects .json::نظام إدارة طلبات الصيانة والبلاغات الذكي,features[10],تصدير جماعي متقدم لطلبات الصيانة مع تتبع حي لنسبة التقدم.,Advanced bulk export of maintenance requests with live progress tracking.,add-en-content-field,Proposed English copy for bilingual implementation; review brand/proper-name spelling before production.
SMART-I18N-1780,database_public_cms,projects .json::نظام إدارة طلبات الصيانة والبلاغات الذكي,features[11],تقرير تفصيلي لكل طلب صيانة مع إمكانية المعاينة أو التنزيل,Detailed report for each maintenance request with preview and download options,add-en-content-field,Proposed English copy for bilingual implementation; review brand/proper-name spelling before production.
SMART-I18N-1781,database_public_cms,projects .json::نظام إدارة طلبات الصيانة والبلاغات الذكي,features[12],إدارة مرجعية كاملة للمواقع، الأقسام، الأنظمة، والآلات.,"Complete reference-data management for locations, departments, systems, and machines.",add-en-content-field,Proposed English copy for bilingual implementation; review brand/proper-name spelling before production.
SMART-I18N-1782,database_public_cms,projects .json::نظام إدارة طلبات الصيانة والبلاغات الذكي,features[13],دعم مكونات الآلة بحيث يمكن تنفيذ الصيانة على كامل الآلة أو على مكونات محددة فقط.,Support for machine components so maintenance can be performed on an entire machine or selected components only.,add-en-content-field,Proposed English copy for bilingual implementation; review brand/proper-name spelling before production.
SMART-I18N-1783,database_public_cms,projects .json::نظام إدارة طلبات الصيانة والبلاغات الذكي,features[14],صلاحيات متعددة متقدمة: مدير النظام، استشاري، مدير صيانة، مهندس، مراقب سلامة، مدير مشروع.,"Advanced multi-role permissions: System Administrator, Consultant, Maintenance Manager, Engineer, Safety Supervisor, and Project Manager.",add-en-content-field,Proposed English copy for bilingual implementation; review brand/proper-name spelling before production.
SMART-I18N-1784,database_public_cms,projects .json::نظام إدارة طلبات الصيانة والبلاغات الذكي,features[15],صلاحيات مبنية على الدور والإدارة؛ مثل تقييد بعض المستخدمين حسب الأقسام,"Role- and department-based permissions, including restricting selected users by department",add-en-content-field,Proposed English copy for bilingual implementation; review brand/proper-name spelling before production.
SMART-I18N-1785,database_public_cms,projects .json::نظام إدارة طلبات الصيانة والبلاغات الذكي,features[16],سجل عمليات Audit Log يوثق الإنشاء والتعديل والحذف وتغيير الحالة وتسجيل الدخول والخروج.,"Audit Log documenting creation, modification, deletion, status changes, sign-in, and sign-out.",add-en-content-field,Proposed English copy for bilingual implementation; review brand/proper-name spelling before production.
SMART-I18N-1786,database_public_cms,projects .json::نظام إدارة طلبات الصيانة والبلاغات الذكي,features[17],سلة محذوفات احترافية مع دعم الحذف الناعم والاستعادة والحذف النهائي.,"Professional recycle bin with soft delete, restore, and permanent deletion support.",add-en-content-field,Proposed English copy for bilingual implementation; review brand/proper-name spelling before production.
SMART-I18N-1787,database_public_cms,projects .json::نظام إدارة طلبات الصيانة والبلاغات الذكي,features[18],واجهة حديثة Responsive مناسبة للأجهزة المختلفة.,Modern responsive interface for different devices.,add-en-content-field,Proposed English copy for bilingual implementation; review brand/proper-name spelling before production.
SMART-I18N-1788,database_public_cms,projects .json::نظام إدارة طلبات الصيانة والبلاغات الذكي,features[19],دعم الوضع الداكن والفاتح.,Light and dark mode support.,add-en-content-field,Proposed English copy for bilingual implementation; review brand/proper-name spelling before production.
SMART-I18N-1789,database_public_cms,projects .json::نظام إدارة طلبات الصيانة والبلاغات الذكي,features[20],إمكانية تثبيت النظام كتطبيق PWA على الأجهزة.,Installable Progressive Web App (PWA).,add-en-content-field,Proposed English copy for bilingual implementation; review brand/proper-name spelling before production.
SMART-I18N-1790,database_public_cms,projects .json::نظام إدارة طلبات الصيانة والبلاغات الذكي,features[22],حماية تقنية عبر validation وhelmet و rate limiting وcaching,"Technical protection through validation, Helmet, rate limiting, and caching",add-en-content-field,Proposed English copy for bilingual implementation; review brand/proper-name spelling before production.
SMART-I18N-1791,database_public_cms,projects .json::نظام إدارة طلبات الصيانة والبلاغات الذكي,features[23],جاهزية نشر احترافية باستخدام Docker مع ملفات إعداد وتشغيل.,Production-ready Docker deployment with configuration and startup files.,add-en-content-field,Proposed English copy for bilingual implementation; review brand/proper-name spelling before production.
SMART-I18N-1792,database_public_cms,projects .json::نظام إدارة طلبات الصيانة والبلاغات الذكي,clientName,جامعة الملك سعود,King Saud University,add-en-content-field,Proposed English copy for bilingual implementation; review brand/proper-name spelling before production.
SMART-I18N-1793,database_public_cms,projects .json::نظام إدارة طلبات الصيانة والبلاغات الذكي,seo.metaTitle,نظام إدارة الصيانة والبلاغات | منصة ذكية للصيانة الوقائية والطارئة,Maintenance & Incident Management System | Smart Preventive and Emergency Maintenance Platform,add-en-content-field,Proposed English copy for bilingual implementation; review brand/proper-name spelling before production.
SMART-I18N-1794,database_public_cms,projects .json::نظام إدارة طلبات الصيانة والبلاغات الذكي,seo.metaDescription,منصة متكاملة لإدارة البلاغات وطلبات الصيانة والصيانة الوقائية داخل المنشآت، مع صلاحيات متعددة، إشعارات لحظية، تقارير PDF وExcel، ولوحات إحصائية تفاعلية.,"An integrated platform for managing incidents, maintenance requests, and preventive maintenance within facilities, with multiple roles, real-time notifications, PDF and Excel reports, and interactive dashboards.",add-en-content-field,Proposed English copy for bilingual implementation; review brand/proper-name spelling before production.
SMART-I18N-1795,database_public_cms,projects .json::نظام إدارة طلبات الصيانة والبلاغات الذكي,seo.keywords[0],نظام إدارة الصيانة,Maintenance Management System,add-en-content-field,Proposed English copy for bilingual implementation; review brand/proper-name spelling before production.
SMART-I18N-1796,database_public_cms,projects .json::نظام إدارة طلبات الصيانة والبلاغات الذكي,seo.keywords[1],نظام البلاغات,Incident Management System,add-en-content-field,Proposed English copy for bilingual implementation; review brand/proper-name spelling before production.
SMART-I18N-1797,database_public_cms,projects .json::نظام إدارة طلبات الصيانة والبلاغات الذكي,seo.keywords[2],طلبات الصيانة,Maintenance Requests,add-en-content-field,Proposed English copy for bilingual implementation; review brand/proper-name spelling before production.
SMART-I18N-1798,database_public_cms,projects .json::نظام إدارة طلبات الصيانة والبلاغات الذكي,seo.keywords[3],الصيانة الوقائية,Preventive Maintenance,add-en-content-field,Proposed English copy for bilingual implementation; review brand/proper-name spelling before production.
SMART-I18N-1799,database_public_cms,projects .json::نظام إدارة طلبات الصيانة والبلاغات الذكي,seo.keywords[4],إدارة التشغيل والصيانة,Operations and Maintenance Management,add-en-content-field,Proposed English copy for bilingual implementation; review brand/proper-name spelling before production.
SMART-I18N-1800,database_public_cms,projects .json::نظام إدارة طلبات الصيانة والبلاغات الذكي,duration,شهر,1 Month,add-en-content-field,Proposed English copy for bilingual implementation; review brand/proper-name spelling before production.
SMART-I18N-1801,database_public_cms,projects .json::نظام إدارة طلبات الصيانة والبلاغات الذكي,industry,تعليم,Education,add-en-content-field,Proposed English copy for bilingual implementation; review brand/proper-name spelling before production.
SMART-I18N-1802,database_public_cms,projects .json::منصة المرحومي لكتالوج المنتجات وطلبات عروض الأسعار,title,منصة المرحومي لكتالوج المنتجات وطلبات عروض الأسعار,Al-Marhomi Product Catalog and Request-for-Quotation Platform,add-en-content-field,Proposed English copy for bilingual implementation; review brand/proper-name spelling before production.
SMART-I18N-1803,database_public_cms,projects .json::منصة المرحومي لكتالوج المنتجات وطلبات عروض الأسعار,summary,نظام متكامل يخدم عملاء مؤسسة المرحومي وفريقها التشغيلي عبر واجهة متجر عربية وإنجليزية، ولوحة تحكم إدارية، وواجهة برمجية مبنية بـ NestJS وPostgreSQL. يتيح تصفح الأقسام والعلامات التجارية والمنتجات، واختيار الموديلات ومقارنة مواصفاتها، وإضافة كميات عشرية وملاحظات إلى سلة عرض السعر، وإرسال الطلب وتتبع حالته، بينما تدير لوحة التحكم الكتالوج والوسائط والطلبات وجهات الاتصال والإشعارات والتقارير والصلاحيات وسجل العمليات,"An integrated system serving Al-Marhomi Establishment customers and operations staff through an Arabic-English storefront, an admin dashboard, and a NestJS/PostgreSQL API. Customers can browse categories, brands, and products, select models, compare specifications, add decimal quantities and notes to an RFQ cart, submit requests, and track their status. The admin dashboard manages the catalog, media, requests, contacts, notifications, reports, permissions, and audit trail.",add-en-content-field,Proposed English copy for bilingual implementation; review brand/proper-name spelling before production.
SMART-I18N-1804,database_public_cms,projects .json::منصة المرحومي لكتالوج المنتجات وطلبات عروض الأسعار,challenge,كان المطلوب تحويل عرض المنتجات المتعدد الأقسام والموديلات إلى تجربة رقمية منظمة تسمح للعميل بتحديد المنتج والموديل والكمية المطلوبة وإرسال استفسار تجاري، مع تجنب منطق الأسعار والدفع والشحن الخاص بالمتاجر التقليدية.,"The requirement was to transform a multi-category, multi-model product offering into an organized digital experience where customers can select a product, model, and required quantity and submit a commercial inquiry, without introducing the pricing, payment, and shipping logic of a traditional e-commerce store.",add-en-content-field,Proposed English copy for bilingual implementation; review brand/proper-name spelling before production.
SMART-I18N-1805,database_public_cms,projects .json::منصة المرحومي لكتالوج المنتجات وطلبات عروض الأسعار,solution,تم بناء معمارية من ثلاثة أجزاء مترابطة: واجهة متجر تدعم العرض من الخادم وتحسين محركات البحث، ولوحة إدارة محمية بصلاحيات دقيقة، وواجهة REST تنفذ دورة طلب عرض السعر بمعاملات قاعدة بيانات وسجلات حالة ونسخ ثابتة من بيانات العناصر. أضيفت كذلك معالجة صور غير متزامنة عبر PostgreSQL مع تحويل WebP وإزالة خلفية اختيارية وعلامة مائية، إلى جانب الاستيراد والتصدير عبر Excel والإشعارات وصندوق أحداث موثوق.,"A three-part architecture was built: a server-rendered, search-optimized storefront; a permission-protected admin dashboard; and a REST API that executes the RFQ lifecycle using database transactions, status history, and immutable snapshots of request items. Asynchronous image processing through PostgreSQL was also added, including WebP conversion, optional background removal, and watermarking, alongside Excel import/export, notifications, and a reliable event outbox.",add-en-content-field,Proposed English copy for bilingual implementation; review brand/proper-name spelling before production.
SMART-I18N-1806,database_public_cms,projects .json::منصة المرحومي لكتالوج المنتجات وطلبات عروض الأسعار,results[0].label,تجربة مستخدم عالمية ومقارنة ذكية للمنتجات,Global User Experience and Smart Product Comparison,add-en-content-field,Proposed English copy for bilingual implementation; review brand/proper-name spelling before production.
SMART-I18N-1807,database_public_cms,projects .json::منصة المرحومي لكتالوج المنتجات وطلبات عروض الأسعار,results[0].value,إطلاق كتالوج منتجات تفاعلي ثنائي اللغة يكسر حاجز اللغة ويصل لشريحة أوسع من العملاء. يتيح الكتالوج استعراض المنتجات بموديلاتها المتعددة مع ميزة المقارنة المباشرة للمواصفات، مما يسهل على العميل اتخاذ قرار الشراء ويرفع من معدلات التحويل (Conversion Rates).,"Launched an interactive bilingual product catalog that removes the language barrier and reaches a wider customer base. Customers can browse products with multiple models and compare specifications directly, making purchase decisions easier and supporting higher conversion rates.",add-en-content-field,Proposed English copy for bilingual implementation; review brand/proper-name spelling before production.
SMART-I18N-1808,database_public_cms,projects .json::منصة المرحومي لكتالوج المنتجات وطلبات عروض الأسعار,results[1].label,مرونة فائقة في تلبية الطلبات التجارية (B2B),Exceptional Flexibility for B2B Commercial Requests,add-en-content-field,Proposed English copy for bilingual implementation; review brand/proper-name spelling before production.
SMART-I18N-1809,database_public_cms,projects .json::منصة المرحومي لكتالوج المنتجات وطلبات عروض الأسعار,results[1].value,تطوير سلة طلبات عروض أسعار متقدمة تدعم إدخال الكميات بالأرقام العشرية، مما يلبي الاحتياجات الدقيقة والمخصصة للعملاء والموردين، ويسهل عمليات التسعير المخصصة للمواد التي تتطلب قياسات دقيقة.,"Developed an advanced quotation-request cart that supports decimal quantities, meeting precise and customized requirements for customers and suppliers and simplifying custom pricing for materials that require exact measurements.",add-en-content-field,Proposed English copy for bilingual implementation; review brand/proper-name spelling before production.
SMART-I18N-1810,database_public_cms,projects .json::منصة المرحومي لكتالوج المنتجات وطلبات عروض الأسعار,results[2].label,شفافية تامة وبناء ثقة مستدامة مع العملاء,Complete Transparency and Sustainable Customer Trust,add-en-content-field,Proposed English copy for bilingual implementation; review brand/proper-name spelling before production.
SMART-I18N-1811,database_public_cms,projects .json::منصة المرحومي لكتالوج المنتجات وطلبات عروض الأسعار,results[2].value,تزويد كل عملية برقم طلب فريد ورمز تتبع عام، مما يمنح العملاء القدرة على متابعة حالة طلباتهم بشفافية تامة واستقلالية، ويقلل من الضغط على خدمة العملاء مع رفع مستوى الرضا والولاء.,"Every request receives a unique request number and public tracking code, giving customers independent and transparent visibility into request status, reducing pressure on customer service, and improving satisfaction and loyalty.",add-en-content-field,Proposed English copy for bilingual implementation; review brand/proper-name spelling before production.
SMART-I18N-1812,database_public_cms,projects .json::منصة المرحومي لكتالوج المنتجات وطلبات عروض الأسعار,results[3].label,أتمتة إدارية ذكية لتسريع دورة العمل,Smart Administrative Automation to Accelerate the Workflow,add-en-content-field,Proposed English copy for bilingual implementation; review brand/proper-name spelling before production.
SMART-I18N-1813,database_public_cms,projects .json::منصة المرحومي لكتالوج المنتجات وطلبات عروض الأسعار,results[3].value,بناء مسار إداري متكامل (Workflow) يتيح لفريق العمل تعيين الطلبات للموظفين المختصين، وتحديث حالاتها بسلاسة، مع توثيق كافة الملاحظات وقنوات التواصل في مكان واحد، مما يرفع من كفاءة التشغيل ويقلل من الأخطاء البشرية.,"Built an integrated administrative workflow that lets the team assign requests to the appropriate staff, update statuses smoothly, and document all notes and communication channels in one place, improving operational efficiency and reducing human error.",add-en-content-field,Proposed English copy for bilingual implementation; review brand/proper-name spelling before production.
SMART-I18N-1814,database_public_cms,projects .json::منصة المرحومي لكتالوج المنتجات وطلبات عروض الأسعار,results[4].label,حماية سيبرانية وإدارة دقيقة لبيئة العمل,Cybersecurity and Granular Workplace Administration,add-en-content-field,Proposed English copy for bilingual implementation; review brand/proper-name spelling before production.
SMART-I18N-1815,database_public_cms,projects .json::منصة المرحومي لكتالوج المنتجات وطلبات عروض الأسعار,results[4].value,"تأمين المنصة بأحدث أنظمة المصادقة وإدارة الجلسات (مع التجديد التلقائي للرموز الموثوقة). كما يتيح النظام تحكماً دقيقاً عبر تخصيص ""الأدوار والصلاحيات""، مما يضمن عدم وصول أي مستخدم إلا للبيانات والوظائف المطابقة لمهام عمله.","Secured the platform with modern authentication and session-management mechanisms, including trusted token renewal. The system also provides granular role and permission controls so each user can access only the data and functions relevant to their responsibilities.",add-en-content-field,Proposed English copy for bilingual implementation; review brand/proper-name spelling before production.
SMART-I18N-1816,database_public_cms,projects .json::منصة المرحومي لكتالوج المنتجات وطلبات عروض الأسعار,results[5].label,رقابة شاملة وقرارات استراتيجية مبنية على البيانات,Comprehensive Oversight and Data-Driven Strategic Decisions,add-en-content-field,Proposed English copy for bilingual implementation; review brand/proper-name spelling before production.
SMART-I18N-1817,database_public_cms,projects .json::منصة المرحومي لكتالوج المنتجات وطلبات عروض الأسعار,results[5].value,دمج سجل تدقيق متكامل (Audit Log) لتتبع كافة الإجراءات والتغييرات التي تتم على النظام، مدعوماً بلوحات تحليلات تشغيلية دقيقة توفر للإدارة رؤى واضحة حول أداء المنصة، مما يدعم اتخاذ القرارات الاستراتيجية بثقة.,"Integrated a complete Audit Log to track system actions and changes, supported by detailed operational analytics dashboards that give management clear visibility into platform performance and enable confident strategic decision-making.",add-en-content-field,Proposed English copy for bilingual implementation; review brand/proper-name spelling before production.
SMART-I18N-1818,database_public_cms,projects .json::منصة المرحومي لكتالوج المنتجات وطلبات عروض الأسعار,results[6].label,بنية تحتية مستقرة وقابلة للتوسع المستقبلي,Stable Infrastructure Designed for Future Scale,add-en-content-field,Proposed English copy for bilingual implementation; review brand/proper-name spelling before production.
SMART-I18N-1819,database_public_cms,projects .json::منصة المرحومي لكتالوج المنتجات وطلبات عروض الأسعار,results[6].value,"ضمان استمرارية العمل بأعلى جودة وخلو النظام من الثغرات من خلال اختبارات الأمان والعقود المسبقة وفحوصات الصحة الدورية. كما تم بناء المشروع على ""حاويات نشر مستقلة"" (Containers) تضمن سرعة التحديث والتوسع المستقبلي في استيعاب الزيارات دون أي انقطاع في الخدمة.","Maintained high-quality continuity and reduced vulnerabilities through security testing, contract checks, and recurring health checks. The project was also built with independently deployable containers that support rapid updates and future traffic scaling without service interruption.",add-en-content-field,Proposed English copy for bilingual implementation; review brand/proper-name spelling before production.
SMART-I18N-1820,database_public_cms,projects .json::منصة المرحومي لكتالوج المنتجات وطلبات عروض الأسعار,features[0],عرض المنتجات على شكل كتالوج إلكتروني احترافي بدل متجر بيع تقليدي.,Professional digital product catalog instead of a traditional online retail store.,add-en-content-field,Proposed English copy for bilingual implementation; review brand/proper-name spelling before production.
SMART-I18N-1821,database_public_cms,projects .json::منصة المرحومي لكتالوج المنتجات وطلبات عروض الأسعار,features[1],نظام طلب عرض سعر (RFQ) بدل الدفع والشراء المباشر.,Request-for-Quotation (RFQ) system instead of direct payment and purchase.,add-en-content-field,Proposed English copy for bilingual implementation; review brand/proper-name spelling before production.
SMART-I18N-1822,database_public_cms,projects .json::منصة المرحومي لكتالوج المنتجات وطلبات عروض الأسعار,features[2],إمكانية إضافة المنتجات إلى السلة مع تحديد الكميات المطلوبة ثم إرسال الطلب.,"Add products to a cart, specify required quantities, and submit the request.",add-en-content-field,Proposed English copy for bilingual implementation; review brand/proper-name spelling before production.
SMART-I18N-1823,database_public_cms,projects .json::منصة المرحومي لكتالوج المنتجات وطلبات عروض الأسعار,features[3],هيكل متكامل للفئات: فئات رئيسية + فئات فرعية.,Integrated category hierarchy: main categories and subcategories.,add-en-content-field,Proposed English copy for bilingual implementation; review brand/proper-name spelling before production.
SMART-I18N-1824,database_public_cms,projects .json::منصة المرحومي لكتالوج المنتجات وطلبات عروض الأسعار,features[4],فلترة المنتجات حسب الفئات والفئات الفرعية.,Product filtering by category and subcategory.,add-en-content-field,Proposed English copy for bilingual implementation; review brand/proper-name spelling before production.
SMART-I18N-1825,database_public_cms,projects .json::منصة المرحومي لكتالوج المنتجات وطلبات عروض الأسعار,features[5],دعم المنتج الذي يحتوي على عدة موديلات.,Support for products with multiple models.,add-en-content-field,Proposed English copy for bilingual implementation; review brand/proper-name spelling before production.
SMART-I18N-1826,database_public_cms,projects .json::منصة المرحومي لكتالوج المنتجات وطلبات عروض الأسعار,features[6],مواصفات مستقلة لكل موديل من المنتج.,Independent specifications for each product model.,add-en-content-field,Proposed English copy for bilingual implementation; review brand/proper-name spelling before production.
SMART-I18N-1827,database_public_cms,projects .json::منصة المرحومي لكتالوج المنتجات وطلبات عروض الأسعار,features[7],دعم صور متعددة للمنتجات والموديلات.,Multiple images for products and models.,add-en-content-field,Proposed English copy for bilingual implementation; review brand/proper-name spelling before production.
SMART-I18N-1828,database_public_cms,projects .json::منصة المرحومي لكتالوج المنتجات وطلبات عروض الأسعار,features[8],إدارة العلامات التجارية Brands.,Brand management.,add-en-content-field,Proposed English copy for bilingual implementation; review brand/proper-name spelling before production.
SMART-I18N-1829,database_public_cms,projects .json::منصة المرحومي لكتالوج المنتجات وطلبات عروض الأسعار,features[9],إدارة المواصفات والخصائص الفنية للمنتجات.,Product specification and technical-attribute management.,add-en-content-field,Proposed English copy for bilingual implementation; review brand/proper-name spelling before production.
SMART-I18N-1830,database_public_cms,projects .json::منصة المرحومي لكتالوج المنتجات وطلبات عروض الأسعار,features[10],بحث وفلترة متقدمة للوصول للمنتجات بسرعة.,Advanced search and filtering for fast product discovery.,add-en-content-field,Proposed English copy for bilingual implementation; review brand/proper-name spelling before production.
SMART-I18N-1831,database_public_cms,projects .json::منصة المرحومي لكتالوج المنتجات وطلبات عروض الأسعار,features[11],صفحة تفاصيل متكاملة لكل منتج وموديل.,Complete detail page for every product and model.,add-en-content-field,Proposed English copy for bilingual implementation; review brand/proper-name spelling before production.
SMART-I18N-1832,database_public_cms,projects .json::منصة المرحومي لكتالوج المنتجات وطلبات عروض الأسعار,features[12],واجهة متجر حديثة ومتجاوبة مع الجوال والكمبيوتر.,Modern storefront responsive across mobile and desktop.,add-en-content-field,Proposed English copy for bilingual implementation; review brand/proper-name spelling before production.
SMART-I18N-1833,database_public_cms,projects .json::منصة المرحومي لكتالوج المنتجات وطلبات عروض الأسعار,features[13],لوحة تحكم إدارية متكاملة لإدارة المحتوى والمنتجات.,Integrated admin dashboard for content and product management.,add-en-content-field,Proposed English copy for bilingual implementation; review brand/proper-name spelling before production.
SMART-I18N-1834,database_public_cms,projects .json::منصة المرحومي لكتالوج المنتجات وطلبات عروض الأسعار,features[14],إدارة الطلبات وطلبات عروض الأسعار.,Request and RFQ management.,add-en-content-field,Proposed English copy for bilingual implementation; review brand/proper-name spelling before production.
SMART-I18N-1835,database_public_cms,projects .json::منصة المرحومي لكتالوج المنتجات وطلبات عروض الأسعار,features[15],إدارة جهات الاتصال واستفسارات العملاء.,Contact and customer-inquiry management.,add-en-content-field,Proposed English copy for bilingual implementation; review brand/proper-name spelling before production.
SMART-I18N-1836,database_public_cms,projects .json::منصة المرحومي لكتالوج المنتجات وطلبات عروض الأسعار,features[16],إدارة شجرة الأقسام والفئات.,Category-tree management.,add-en-content-field,Proposed English copy for bilingual implementation; review brand/proper-name spelling before production.
SMART-I18N-1837,database_public_cms,projects .json::منصة المرحومي لكتالوج المنتجات وطلبات عروض الأسعار,features[17],إدارة الوسائط والصور من لوحة التحكم.,Media and image management from the admin dashboard.,add-en-content-field,Proposed English copy for bilingual implementation; review brand/proper-name spelling before production.
SMART-I18N-1838,database_public_cms,projects .json::منصة المرحومي لكتالوج المنتجات وطلبات عروض الأسعار,features[18],معالجة الصور وإضافة العلامة المائية تلقائيًا.,Image processing with automatic watermarking.,add-en-content-field,Proposed English copy for bilingual implementation; review brand/proper-name spelling before production.
SMART-I18N-1839,database_public_cms,projects .json::منصة المرحومي لكتالوج المنتجات وطلبات عروض الأسعار,features[19],الاحتفاظ بالصور الأصلية بصورة منفصلة عن الصور المعالجة.,Original images retained separately from processed versions.,add-en-content-field,Proposed English copy for bilingual implementation; review brand/proper-name spelling before production.
SMART-I18N-1840,database_public_cms,projects .json::منصة المرحومي لكتالوج المنتجات وطلبات عروض الأسعار,features[20],نظام إشعارات داخل لوحة التحكم، خصوصًا للطلبات الجديدة.,"In-dashboard notification system, especially for new requests.",add-en-content-field,Proposed English copy for bilingual implementation; review brand/proper-name spelling before production.
SMART-I18N-1841,database_public_cms,projects .json::منصة المرحومي لكتالوج المنتجات وطلبات عروض الأسعار,features[21],إدارة حالات المنتجات مثل مسودة / منشور.,Product-state management such as Draft / Published.,add-en-content-field,Proposed English copy for bilingual implementation; review brand/proper-name spelling before production.
SMART-I18N-1842,database_public_cms,projects .json::منصة المرحومي لكتالوج المنتجات وطلبات عروض الأسعار,features[22],التحقق من الحقول المطلوبة قبل نشر المنتج مع رسائل أخطاء واضحة.,"Required-field validation before publishing, with clear error messages.",add-en-content-field,Proposed English copy for bilingual implementation; review brand/proper-name spelling before production.
SMART-I18N-1843,database_public_cms,projects .json::منصة المرحومي لكتالوج المنتجات وطلبات عروض الأسعار,features[23],سجل عمليات Audit Log لمتابعة الإجراءات الإدارية.,Audit Log for tracking administrative actions.,add-en-content-field,Proposed English copy for bilingual implementation; review brand/proper-name spelling before production.
SMART-I18N-1844,database_public_cms,projects .json::منصة المرحومي لكتالوج المنتجات وطلبات عروض الأسعار,features[24],قسم تقارير وإحصائيات داخل لوحة التحكم.,Reports and analytics section inside the admin dashboard.,add-en-content-field,Proposed English copy for bilingual implementation; review brand/proper-name spelling before production.
SMART-I18N-1845,database_public_cms,projects .json::منصة المرحومي لكتالوج المنتجات وطلبات عروض الأسعار,features[25],تحسينات SEO احترافية,Professional SEO enhancements,add-en-content-field,Proposed English copy for bilingual implementation; review brand/proper-name spelling before production.
SMART-I18N-1846,database_public_cms,projects .json::منصة المرحومي لكتالوج المنتجات وطلبات عروض الأسعار,features[26],ملفات robots.txt و sitemap.xml جاهزة لتحسين الأرشفة.,robots.txt and sitemap.xml files prepared for better indexing.,add-en-content-field,Proposed English copy for bilingual implementation; review brand/proper-name spelling before production.
SMART-I18N-1847,database_public_cms,projects .json::منصة المرحومي لكتالوج المنتجات وطلبات عروض الأسعار,features[27],تصميم وهوية بصرية موحدة بين المتجر ولوحة التحكم.,Unified visual identity across the storefront and admin dashboard.,add-en-content-field,Proposed English copy for bilingual implementation; review brand/proper-name spelling before production.
SMART-I18N-1848,database_public_cms,projects .json::منصة المرحومي لكتالوج المنتجات وطلبات عروض الأسعار,features[28],دعم واجهة عربية وتهيئة مناسبة لـ RTL.,Arabic interface support with proper RTL preparation.,add-en-content-field,Proposed English copy for bilingual implementation; review brand/proper-name spelling before production.
SMART-I18N-1849,database_public_cms,projects .json::منصة المرحومي لكتالوج المنتجات وطلبات عروض الأسعار,features[29],Backend API مستقل قابل للتوسع والتكامل مع تطبيقات أو أنظمة أخرى مستقبلًا.,Independent Backend API designed for future scaling and integration with other applications or systems.,add-en-content-field,Proposed English copy for bilingual implementation; review brand/proper-name spelling before production.
SMART-I18N-1850,database_public_cms,projects .json::منصة المرحومي لكتالوج المنتجات وطلبات عروض الأسعار,features[30],بنية منفصلة إلى Backend + Store Frontend + Admin Dashboard مما يسهل الصيانة والتطوير والنشر.,"Separated Backend + Store Frontend + Admin Dashboard architecture for easier maintenance, development, and deployment.",add-en-content-field,Proposed English copy for bilingual implementation; review brand/proper-name spelling before production.
SMART-I18N-1851,database_public_cms,projects .json::منصة المرحومي لكتالوج المنتجات وطلبات عروض الأسعار,features[31],قابل للتوسع مستقبلًا لإضافة المزيد من الخدمات، التكاملات أو أنظمة الطلبات دون إعادة بناء المشروع من البداية.,"Designed to add future services, integrations, or request systems without rebuilding the project from scratch.",add-en-content-field,Proposed English copy for bilingual implementation; review brand/proper-name spelling before production.
SMART-I18N-1852,database_public_cms,projects .json::منصة المرحومي لكتالوج المنتجات وطلبات عروض الأسعار,clientName,شركة علي سعيد المرحومي الغامدي وأبنائه المحدودة,Ali Saeed Al-Marhomi Al-Ghamdi & Sons Co. Ltd.,add-en-content-field,Proposed English copy for bilingual implementation; review brand/proper-name spelling before production.
SMART-I18N-1853,database_public_cms,projects .json::منصة المرحومي لكتالوج المنتجات وطلبات عروض الأسعار,seo.metaTitle,كتالوج المرحومي الرقمي | منصة عرض وإدارة المنتجات والفئات باحترافية,Al-Marhomi Digital Catalog | Professional Product & Category Showcase Platform,add-en-content-field,Proposed English copy for bilingual implementation; review brand/proper-name spelling before production.
SMART-I18N-1854,database_public_cms,projects .json::منصة المرحومي لكتالوج المنتجات وطلبات عروض الأسعار,seo.metaDescription,منصة رقمية متكاملة لعرض وإدارة المنتجات والفئات والصور، مع لوحة تحكم داخلية، معالجة صور بعلامة مائية، بحث وفلاتر، وصفحات تفاصيل، وتكامل SEO وتجربة تصفح حديثة.,"An integrated digital platform for showcasing and managing products, categories, and images, with an internal admin dashboard, watermarked image processing, search and filters, detail pages, SEO integration, and a modern browsing experience.",add-en-content-field,Proposed English copy for bilingual implementation; review brand/proper-name spelling before production.
SMART-I18N-1855,database_public_cms,projects .json::منصة المرحومي لكتالوج المنتجات وطلبات عروض الأسعار,seo.keywords[0],كتالوج المرحومي,Al-Marhomi Catalog,add-en-content-field,Proposed English copy for bilingual implementation; review brand/proper-name spelling before production.
SMART-I18N-1856,database_public_cms,projects .json::منصة المرحومي لكتالوج المنتجات وطلبات عروض الأسعار | projects .json::موقع الوصابي للتجارة,seo.keywords[1] | seo.keywords[3],كتالوج منتجات,Product Catalog,add-en-content-field,Proposed English copy for bilingual implementation; review brand/proper-name spelling before production.
SMART-I18N-1857,database_public_cms,projects .json::منصة المرحومي لكتالوج المنتجات وطلبات عروض الأسعار,seo.keywords[2],منصة عرض منتجات,Product Showcase Platform,add-en-content-field,Proposed English copy for bilingual implementation; review brand/proper-name spelling before production.
SMART-I18N-1858,database_public_cms,projects .json::منصة المرحومي لكتالوج المنتجات وطلبات عروض الأسعار,seo.keywords[3],إدارة كتالوج المنتجات,Product Catalog Management,add-en-content-field,Proposed English copy for bilingual implementation; review brand/proper-name spelling before production.
SMART-I18N-1859,database_public_cms,projects .json::منصة المرحومي لكتالوج المنتجات وطلبات عروض الأسعار,seo.keywords[4],موقع عرض منتجات,Product Showcase Website,add-en-content-field,Proposed English copy for bilingual implementation; review brand/proper-name spelling before production.
SMART-I18N-1860,database_public_cms,projects .json::منصة المرحومي لكتالوج المنتجات وطلبات عروض الأسعار,seo.keywords[5],لوحة تحكم منتجات,Product Admin Dashboard,add-en-content-field,Proposed English copy for bilingual implementation; review brand/proper-name spelling before production.
SMART-I18N-1861,database_public_cms,projects .json::منصة المرحومي لكتالوج المنتجات وطلبات عروض الأسعار,seo.keywords[6],إدارة الصور والمنتجات,Image and Product Management,add-en-content-field,Proposed English copy for bilingual implementation; review brand/proper-name spelling before production.
SMART-I18N-1862,database_public_cms,projects .json::متجر النجوم تليكوم,title | seo.keywords[0],متجر النجوم تليكوم,Najoom Telecom Store,add-en-content-field,Proposed English copy for bilingual implementation; review brand/proper-name spelling before production.
SMART-I18N-1863,database_public_cms,projects .json::متجر النجوم تليكوم,summary,منصة تجارة إلكترونية لمتجر النجوم تليكوم لبيع منتجات التقنية والإلكترونيات، تضم واجهة تسوق للعملاء ولوحة إدارة تشغيلية متصلة بواجهة API مركزية.,"An e-commerce platform for Najoom Telecom to sell technology and electronics products, combining a customer storefront with an operational admin dashboard connected to a centralized API.",add-en-content-field,Proposed English copy for bilingual implementation; review brand/proper-name spelling before production.
SMART-I18N-1864,database_public_cms,projects .json::متجر النجوم تليكوم,challenge,الحاجة إلى تشغيل متجر للاتصالات والإلكترونيات من منظومة مركزية تربط الكتالوج والمخزون والطلبات والمدفوعات والتوصيل وخدمة العملاء، مع الحفاظ على اتساق المخزون وحالات الطلب والدفع أثناء العمليات التجارية.,"The challenge was to operate a telecom and electronics store through a centralized ecosystem connecting the catalog, inventory, orders, payments, delivery, and customer service while maintaining consistent inventory and order/payment states throughout commercial operations.",add-en-content-field,Proposed English copy for bilingual implementation; review brand/proper-name spelling before production.
SMART-I18N-1865,database_public_cms,projects .json::متجر النجوم تليكوم,solution,تم بناء منظومة تجارة إلكترونية مخصصة لمتجر النجوم تليكوم تتكون من واجهة متجر ثنائية اللغة للعملاء، ولوحة إدارة تشغيلية، وBackend API مركزي. تربط المنظومة إدارة المنتجات والمتغيرات والمخزون متعدد المخازن بالطلبات وطرق الدفع والتوصيل وحسابات العملاء، مع دورة Checkout معاملية وآليات لحجز المخزون، وإدارة صلاحيات فريق العمل، والإشعارات والعمليات الخلفية والتقارير والتحليلات.,"A custom e-commerce ecosystem was built for Najoom Telecom consisting of a bilingual customer storefront, an operational admin dashboard, and a centralized Backend API. The system connects products, variants, and multi-warehouse inventory with orders, payment methods, delivery, and customer accounts. It includes a transactional checkout workflow, inventory reservations, staff roles and permissions, notifications, background jobs, reports, and analytics.",add-en-content-field,Proposed English copy for bilingual implementation; review brand/proper-name spelling before production.
SMART-I18N-1866,database_public_cms,projects .json::متجر النجوم تليكوم,results[0].label,توحيد تشغيل المتجر,Unified Store Operations,add-en-content-field,Proposed English copy for bilingual implementation; review brand/proper-name spelling before production.
SMART-I18N-1867,database_public_cms,projects .json::متجر النجوم تليكوم,results[0].value,جمع إدارة الكتالوج والمخزون والطلبات والمدفوعات والعملاء والتسويق داخل منظومة تشغيل مترابطة.,"Combined catalog, inventory, order, payment, customer, and marketing management in one connected operating system.",add-en-content-field,Proposed English copy for bilingual implementation; review brand/proper-name spelling before production.
SMART-I18N-1868,database_public_cms,projects .json::متجر النجوم تليكوم,results[1].label,حماية دورة إنشاء الطلب,Protected Order-Creation Lifecycle,add-en-content-field,Proposed English copy for bilingual implementation; review brand/proper-name spelling before production.
SMART-I18N-1869,database_public_cms,projects .json::متجر النجوم تليكوم,results[1].value,ربط إنشاء الطلب وحجز المخزون والتسعير والدفع والخصومات ضمن عملية معاملية تدعم Idempotency وتحد من تكرار الطلبات أو تعارض البيانات.,"Connected order creation, inventory reservation, pricing, payment, and discounts within a transactional process that supports idempotency and reduces duplicate orders and data conflicts.",add-en-content-field,Proposed English copy for bilingual implementation; review brand/proper-name spelling before production.
SMART-I18N-1870,database_public_cms,projects .json::متجر النجوم تليكوم,results[2].label,فصل الصلاحيات التشغيلية,Operational Permission Separation,add-en-content-field,Proposed English copy for bilingual implementation; review brand/proper-name spelling before production.
SMART-I18N-1871,database_public_cms,projects .json::متجر النجوم تليكوم,results[2].value,توفير أدوار مختلفة لفريق المتجر مع صلاحيات مخصصة لإدارة الطلبات والمنتجات والمخزون والعملاء والتسويق والحسابات.,"Provided different staff roles with tailored permissions for order, product, inventory, customer, marketing, and accounting management.",add-en-content-field,Proposed English copy for bilingual implementation; review brand/proper-name spelling before production.
SMART-I18N-1872,database_public_cms,projects .json::متجر النجوم تليكوم,results[3].label,إدارة مخزون أكثر اتساقًا,More Consistent Inventory Management,add-en-content-field,Proposed English copy for bilingual implementation; review brand/proper-name spelling before production.
SMART-I18N-1873,database_public_cms,projects .json::متجر النجوم تليكوم,results[3].value,ربط المتغيرات بالمخازن وحجوزات المخزون ودورة تنفيذ الطلب بدل الاعتماد على كمية منتج منفصلة عن العمليات التجارية.,"Linked variants to warehouses, inventory reservations, and order fulfillment instead of relying on product quantities disconnected from commercial operations.",add-en-content-field,Proposed English copy for bilingual implementation; review brand/proper-name spelling before production.
SMART-I18N-1874,database_public_cms,projects .json::متجر النجوم تليكوم,results[4].label,توفير خدمات ذاتية للعملاء,Customer Self-Service,add-en-content-field,Proposed English copy for bilingual implementation; review brand/proper-name spelling before production.
SMART-I18N-1875,database_public_cms,projects .json::متجر النجوم تليكوم,results[4].value,تمكين العميل من إدارة حسابه وعناوينه وطلباته ومفضلته وتقييماته ونقاط الولاء والإشعارات وطلبات الدعم من واجهة واحدة.,"Enabled customers to manage their account, addresses, orders, favorites, reviews, loyalty points, notifications, and support requests from one interface.",add-en-content-field,Proposed English copy for bilingual implementation; review brand/proper-name spelling before production.
SMART-I18N-1876,database_public_cms,projects .json::متجر النجوم تليكوم,features[0],إدارة متكاملة للمنتجات والمتغيرات والتصنيفات والعلامات التجارية والمواصفات,"Integrated product, variant, category, brand, and specification management",add-en-content-field,Proposed English copy for bilingual implementation; review brand/proper-name spelling before production.
SMART-I18N-1877,database_public_cms,projects .json::متجر النجوم تليكوم,features[1],بحث وفلاتر للكتالوج مع دعم خصائص المنتجات والمتغيرات,Catalog search and filters with support for product and variant attributes,add-en-content-field,Proposed English copy for bilingual implementation; review brand/proper-name spelling before production.
SMART-I18N-1878,database_public_cms,projects .json::متجر النجوم تليكوم,features[2],إدارة المخزون والمخازن وحجوزات الكميات وتنبيهات إعادة التوفر,"Inventory, warehouse, quantity-reservation, and back-in-stock alert management",add-en-content-field,Proposed English copy for bilingual implementation; review brand/proper-name spelling before production.
SMART-I18N-1879,database_public_cms,projects .json::متجر النجوم تليكوم,features[3],سلة مشتريات وCheckout يدعم التوصيل والاستلام والكوبونات ونقاط الولاء,"Shopping cart and checkout supporting delivery, pickup, coupons, and loyalty points",add-en-content-field,Proposed English copy for bilingual implementation; review brand/proper-name spelling before production.
SMART-I18N-1880,database_public_cms,projects .json::متجر النجوم تليكوم,features[4],إدارة دورة الطلب والتجهيز والتوصيل وإنشاء الطلبات اليدوية,"Order lifecycle, preparation, delivery, and manual-order management",add-en-content-field,Proposed English copy for bilingual implementation; review brand/proper-name spelling before production.
SMART-I18N-1881,database_public_cms,projects .json::متجر النجوم تليكوم,features[5],إدارة طرق الدفع ومراجعة إثباتات الدفع والتحصيل عند الاستلام,"Payment-method management, payment-proof review, and cash on delivery",add-en-content-field,Proposed English copy for bilingual implementation; review brand/proper-name spelling before production.
SMART-I18N-1882,database_public_cms,projects .json::متجر النجوم تليكوم,features[6],حسابات عملاء تشمل العناوين والطلبات والمفضلة والتقييمات والإشعارات والدعم,"Customer accounts covering addresses, orders, favorites, reviews, notifications, and support",add-en-content-field,Proposed English copy for bilingual implementation; review brand/proper-name spelling before production.
SMART-I18N-1883,database_public_cms,projects .json::متجر النجوم تليكوم,features[7],إدارة الكوبونات والعروض المتقدمة وبرنامج الولاء والتسويق بالعمولة,"Coupons, advanced promotions, loyalty program, and affiliate marketing management",add-en-content-field,Proposed English copy for bilingual implementation; review brand/proper-name spelling before production.
SMART-I18N-1884,database_public_cms,projects .json::متجر النجوم تليكوم,features[8],إدارة السلات المتروكة واستعادتها,Abandoned-cart management and recovery,add-en-content-field,Proposed English copy for bilingual implementation; review brand/proper-name spelling before production.
SMART-I18N-1885,database_public_cms,projects .json::متجر النجوم تليكوم,features[9],إدارة فريق العمل بصلاحيات وأدوار تشغيلية مختلفة,Staff management with different operational roles and permissions,add-en-content-field,Proposed English copy for bilingual implementation; review brand/proper-name spelling before production.
SMART-I18N-1886,database_public_cms,projects .json::متجر النجوم تليكوم,features[10],لوحات تحليلات وتقارير للمبيعات والعملاء والمخزون والمدفوعات والعمليات,"Analytics and reporting dashboards for sales, customers, inventory, payments, and operations",add-en-content-field,Proposed English copy for bilingual implementation; review brand/proper-name spelling before production.
SMART-I18N-1887,database_public_cms,projects .json::متجر النجوم تليكوم,features[11],مركز دعم وإشعارات فورية وWebhooks وربط خارجي,"Support center, push notifications, webhooks, and external integrations",add-en-content-field,Proposed English copy for bilingual implementation; review brand/proper-name spelling before production.
SMART-I18N-1888,database_public_cms,projects .json::متجر النجوم تليكوم,clientName,فيصل الفزاعي,Faisal Al-Fazaei,add-en-content-field,Proposed English copy for bilingual implementation; review brand/proper-name spelling before production.
SMART-I18N-1889,database_public_cms,projects .json::متجر النجوم تليكوم,industry,التجارة الإلكترونية للاتصالات والإلكترونيات,Telecom and Electronics E-Commerce,add-en-content-field,Proposed English copy for bilingual implementation; review brand/proper-name spelling before production.
SMART-I18N-1890,database_public_cms,projects .json::متجر النجوم تليكوم,stats[0].label,المكونات التطبيقية,Application Components,add-en-content-field,Proposed English copy for bilingual implementation; review brand/proper-name spelling before production.
SMART-I18N-1891,database_public_cms,projects .json::متجر النجوم تليكوم,stats[0].description,واجهة متجر للعملاء، لوحة إدارة، وBackend API.,"Customer storefront, admin dashboard, and Backend API.",add-en-content-field,Proposed English copy for bilingual implementation; review brand/proper-name spelling before production.
SMART-I18N-1892,database_public_cms,projects .json::متجر النجوم تليكوم,stats[1].label,أدوار فريق المتجر,Store Staff Roles,add-en-content-field,Proposed English copy for bilingual implementation; review brand/proper-name spelling before production.
SMART-I18N-1893,database_public_cms,projects .json::متجر النجوم تليكوم,stats[1].description,دور المالك إضافة إلى 8 أدوار تشغيلية جاهزة بصلاحيات مختلفة.,Owner role plus 8 preconfigured operational roles with different permissions.,add-en-content-field,Proposed English copy for bilingual implementation; review brand/proper-name spelling before production.
SMART-I18N-1894,database_public_cms,projects .json::متجر النجوم تليكوم,stats[2].label,لغات واجهة المتجر,Storefront Languages,add-en-content-field,Proposed English copy for bilingual implementation; review brand/proper-name spelling before production.
SMART-I18N-1895,database_public_cms,projects .json::متجر النجوم تليكوم,stats[2].description,العربية والإنجليزية.,Arabic and English.,add-en-content-field,Proposed English copy for bilingual implementation; review brand/proper-name spelling before production.
SMART-I18N-1896,database_public_cms,projects .json::متجر النجوم تليكوم,seo.metaTitle,متجر النجوم تليكوم | منصة تجارة إلكترونية,Najoom Telecom Store | E-Commerce Platform,add-en-content-field,Proposed English copy for bilingual implementation; review brand/proper-name spelling before production.
SMART-I18N-1897,database_public_cms,projects .json::متجر النجوم تليكوم,seo.metaDescription,منصة تجارة إلكترونية لمتجر النجوم تليكوم تضم واجهة تسوق ثنائية اللغة ولوحة إدارة متكاملة لإدارة المنتجات والمخزون والطلبات والمدفوعات والعملاء.,"An e-commerce platform for Najoom Telecom featuring a bilingual storefront and an integrated admin dashboard for products, inventory, orders, payments, and customers.",add-en-content-field,Proposed English copy for bilingual implementation; review brand/proper-name spelling before production.
SMART-I18N-1898,database_public_cms,projects .json::متجر النجوم تليكوم,seo.keywords[1],تجارة إلكترونية,E-Commerce,add-en-content-field,Proposed English copy for bilingual implementation; review brand/proper-name spelling before production.
SMART-I18N-1899,database_public_cms,projects .json::متجر النجوم تليكوم,seo.keywords[2],متجر إلكترونيات,Electronics Store,add-en-content-field,Proposed English copy for bilingual implementation; review brand/proper-name spelling before production.
SMART-I18N-1900,database_public_cms,projects .json::متجر النجوم تليكوم,seo.keywords[3],متجر اتصالات,Telecom Store,add-en-content-field,Proposed English copy for bilingual implementation; review brand/proper-name spelling before production.
SMART-I18N-1901,database_public_cms,projects .json::متجر النجوم تليكوم,seo.keywords[4],إدارة المنتجات,Product Management,add-en-content-field,Proposed English copy for bilingual implementation; review brand/proper-name spelling before production.
SMART-I18N-1902,database_public_cms,projects .json::متجر النجوم تليكوم | projects .json::Kaleem Store — منصة SaaS للتجارة الإلكترونية,seo.keywords[5] | seo.keywords[7],إدارة المخزون,Inventory Management,add-en-content-field,Proposed English copy for bilingual implementation; review brand/proper-name spelling before production.
SMART-I18N-1903,database_public_cms,projects .json::متجر النجوم تليكوم | projects .json::Kaleem Store — منصة SaaS للتجارة الإلكترونية,seo.keywords[6],إدارة الطلبات,Order Management,add-en-content-field,Proposed English copy for bilingual implementation; review brand/proper-name spelling before production.
SMART-I18N-1904,database_public_cms,projects .json::متجر النجوم تليكوم,seo.keywords[7],لوحة تحكم متجر إلكتروني,E-Commerce Admin Dashboard,add-en-content-field,Proposed English copy for bilingual implementation; review brand/proper-name spelling before production.
SMART-I18N-1905,database_public_cms,projects .json::Mohd.dev — موقع Portfolio تقني ونظام إدارة محتوى,title,Mohd.dev — موقع Portfolio تقني ونظام إدارة محتوى,Mohd.dev — Technical Portfolio and Content Management System,add-en-content-field,Proposed English copy for bilingual implementation; review brand/proper-name spelling before production.
SMART-I18N-1906,database_public_cms,projects .json::Mohd.dev — موقع Portfolio تقني ونظام إدارة محتوى,summary,منصة ويب شخصية لمهندس برمجيات تجمع المشاريع والخدمات والتقنيات والمدونة والشهادات والمؤهلات في تجربة واحدة، مع لوحة إدارة متكاملة للتحكم بالمحتوى والنشر والوسائط والتواصل.,"A personal web platform for a software engineer that brings projects, services, technologies, blog content, certifications, and qualifications together in one experience, with an integrated admin dashboard for content, publishing, media, and communication management.",add-en-content-field,Proposed English copy for bilingual implementation; review brand/proper-name spelling before production.
SMART-I18N-1907,database_public_cms,projects .json::Mohd.dev — موقع Portfolio تقني ونظام إدارة محتوى,challenge,الحاجة إلى تقديم الهوية المهنية والأعمال والخدمات والخبرة التقنية والمحتوى المعرفي في منصة مركزية قابلة للتحديث، بدل الاعتماد على صفحات Portfolio ثابتة أو إدارة أقسام المحتوى بشكل منفصل، مع توفير دورة نشر منظمة وصلاحيات وإدارة وسائط وتواصل من مكان واحد.,"The need was to present professional identity, work, services, technical expertise, and educational content in a centralized and updateable platform instead of relying on static portfolio pages or separately managed content sections, while providing an organized publishing workflow, permissions, media management, and communication from one place.",add-en-content-field,Proposed English copy for bilingual implementation; review brand/proper-name spelling before production.
SMART-I18N-1908,database_public_cms,projects .json::Mohd.dev — موقع Portfolio تقني ونظام إدارة محتوى,solution,تم بناء منصة ويب عربية متكاملة تعتمد على Next.js للواجهة العامة ولوحة الإدارة، وNestJS كواجهة API مستقلة مع MongoDB. تجمع المنصة إدارة الملف الشخصي والمشاريع والخدمات والتقنيات والمدونة والشهادات والمؤهلات والروابط والأسئلة الشائعة والوسائط ورسائل التواصل، وتضيف نظام صلاحيات متعدد الأدوار، ودورة تحرير ومراجعة وجدولة للمدونة، وتخزين وسائط على Cloudflare R2، إلى جانب أدوات SEO وتتبع التفاعل وسجل العمليات.,"An integrated Arabic web platform was built using Next.js for the public website and admin dashboard, NestJS as an independent API, and MongoDB. It combines profile, project, service, technology, blog, certification, qualification, links, FAQs, media, and contact-message management. It also adds multi-role permissions, an editorial review and scheduling workflow for the blog, Cloudflare R2 media storage, SEO tools, engagement tracking, and an audit log.",add-en-content-field,Proposed English copy for bilingual implementation; review brand/proper-name spelling before production.
SMART-I18N-1909,database_public_cms,projects .json::Mohd.dev — موقع Portfolio تقني ونظام إدارة محتوى,results[0].label,مركزية المحتوى المهني,Centralized Professional Content,add-en-content-field,Proposed English copy for bilingual implementation; review brand/proper-name spelling before production.
SMART-I18N-1910,database_public_cms,projects .json::Mohd.dev — موقع Portfolio تقني ونظام إدارة محتوى,results[0].value,جمع إدارة الملف الشخصي والمشاريع والخدمات والتقنيات والشهادات والمؤهلات والمدونة والأسئلة الشائعة والروابط داخل منظومة CMS واحدة.,"Combined profile, project, service, technology, certification, qualification, blog, FAQ, and link management in one CMS.",add-en-content-field,Proposed English copy for bilingual implementation; review brand/proper-name spelling before production.
SMART-I18N-1911,database_public_cms,projects .json::Mohd.dev — موقع Portfolio تقني ونظام إدارة محتوى,results[1].label,دورة نشر منظمة,Structured Publishing Workflow,add-en-content-field,Proposed English copy for bilingual implementation; review brand/proper-name spelling before production.
SMART-I18N-1912,database_public_cms,projects .json::Mohd.dev — موقع Portfolio تقني ونظام إدارة محتوى,results[1].value,دعم المسودات والمراجعة وطلب التعديلات والاعتماد والجدولة والنشر، مع الحفظ التلقائي والإصدارات وإمكانية استعادة النسخ السابقة.,"Supports drafts, review, change requests, approval, scheduling, and publishing, with autosave, versioning, and previous-version restoration.",add-en-content-field,Proposed English copy for bilingual implementation; review brand/proper-name spelling before production.
SMART-I18N-1913,database_public_cms,projects .json::Mohd.dev — موقع Portfolio تقني ونظام إدارة محتوى,results[2].value,توزيع عمليات إنشاء المحتوى ومراجعته ونشره وإدارة النظام على أدوار وصلاحيات مستقلة.,"Distributes content creation, review, publishing, and system administration across separate roles and permissions.",add-en-content-field,Proposed English copy for bilingual implementation; review brand/proper-name spelling before production.
SMART-I18N-1914,database_public_cms,projects .json::Mohd.dev — موقع Portfolio تقني ونظام إدارة محتوى,results[3].label,إدارة وسائط موحدة,Unified Media Management,add-en-content-field,Proposed English copy for bilingual implementation; review brand/proper-name spelling before production.
SMART-I18N-1915,database_public_cms,projects .json::Mohd.dev — موقع Portfolio تقني ونظام إدارة محتوى,results[3].value,رفع الصور والمستندات إلى مكتبة مركزية مع تحسين الصور وربط استخدامها بالمحتوى وإمكانية اكتشاف وتنظيف الملفات غير المستخدمة.,"Uploads images and documents to a centralized library with image optimization, content-usage tracking, and the ability to identify and clean unused files.",add-en-content-field,Proposed English copy for bilingual implementation; review brand/proper-name spelling before production.
SMART-I18N-1916,database_public_cms,projects .json::Mohd.dev — موقع Portfolio تقني ونظام إدارة محتوى,results[4].label,جاهزية المحتوى للاكتشاف,Content Discovery Readiness,add-en-content-field,Proposed English copy for bilingual implementation; review brand/proper-name spelling before production.
SMART-I18N-1917,database_public_cms,projects .json::Mohd.dev — موقع Portfolio تقني ونظام إدارة محتوى,results[4].value,توفير Metadata وCanonical URLs وOpen Graph وStructured Data وSitemap وRobots وRSS للمحتوى العام.,"Provides Metadata, Canonical URLs, Open Graph, Structured Data, Sitemap, Robots, and RSS for public content.",add-en-content-field,Proposed English copy for bilingual implementation; review brand/proper-name spelling before production.
SMART-I18N-1918,database_public_cms,projects .json::Mohd.dev — موقع Portfolio تقني ونظام إدارة محتوى,results[5].label,متابعة النشاط والتفاعل,Activity and Engagement Tracking,add-en-content-field,Proposed English copy for bilingual implementation; review brand/proper-name spelling before production.
SMART-I18N-1919,database_public_cms,projects .json::Mohd.dev — موقع Portfolio تقني ونظام إدارة محتوى,results[5].value,تجميع مشاهدات المشاريع والمقالات ونقرات الروابط وإحصائيات المحتوى داخل لوحة التحكم، مع سجل تدقيقي للعمليات الإدارية.,"Aggregates project and article views, link clicks, and content statistics inside the dashboard, with an audit trail for administrative actions.",add-en-content-field,Proposed English copy for bilingual implementation; review brand/proper-name spelling before production.
SMART-I18N-1920,database_public_cms,projects .json::Mohd.dev — موقع Portfolio تقني ونظام إدارة محتوى,features[0],واجهة Portfolio عربية لعرض المشاريع والخدمات والتقنيات والخبرة المهنية,"Arabic portfolio interface for showcasing projects, services, technologies, and professional experience",add-en-content-field,Proposed English copy for bilingual implementation; review brand/proper-name spelling before production.
SMART-I18N-1921,database_public_cms,projects .json::Mohd.dev — موقع Portfolio تقني ونظام إدارة محتوى,features[1],لوحة إدارة مركزية للمحتوى والوسائط والتواصل,"Central admin dashboard for content, media, and communication",add-en-content-field,Proposed English copy for bilingual implementation; review brand/proper-name spelling before production.
SMART-I18N-1922,database_public_cms,projects .json::Mohd.dev — موقع Portfolio تقني ونظام إدارة محتوى,features[2],إدارة الشهادات المهنية والمؤهلات الأكاديمية وصفحات التفاصيل الخاصة بها,Professional certification and academic qualification management with dedicated detail pages,add-en-content-field,Proposed English copy for bilingual implementation; review brand/proper-name spelling before production.
SMART-I18N-1923,database_public_cms,projects .json::Mohd.dev — موقع Portfolio تقني ونظام إدارة محتوى,features[3],مدونة تقنية متقدمة تعتمد Markdown وتدعم الأكواد والمخططات والجداول والوسائط,"Advanced technical blog using Markdown with support for code, diagrams, tables, and media",add-en-content-field,Proposed English copy for bilingual implementation; review brand/proper-name spelling before production.
SMART-I18N-1924,database_public_cms,projects .json::Mohd.dev — موقع Portfolio تقني ونظام إدارة محتوى,features[4],دورة تحرير ومراجعة واعتماد وجدولة ونشر للمقالات مع الحفظ التلقائي والإصدارات,"Editorial review, approval, scheduling, and publishing workflow with autosave and versioning",add-en-content-field,Proposed English copy for bilingual implementation; review brand/proper-name spelling before production.
SMART-I18N-1925,database_public_cms,projects .json::Mohd.dev — موقع Portfolio تقني ونظام إدارة محتوى,features[5],نظام تسجيل دخول وصلاحيات متعدد الأدوار للمحررين والمديرين,Multi-role authentication and permission system for editors and administrators,add-en-content-field,Proposed English copy for bilingual implementation; review brand/proper-name spelling before production.
SMART-I18N-1926,database_public_cms,projects .json::Mohd.dev — موقع Portfolio تقني ونظام إدارة محتوى,features[6],مكتبة وسائط مرتبطة بـ Cloudflare R2 مع معالجة وتحسين الصور ودعم ملفات PDF,Cloudflare R2-backed media library with image processing and optimization plus PDF support,add-en-content-field,Proposed English copy for bilingual implementation; review brand/proper-name spelling before production.
SMART-I18N-1927,database_public_cms,projects .json::Mohd.dev — موقع Portfolio تقني ونظام إدارة محتوى,features[7],نظام تواصل مع مكافحة الرسائل المزعجة وCloudflare Turnstile وإشعارات البريد الإلكتروني,"Contact system with anti-spam protection, Cloudflare Turnstile, and email notifications",add-en-content-field,Proposed English copy for bilingual implementation; review brand/proper-name spelling before production.
SMART-I18N-1928,database_public_cms,projects .json::Mohd.dev — موقع Portfolio تقني ونظام إدارة محتوى,features[8],بحث وفلاتر وترتيب وتقسيم صفحات لموارد لوحة الإدارة والمحتوى,"Search, filtering, sorting, and pagination for admin and content resources",add-en-content-field,Proposed English copy for bilingual implementation; review brand/proper-name spelling before production.
SMART-I18N-1929,database_public_cms,projects .json::Mohd.dev — موقع Portfolio تقني ونظام إدارة محتوى,features[9],SEO ديناميكي مع Structured Data وSitemap وRobots وRSS,"Dynamic SEO with Structured Data, Sitemap, Robots, and RSS",add-en-content-field,Proposed English copy for bilingual implementation; review brand/proper-name spelling before production.
SMART-I18N-1930,database_public_cms,projects .json::Mohd.dev — موقع Portfolio تقني ونظام إدارة محتوى,features[10],لوحة إحصائيات لمتابعة المحتوى والمشاهدات ونقرات الروابط والرسائل,"Analytics dashboard for content, views, link clicks, and messages",add-en-content-field,Proposed English copy for bilingual implementation; review brand/proper-name spelling before production.
SMART-I18N-1931,database_public_cms,projects .json::Mohd.dev — موقع Portfolio تقني ونظام إدارة محتوى,features[11],سجل تدقيقي للعمليات والتغييرات الإدارية,Audit trail for administrative actions and changes,add-en-content-field,Proposed English copy for bilingual implementation; review brand/proper-name spelling before production.
SMART-I18N-1932,database_public_cms,projects .json::Mohd.dev — موقع Portfolio تقني ونظام إدارة محتوى,industry,الخدمات التقنية والبرمجيات,Technology Services and Software,add-en-content-field,Proposed English copy for bilingual implementation; review brand/proper-name spelling before production.
SMART-I18N-1933,database_public_cms,projects .json::Mohd.dev — موقع Portfolio تقني ونظام إدارة محتوى,stats[0].label,واجهات الويب,Web Interfaces,add-en-content-field,Proposed English copy for bilingual implementation; review brand/proper-name spelling before production.
SMART-I18N-1934,database_public_cms,projects .json::Mohd.dev — موقع Portfolio تقني ونظام إدارة محتوى,stats[0].description,واجهة عامة ولوحة إدارة ضمن تطبيق Next.js,Public interface and admin dashboard within a Next.js application,add-en-content-field,Proposed English copy for bilingual implementation; review brand/proper-name spelling before production.
SMART-I18N-1935,database_public_cms,projects .json::Mohd.dev — موقع Portfolio تقني ونظام إدارة محتوى,stats[1].label,أدوار النظام,System Roles,add-en-content-field,Proposed English copy for bilingual implementation; review brand/proper-name spelling before production.
SMART-I18N-1936,database_public_cms,projects .json::Mohd.dev — موقع Portfolio تقني ونظام إدارة محتوى,stats[1].description,Admin وEditor وPublisher وReviewer وAuthor,"Admin, Editor, Publisher, Reviewer, and Author",add-en-content-field,Proposed English copy for bilingual implementation; review brand/proper-name spelling before production.
SMART-I18N-1937,database_public_cms,projects .json::Mohd.dev — موقع Portfolio تقني ونظام إدارة محتوى,stats[2].label,وحدات الباك إند,Backend Modules,add-en-content-field,Proposed English copy for bilingual implementation; review brand/proper-name spelling before production.
SMART-I18N-1938,database_public_cms,projects .json::Mohd.dev — موقع Portfolio تقني ونظام إدارة محتوى,stats[2].description,وحدات وظيفية مستقلة داخل Backend NestJS,Independent functional modules within the NestJS Backend,add-en-content-field,Proposed English copy for bilingual implementation; review brand/proper-name spelling before production.
SMART-I18N-1939,database_public_cms,projects .json::Mohd.dev — موقع Portfolio تقني ونظام إدارة محتوى,seo.metaTitle,Mohd.dev | موقع Portfolio تقني ونظام إدارة محتوى,Mohd.dev | Technical Portfolio and Content Management System,add-en-content-field,Proposed English copy for bilingual implementation; review brand/proper-name spelling before production.
SMART-I18N-1940,database_public_cms,projects .json::Mohd.dev — موقع Portfolio تقني ونظام إدارة محتوى,seo.metaDescription,منصة Portfolio عربية لمهندس برمجيات تعرض المشاريع والخدمات والمدونة والشهادات والخبرة المهنية، مع لوحة إدارة متكاملة ونظام نشر ومكتبة وسائط وBackend API.,"An Arabic portfolio platform for a software engineer showcasing projects, services, blog content, certifications, and professional experience, with an integrated admin dashboard, publishing system, media library, and Backend API.",add-en-content-field,Proposed English copy for bilingual implementation; review brand/proper-name spelling before production.
SMART-I18N-1941,database_public_cms,projects .json::Mohd.dev — موقع Portfolio تقني ونظام إدارة محتوى,seo.keywords[1],موقع شخصي للمبرمج,Programmer Personal Website,add-en-content-field,Proposed English copy for bilingual implementation; review brand/proper-name spelling before production.
SMART-I18N-1942,database_public_cms,projects .json::Mohd.dev — موقع Portfolio تقني ونظام إدارة محتوى,seo.keywords[2],Portfolio مطور برمجيات,Software Developer Portfolio,add-en-content-field,Proposed English copy for bilingual implementation; review brand/proper-name spelling before production.
SMART-I18N-1943,database_public_cms,projects .json::Mohd.dev — موقع Portfolio تقني ونظام إدارة محتوى | projects .json::موقع الوصابي للتجارة | projects .json::موقع أساس الأعماق للمقاولات,seo.keywords[3] | seo.keywords[4],نظام إدارة محتوى,Content Management System,add-en-content-field,Proposed English copy for bilingual implementation; review brand/proper-name spelling before production.
SMART-I18N-1944,database_public_cms,projects .json::Mohd.dev — موقع Portfolio تقني ونظام إدارة محتوى,seo.keywords[4],مدونة تقنية,Technical Blog,add-en-content-field,Proposed English copy for bilingual implementation; review brand/proper-name spelling before production.
SMART-I18N-1945,database_public_cms,projects .json::Mohd.dev — موقع Portfolio تقني ونظام إدارة محتوى | projects .json::موقع الوصابي للتجارة | projects .json::موقع إيمان جميل الشخصي ومعرض الأعمال,seo.keywords[8] | seo.keywords[5] | seo.keywords[7],لوحة تحكم,Admin Dashboard,add-en-content-field,Proposed English copy for bilingual implementation; review brand/proper-name spelling before production.
SMART-I18N-1946,database_public_cms,projects .json::Mohd.dev — موقع Portfolio تقني ونظام إدارة محتوى,seo.keywords[9],هندسة البرمجيات,Software Engineering,add-en-content-field,Proposed English copy for bilingual implementation; review brand/proper-name spelling before production.
SMART-I18N-1947,database_public_cms,projects .json::موقع الوصابي للتجارة,title | seo.keywords[0],موقع الوصابي للتجارة,Al-Wasabi Trading Website,add-en-content-field,Proposed English copy for bilingual implementation; review brand/proper-name spelling before production.
SMART-I18N-1948,database_public_cms,projects .json::موقع الوصابي للتجارة,summary,موقع مؤسسي ثنائي اللغة للوصابي للتجارة، يعرّف بالشركة ويقدم كتالوجًا رقميًا للمنتجات والعلامات التجارية ومدونة متكاملة، مع لوحة إدارة مركزية لتحديث المحتوى وإدارته.,"A bilingual corporate website for Al-Wasabi Trading that introduces the company and provides a digital catalog of products and brands plus an integrated blog, with a centralized admin dashboard for updating and managing content.",add-en-content-field,Proposed English copy for bilingual implementation; review brand/proper-name spelling before production.
SMART-I18N-1949,database_public_cms,projects .json::موقع الوصابي للتجارة,challenge,الحاجة إلى تقديم هوية الوصابي للتجارة ومنتجاتها وعلاماتها التجارية وشبكة توزيعها ومحتواها في موقع مركزي ثنائي اللغة، مع تمكين فريق الشركة من إدارة الكتالوج والمدونة والوسائط والمحتوى الإداري دون الاعتماد على تعديل صفحات الموقع برمجيًا في كل تحديث.,"The need was to present Al-Wasabi Trading’s identity, products, brands, distribution network, and content through one centralized bilingual website while enabling the company team to manage the catalog, blog, media, and administrative content without requiring code changes for every update.",add-en-content-field,Proposed English copy for bilingual implementation; review brand/proper-name spelling before production.
SMART-I18N-1950,database_public_cms,projects .json::موقع الوصابي للتجارة,solution,تم بناء منظومة ويب مكونة من موقع عام ثنائي اللغة، ولوحة إدارة مستقلة، وواجهة API مركزية. يعرض الموقع معلومات الشركة وكتالوج المنتجات والعلامات والفئات والفروع والمدونة ويوجه طلبات عروض الأسعار إلى واتساب، بينما تتيح لوحة الإدارة إدارة المحتوى والوسائط والمستخدمين والصلاحيات وحالات النشر. ويتولى الـAPI تخزين البيانات في PostgreSQL، وإدارة المصادقة والصلاحيات، ومعالجة الصور، وتوفير المحتوى للموقع بشكل منظم.,"A web ecosystem was built consisting of a bilingual public website, an independent admin dashboard, and a centralized API. The site presents company information, the product catalog, brands, categories, branches, and blog, and routes quotation requests to WhatsApp. The admin dashboard manages content, media, users, permissions, and publishing states. The API stores data in PostgreSQL, handles authentication and permissions, processes images, and serves structured content to the website.",add-en-content-field,Proposed English copy for bilingual implementation; review brand/proper-name spelling before production.
SMART-I18N-1951,database_public_cms,projects .json::موقع الوصابي للتجارة,results[0].label,إدارة مركزية للمحتوى,Centralized Content Management,add-en-content-field,Proposed English copy for bilingual implementation; review brand/proper-name spelling before production.
SMART-I18N-1952,database_public_cms,projects .json::موقع الوصابي للتجارة,results[0].value,إتاحة إدارة المنتجات والفئات والعلامات والمدونة والوسائط والإعدادات من لوحة تحكم واحدة بدل ربط المحتوى مباشرة بالكود.,"Manage products, categories, brands, blog content, media, and settings from one dashboard instead of coupling content directly to code.",add-en-content-field,Proposed English copy for bilingual implementation; review brand/proper-name spelling before production.
SMART-I18N-1953,database_public_cms,projects .json::موقع الوصابي للتجارة,results[1].label,تجربة ثنائية اللغة,Bilingual Experience,add-en-content-field,Proposed English copy for bilingual implementation; review brand/proper-name spelling before production.
SMART-I18N-1954,database_public_cms,projects .json::موقع الوصابي للتجارة,results[1].value,توفير محتوى ومسارات وبيانات SEO منفصلة بالعربية والإنجليزية للمنتجات والفئات والمقالات.,"Separate Arabic and English content, routes, and SEO data for products, categories, and articles.",add-en-content-field,Proposed English copy for bilingual implementation; review brand/proper-name spelling before production.
SMART-I18N-1955,database_public_cms,projects .json::موقع الوصابي للتجارة,results[2].label,كتالوج رقمي قابل للبحث,Searchable Digital Catalog,add-en-content-field,Proposed English copy for bilingual implementation; review brand/proper-name spelling before production.
SMART-I18N-1956,database_public_cms,projects .json::موقع الوصابي للتجارة,results[2].value,تنظيم المنتجات داخل فئات وعلامات تجارية مع البحث والتصفية والتنقل إلى صفحات تفاصيل مستقلة دون تحويل الموقع إلى متجر إلكتروني.,"Organize products into categories and brands with search, filtering, and dedicated detail pages without turning the website into an e-commerce store.",add-en-content-field,Proposed English copy for bilingual implementation; review brand/proper-name spelling before production.
SMART-I18N-1957,database_public_cms,projects .json::موقع الوصابي للتجارة,results[3].label,حوكمة الإدارة,Administration Governance,add-en-content-field,Proposed English copy for bilingual implementation; review brand/proper-name spelling before production.
SMART-I18N-1958,database_public_cms,projects .json::موقع الوصابي للتجارة,results[3].value,فصل صلاحيات المستخدمين عبر الأدوار والصلاحيات مع تسجيل النشاطات الإدارية وحالات واضحة لنشر المحتوى.,"Separate user access through roles and permissions, record administrative activity, and maintain clear content-publishing states.",add-en-content-field,Proposed English copy for bilingual implementation; review brand/proper-name spelling before production.
SMART-I18N-1959,database_public_cms,projects .json::موقع الوصابي للتجارة,results[4].label,توحيد إدارة الوسائط,Unified Media Management,add-en-content-field,Proposed English copy for bilingual implementation; review brand/proper-name spelling before production.
SMART-I18N-1960,database_public_cms,projects .json::موقع الوصابي للتجارة,results[4].value,توفير مكتبة وسائط مركزية مع تحسين الصور وإنشاء أحجام متعددة وإمكانية استخدام تخزين S3-compatible.,"A centralized media library with image optimization, multiple generated sizes, and S3-compatible storage support.",add-en-content-field,Proposed English copy for bilingual implementation; review brand/proper-name spelling before production.
SMART-I18N-1961,database_public_cms,projects .json::موقع الوصابي للتجارة,features[0],موقع مؤسسي متجاوب يدعم العربية والإنجليزية وRTL,"Responsive corporate website supporting Arabic, English, and RTL",add-en-content-field,Proposed English copy for bilingual implementation; review brand/proper-name spelling before production.
SMART-I18N-1962,database_public_cms,projects .json::موقع الوصابي للتجارة,features[1],كتالوج منتجات رقمي بدون أسعار أو عمليات شراء,Digital product catalog without prices or purchasing flows,add-en-content-field,Proposed English copy for bilingual implementation; review brand/proper-name spelling before production.
SMART-I18N-1963,database_public_cms,projects .json::موقع الوصابي للتجارة,features[2],إدارة الفئات والعلامات التجارية وصفحات تفاصيل المنتجات,"Category, brand, and product-detail page management",add-en-content-field,Proposed English copy for bilingual implementation; review brand/proper-name spelling before production.
SMART-I18N-1964,database_public_cms,projects .json::موقع الوصابي للتجارة,features[3],البحث عن المنتجات والتصفية حسب الفئة والعلامة التجارية,Product search and filtering by category and brand,add-en-content-field,Proposed English copy for bilingual implementation; review brand/proper-name spelling before production.
SMART-I18N-1965,database_public_cms,projects .json::موقع الوصابي للتجارة,features[4],مدونة متكاملة مع تصنيفات ووسوم ومحرر محتوى غني,"Integrated blog with categories, tags, and rich-content editor",add-en-content-field,Proposed English copy for bilingual implementation; review brand/proper-name spelling before production.
SMART-I18N-1966,database_public_cms,projects .json::موقع الوصابي للتجارة,features[5],إدارة حالات نشر المحتوى والمسودات والمحتوى المميز,"Publishing-state, draft, and featured-content management",add-en-content-field,Proposed English copy for bilingual implementation; review brand/proper-name spelling before production.
SMART-I18N-1967,database_public_cms,projects .json::موقع الوصابي للتجارة,features[6],إدارة SEO مستقلة للمحتوى العربي والإنجليزي,Independent SEO management for Arabic and English content,add-en-content-field,Proposed English copy for bilingual implementation; review brand/proper-name spelling before production.
SMART-I18N-1968,database_public_cms,projects .json::موقع الوصابي للتجارة,features[7],مكتبة وسائط مع معالجة الصور وإنشاء أحجام متعددة,Media library with image processing and multiple generated sizes,add-en-content-field,Proposed English copy for bilingual implementation; review brand/proper-name spelling before production.
SMART-I18N-1969,database_public_cms,projects .json::موقع الوصابي للتجارة,features[8],إدارة المستخدمين والأدوار والصلاحيات,"User, role, and permission management",add-en-content-field,Proposed English copy for bilingual implementation; review brand/proper-name spelling before production.
SMART-I18N-1970,database_public_cms,projects .json::موقع الوصابي للتجارة,features[9],Dashboard وسجل للعمليات والتغييرات الإدارية,Dashboard and administrative audit log,add-en-content-field,Proposed English copy for bilingual implementation; review brand/proper-name spelling before production.
SMART-I18N-1971,database_public_cms,projects .json::موقع الوصابي للتجارة,features[10],طلب عرض سعر والتواصل المباشر عبر WhatsApp,Request a quotation and contact directly through WhatsApp,add-en-content-field,Proposed English copy for bilingual implementation; review brand/proper-name spelling before production.
SMART-I18N-1972,database_public_cms,projects .json::موقع الوصابي للتجارة,features[11],استيراد بيانات الكتالوج من ملفات CSV وXLSX,Catalog data import from CSV and XLSX files,add-en-content-field,Proposed English copy for bilingual implementation; review brand/proper-name spelling before production.
SMART-I18N-1973,database_public_cms,projects .json::موقع الوصابي للتجارة,clientName | seo.keywords[1],الوصابي للتجارة,Al-Wasabi Trading,add-en-content-field,Proposed English copy for bilingual implementation; review brand/proper-name spelling before production.
SMART-I18N-1974,database_public_cms,projects .json::موقع الوصابي للتجارة,industry,التجارة والتوزيع,Trading and Distribution,add-en-content-field,Proposed English copy for bilingual implementation; review brand/proper-name spelling before production.
SMART-I18N-1975,database_public_cms,projects .json::موقع الوصابي للتجارة,stats[0].description,موقع عام ولوحة إدارة وواجهة API مستقلة,"Public website, admin dashboard, and independent API",add-en-content-field,Proposed English copy for bilingual implementation; review brand/proper-name spelling before production.
SMART-I18N-1976,database_public_cms,projects .json::موقع الوصابي للتجارة | projects .json::موقع أساس الأعماق للمقاولات,stats[1].label | stats[0].label,اللغات,Languages,add-en-content-field,Proposed English copy for bilingual implementation; review brand/proper-name spelling before production.
SMART-I18N-1977,database_public_cms,projects .json::موقع الوصابي للتجارة,stats[1].description,العربية والإنجليزية,Arabic and English,add-en-content-field,Proposed English copy for bilingual implementation; review brand/proper-name spelling before production.
SMART-I18N-1978,database_public_cms,projects .json::موقع الوصابي للتجارة,stats[2].label,الأدوار الإدارية الافتراضية,Default Administrative Roles,add-en-content-field,Proposed English copy for bilingual implementation; review brand/proper-name spelling before production.
SMART-I18N-1979,database_public_cms,projects .json::موقع الوصابي للتجارة,stats[2].description,Super Admin وContent Manager وBlog Editor,"Super Admin, Content Manager, and Blog Editor",add-en-content-field,Proposed English copy for bilingual implementation; review brand/proper-name spelling before production.
SMART-I18N-1980,database_public_cms,projects .json::موقع الوصابي للتجارة,seo.metaTitle,موقع الوصابي للتجارة | موقع مؤسسي وكتالوج رقمي,Al-Wasabi Trading | Corporate Website and Digital Catalog,add-en-content-field,Proposed English copy for bilingual implementation; review brand/proper-name spelling before production.
SMART-I18N-1981,database_public_cms,projects .json::موقع الوصابي للتجارة,seo.metaDescription,تطوير موقع ثنائي اللغة للوصابي للتجارة يضم كتالوج منتجات وعلامات تجارية ومدونة ولوحة إدارة متكاملة لإدارة المحتوى والوسائط والمستخدمين والصلاحيات.,"A bilingual website for Al-Wasabi Trading featuring a product catalog, brands, a blog, and an integrated admin dashboard for content, media, user, and permission management.",add-en-content-field,Proposed English copy for bilingual implementation; review brand/proper-name spelling before production.
SMART-I18N-1982,database_public_cms,projects .json::موقع الوصابي للتجارة,seo.keywords[2],موقع شركات,Corporate Website,add-en-content-field,Proposed English copy for bilingual implementation; review brand/proper-name spelling before production.
SMART-I18N-1983,database_public_cms,projects .json::موقع الوصابي للتجارة | projects .json::موقع أساس الأعماق للمقاولات,seo.keywords[6] | seo.keywords[3],موقع ثنائي اللغة,Bilingual Website,add-en-content-field,Proposed English copy for bilingual implementation; review brand/proper-name spelling before production.
SMART-I18N-1984,database_public_cms,projects .json::موقع أساس الأعماق للمقاولات,title,موقع أساس الأعماق للمقاولات,Asas Al-Amaq Contracting Website,add-en-content-field,Proposed English copy for bilingual implementation; review brand/proper-name spelling before production.
SMART-I18N-1985,database_public_cms,projects .json::موقع أساس الأعماق للمقاولات,summary,موقع مؤسسي ثنائي اللغة لشركة أساس الأعماق للمقاولات، يعرض خدمات هندسة الأرض والمشاريع الميدانية، مع لوحة إدارة ومدونة ومكتبة وسائط لإدارة المحتوى ودعم الظهور في محركات البحث.,"A bilingual corporate website for Asas Al-Amaq Contracting that showcases geotechnical engineering services and field projects, with an admin dashboard, blog, and media library for content management and search-engine visibility.",add-en-content-field,Proposed English copy for bilingual implementation; review brand/proper-name spelling before production.
SMART-I18N-1986,database_public_cms,projects .json::موقع أساس الأعماق للمقاولات,challenge,الحاجة إلى تقديم خدمات شركة متخصصة في هندسة الأرض وسند الحفريات بصورة رقمية واضحة وموثوقة بالعربية والإنجليزية، مع عرض الأعمال الميدانية وتسهيل وصول العملاء إلى قنوات التواصل، وفي الوقت نفسه تمكين فريق الشركة من تحديث المشاريع والمقالات والوسائط وبيانات الموقع دون الحاجة إلى تعديل الواجهة البرمجية في كل مرة.,"The need was to present the services of a company specializing in geotechnical engineering and excavation support clearly and reliably in Arabic and English, showcase field work, and make communication channels easy for customers to reach, while enabling the company team to update projects, articles, media, and site information without modifying frontend code every time.",add-en-content-field,Proposed English copy for bilingual implementation; review brand/proper-name spelling before production.
SMART-I18N-1987,database_public_cms,projects .json::موقع أساس الأعماق للمقاولات,solution,تم بناء موقع مؤسسي متجاوب وثنائي اللغة باستخدام Next.js، يعرض خدمات الشركة ومنهجية العمل والمشاريع والمحتوى الهندسي ضمن تجربة بصرية مخصصة لهوية أساس الأعماق. وربط الموقع بنظام CMS مستقل مبني بـNestJS وMongoDB يتيح إدارة المقالات والمشاريع والتصنيفات والوسائط وإعدادات الموقع من لوحة تحكم محمية، مع تخزين الملفات في Cloudflare R2، وإضافة بنية SEO تشمل الصفحات الديناميكية وSitemap وStructured Data وتتبع التفاعلات عبر Google Tag Manager.,"A responsive bilingual corporate website was built with Next.js to present the company’s services, methodology, projects, and engineering content through a visual experience tailored to the Asas Al-Amaq identity. The site was connected to an independent CMS built with NestJS and MongoDB that lets administrators manage articles, projects, categories, media, and site settings from a protected dashboard. Files are stored in Cloudflare R2, and the SEO architecture includes dynamic pages, sitemap, Structured Data, and interaction tracking through Google Tag Manager.",add-en-content-field,Proposed English copy for bilingual implementation; review brand/proper-name spelling before production.
SMART-I18N-1988,database_public_cms,projects .json::موقع أساس الأعماق للمقاولات,results[0].label,إدارة المحتوى مركزيًا,Centralized Content Management,add-en-content-field,Proposed English copy for bilingual implementation; review brand/proper-name spelling before production.
SMART-I18N-1989,database_public_cms,projects .json::موقع أساس الأعماق للمقاولات,results[0].value,تمكين إدارة المقالات والمشاريع والتصنيفات والوسائط وبيانات الموقع من لوحة تحكم بدل ربط جميع التحديثات مباشرة بالسورس.,"Enabled articles, projects, categories, media, and site information to be managed from an admin dashboard instead of coupling all updates directly to source code.",add-en-content-field,Proposed English copy for bilingual implementation; review brand/proper-name spelling before production.
SMART-I18N-1990,database_public_cms,projects .json::موقع أساس الأعماق للمقاولات,results[1].label,حضور ثنائي اللغة,Bilingual Presence,add-en-content-field,Proposed English copy for bilingual implementation; review brand/proper-name spelling before production.
SMART-I18N-1991,database_public_cms,projects .json::موقع أساس الأعماق للمقاولات,results[1].value,توفير تجربة عربية وإنجليزية مع دعم RTL وLTR ومسارات وروابط SEO مستقلة لكل لغة.,Provides Arabic and English experiences with RTL/LTR support and separate SEO routes and links for each language.,add-en-content-field,Proposed English copy for bilingual implementation; review brand/proper-name spelling before production.
SMART-I18N-1992,database_public_cms,projects .json::موقع أساس الأعماق للمقاولات,results[2].label,تنظيم عرض المشاريع,Structured Project Showcase,add-en-content-field,Proposed English copy for bilingual implementation; review brand/proper-name spelling before production.
SMART-I18N-1993,database_public_cms,projects .json::موقع أساس الأعماق للمقاولات,results[2].value,تحويل معرض الأعمال إلى محتوى مصنف وديناميكي مع إمكانية تفعيل صفحة تفاصيل مستقلة لكل مشروع.,"Transforms the portfolio into categorized, dynamic content with the option to enable a dedicated detail page for each project.",add-en-content-field,Proposed English copy for bilingual implementation; review brand/proper-name spelling before production.
SMART-I18N-1994,database_public_cms,projects .json::موقع أساس الأعماق للمقاولات,results[3].label,جاهزية تقنية لمحركات البحث,Search-Engine Technical Readiness,add-en-content-field,Proposed English copy for bilingual implementation; review brand/proper-name spelling before production.
SMART-I18N-1995,database_public_cms,projects .json::موقع أساس الأعماق للمقاولات,results[3].value,إضافة Metadata وCanonical وhreflang وSitemap ديناميكي وRobots وStructured Data للموقع والمحتوى.,"Adds Metadata, Canonical, hreflang, dynamic Sitemap, Robots, and Structured Data for the site and its content.",add-en-content-field,Proposed English copy for bilingual implementation; review brand/proper-name spelling before production.
SMART-I18N-1996,database_public_cms,projects .json::موقع أساس الأعماق للمقاولات,results[4].label,تسهيل التواصل وقياس التفاعل,Easier Communication and Interaction Measurement,add-en-content-field,Proposed English copy for bilingual implementation; review brand/proper-name spelling before production.
SMART-I18N-1997,database_public_cms,projects .json::موقع أساس الأعماق للمقاولات,results[4].value,ربط WhatsApp والهاتف والبريد بنقاط اتصال مباشرة مع تسجيل أحداث التفاعل عبر Google Tag Manager.,"Connects WhatsApp, phone, and email as direct contact points while recording interaction events through Google Tag Manager.",add-en-content-field,Proposed English copy for bilingual implementation; review brand/proper-name spelling before production.
SMART-I18N-1998,database_public_cms,projects .json::موقع أساس الأعماق للمقاولات,results[5].label,إدارة مستقلة للوسائط,Independent Media Management,add-en-content-field,Proposed English copy for bilingual implementation; review brand/proper-name spelling before production.
SMART-I18N-1999,database_public_cms,projects .json::موقع أساس الأعماق للمقاولات,results[5].value,توفير مكتبة وسائط للصور وملفات PDF مع تخزينها في Cloudflare R2 وإدارة النصوص البديلة بالعربية والإنجليزية.,"Provides a media library for images and PDF files stored in Cloudflare R2, with Arabic and English alternative-text management.",add-en-content-field,Proposed English copy for bilingual implementation; review brand/proper-name spelling before production.
SMART-I18N-2000,database_public_cms,projects .json::موقع أساس الأعماق للمقاولات,features[0],موقع مؤسسي ثنائي اللغة بالعربية والإنجليزية مع دعم RTL وLTR,Bilingual Arabic-English corporate website with RTL and LTR support,add-en-content-field,Proposed English copy for bilingual implementation; review brand/proper-name spelling before production.
SMART-I18N-2001,database_public_cms,projects .json::موقع أساس الأعماق للمقاولات,features[1],عرض تفاعلي لخدمات هندسة الأرض وسند الحفريات,Interactive showcase of geotechnical engineering and excavation-support services,add-en-content-field,Proposed English copy for bilingual implementation; review brand/proper-name spelling before production.
SMART-I18N-2002,database_public_cms,projects .json::موقع أساس الأعماق للمقاولات,features[2],معرض مشاريع ديناميكي مع التصنيفات وعرض الصور,Dynamic project portfolio with categories and image galleries,add-en-content-field,Proposed English copy for bilingual implementation; review brand/proper-name spelling before production.
SMART-I18N-2003,database_public_cms,projects .json::موقع أساس الأعماق للمقاولات,features[3],صفحات تفاصيل مستقلة وقابلة للتفعيل للمشاريع,"Dedicated, optionally enabled project detail pages",add-en-content-field,Proposed English copy for bilingual implementation; review brand/proper-name spelling before production.
SMART-I18N-2004,database_public_cms,projects .json::موقع أساس الأعماق للمقاولات,features[4],مدونة ديناميكية مع التصنيفات والترقيم ومحتوى Markdown,"Dynamic blog with categories, pagination, and Markdown content",add-en-content-field,Proposed English copy for bilingual implementation; review brand/proper-name spelling before production.
SMART-I18N-2005,database_public_cms,projects .json::موقع أساس الأعماق للمقاولات,features[5],لوحة إدارة محمية لإدارة المقالات والمشاريع والتصنيفات,"Protected admin dashboard for article, project, and category management",add-en-content-field,Proposed English copy for bilingual implementation; review brand/proper-name spelling before production.
SMART-I18N-2006,database_public_cms,projects .json::موقع أساس الأعماق للمقاولات,features[6],مكتبة وسائط للصور وملفات PDF مرتبطة بـCloudflare R2,Cloudflare R2-backed media library for images and PDF files,add-en-content-field,Proposed English copy for bilingual implementation; review brand/proper-name spelling before production.
SMART-I18N-2007,database_public_cms,projects .json::موقع أساس الأعماق للمقاولات,features[7],إدارة بيانات التواصل والموقع والشبكات الاجتماعية وملف الشركة,"Contact information, location, social links, and company-profile management",add-en-content-field,Proposed English copy for bilingual implementation; review brand/proper-name spelling before production.
SMART-I18N-2008,database_public_cms,projects .json::موقع أساس الأعماق للمقاولات,features[8],حالات مسودة ونشر للمقالات والمشاريع,Draft and published states for articles and projects,add-en-content-field,Proposed English copy for bilingual implementation; review brand/proper-name spelling before production.
SMART-I18N-2009,database_public_cms,projects .json::موقع أساس الأعماق للمقاولات,features[9],إعدادات SEO مستقلة للمحتوى العربي والإنجليزي,Independent SEO settings for Arabic and English content,add-en-content-field,Proposed English copy for bilingual implementation; review brand/proper-name spelling before production.
SMART-I18N-2010,database_public_cms,projects .json::موقع أساس الأعماق للمقاولات,features[10],Sitemap وRobots وCanonical وhreflang وStructured Data,"Sitemap, Robots, Canonical, hreflang, and Structured Data",add-en-content-field,Proposed English copy for bilingual implementation; review brand/proper-name spelling before production.
SMART-I18N-2011,database_public_cms,projects .json::موقع أساس الأعماق للمقاولات,features[11],تتبع التفاعلات وقنوات التواصل عبر Google Tag Manager,Interaction and contact-channel tracking through Google Tag Manager,add-en-content-field,Proposed English copy for bilingual implementation; review brand/proper-name spelling before production.
SMART-I18N-2012,database_public_cms,projects .json::موقع أساس الأعماق للمقاولات,clientName,اساس الاعماق,Asas Al-Amaq,add-en-content-field,Proposed English copy for bilingual implementation; review brand/proper-name spelling before production.
SMART-I18N-2013,database_public_cms,projects .json::موقع أساس الأعماق للمقاولات,industry,المقاولات والهندسة الأرضية,Contracting and Geotechnical Engineering,add-en-content-field,Proposed English copy for bilingual implementation; review brand/proper-name spelling before production.
SMART-I18N-2014,database_public_cms,projects .json::موقع أساس الأعماق للمقاولات,stats[0].description,واجهة عربية وإنجليزية مع دعم اتجاهي RTL وLTR.,Arabic and English interfaces with RTL and LTR direction support.,add-en-content-field,Proposed English copy for bilingual implementation; review brand/proper-name spelling before production.
SMART-I18N-2015,database_public_cms,projects .json::موقع أساس الأعماق للمقاولات,stats[1].label,واجهات الاستخدام,User Interfaces,add-en-content-field,Proposed English copy for bilingual implementation; review brand/proper-name spelling before production.
SMART-I18N-2016,database_public_cms,projects .json::موقع أساس الأعماق للمقاولات,stats[1].description,موقع عام للعملاء ولوحة إدارة داخلية للمحتوى.,Public customer website and internal content-management dashboard.,add-en-content-field,Proposed English copy for bilingual implementation; review brand/proper-name spelling before production.
SMART-I18N-2017,database_public_cms,projects .json::موقع أساس الأعماق للمقاولات,stats[2].label,أقسام الصفحة الرئيسية,Homepage Sections,add-en-content-field,Proposed English copy for bilingual implementation; review brand/proper-name spelling before production.
SMART-I18N-2018,database_public_cms,projects .json::موقع أساس الأعماق للمقاولات,stats[2].description,أقسام رئيسية تشمل المقدمة والمخاطر والتعريف والخدمات والتنفيذ والقدرات والسلامة والمشاريع والتواصل.,"Main sections covering the introduction, risks, company profile, services, execution, capabilities, safety, projects, and contact.",add-en-content-field,Proposed English copy for bilingual implementation; review brand/proper-name spelling before production.
SMART-I18N-2019,database_public_cms,projects .json::موقع أساس الأعماق للمقاولات,seo.metaTitle,موقع أساس الأعماق للمقاولات | مشروع ويب ثنائي اللغة,Asas Al-Amaq Contracting Website | Bilingual Web Project,add-en-content-field,Proposed English copy for bilingual implementation; review brand/proper-name spelling before production.
SMART-I18N-2020,database_public_cms,projects .json::موقع أساس الأعماق للمقاولات,seo.metaDescription,موقع مؤسسي ثنائي اللغة لشركة أساس الأعماق للمقاولات، مع عرض الخدمات والمشاريع ومدونة ولوحة إدارة محتوى متكاملة ودعم تقني لمحركات البحث.,"A bilingual corporate website for Asas Al-Amaq Contracting featuring services, projects, a blog, an integrated content-management dashboard, and technical SEO support.",add-en-content-field,Proposed English copy for bilingual implementation; review brand/proper-name spelling before production.
SMART-I18N-2021,database_public_cms,projects .json::موقع أساس الأعماق للمقاولات,seo.keywords[0],أساس الأعماق,Asas Al-Amaq,add-en-content-field,Proposed English copy for bilingual implementation; review brand/proper-name spelling before production.
SMART-I18N-2022,database_public_cms,projects .json::موقع أساس الأعماق للمقاولات,seo.keywords[1],موقع شركة مقاولات,Contracting Company Website,add-en-content-field,Proposed English copy for bilingual implementation; review brand/proper-name spelling before production.
SMART-I18N-2023,database_public_cms,projects .json::موقع أساس الأعماق للمقاولات,seo.keywords[2],هندسة أرضية,Geotechnical Engineering,add-en-content-field,Proposed English copy for bilingual implementation; review brand/proper-name spelling before production.
SMART-I18N-2024,database_public_cms,projects .json::موقع Sunspot Consultancy,title,موقع Sunspot Consultancy,Sunspot Consultancy Website,add-en-content-field,Proposed English copy for bilingual implementation; review brand/proper-name spelling before production.
SMART-I18N-2025,database_public_cms,projects .json::موقع Sunspot Consultancy,summary,موقع مؤسسي لشركة Sunspot Consultancy يعرّف بخدمات ذكاء الأعمال وأبحاث السوق والاستشارات الاستراتيجية في اليمن، ويوفر مسارًا واضحًا لاستكشاف الخدمات والقطاعات والتواصل مع الشركة.,"A corporate website for Sunspot Consultancy presenting its business intelligence, market research, and strategic consulting services in Yemen, with a clear journey for exploring services, sectors, and contacting the company.",add-en-content-field,Proposed English copy for bilingual implementation; review brand/proper-name spelling before production.
SMART-I18N-2026,database_public_cms,projects .json::موقع Sunspot Consultancy,challenge,الحاجة إلى تقديم نطاق خدمات Sunspot Consultancy في ذكاء الأعمال وأبحاث السوق والاستشارات بصورة واضحة ومنظمة عبر حضور رقمي موحد، مع إبراز القطاعات التي تخدمها الشركة وتوفير مسار مباشر يحوّل اهتمام الزائر إلى استفسار وتواصل فعلي.,"The need was to present Sunspot Consultancy’s business intelligence, market research, and consulting services clearly and systematically through one digital presence, highlight the sectors the company serves, and provide a direct path that turns visitor interest into a real inquiry and conversation.",add-en-content-field,Proposed English copy for bilingual implementation; review brand/proper-name spelling before production.
SMART-I18N-2027,database_public_cms,projects .json::موقع Sunspot Consultancy,solution,تم بناء موقع مؤسسي متجاوب باستخدام Next.js يضم صفحات للتعريف بالشركة والخدمات والقطاعات، مع تنظيم الخدمات ضمن مجالات واضحة وربطها بقدراتها والقطاعات المستهدفة. يتضمن الموقع تجربة تفاعلية لاستعراض تفاصيل الخدمات، ونموذج تواصل متكاملًا مع Web3Forms، وقنوات اتصال مباشرة عبر البريد والهاتف وWhatsApp وLinkedIn، إلى جانب إعدادات SEO وتجربة بصرية تعتمد على الحركة والـparallax والتصفح السلس.,"A responsive Next.js corporate website was built with pages introducing the company, services, and sectors. Services are organized into clear domains and linked to relevant capabilities and target sectors. The site provides an interactive service-detail experience, a Web3Forms-integrated contact form, direct contact channels through email, phone, WhatsApp, and LinkedIn, as well as SEO settings and a visual experience using motion, parallax, and smooth scrolling.",add-en-content-field,Proposed English copy for bilingual implementation; review brand/proper-name spelling before production.
SMART-I18N-2028,database_public_cms,projects .json::موقع Sunspot Consultancy,results[0].label,تنظيم عرض الخدمات,Structured Service Presentation,add-en-content-field,Proposed English copy for bilingual implementation; review brand/proper-name spelling before production.
SMART-I18N-2029,database_public_cms,projects .json::موقع Sunspot Consultancy,results[0].value,تجميع سبع خدمات رئيسية ضمن مجموعتين واضحتين مع وصف ونطاق عمل لكل خدمة.,Organized seven core services into two clear groups with descriptions and scope for each service.,add-en-content-field,Proposed English copy for bilingual implementation; review brand/proper-name spelling before production.
SMART-I18N-2030,database_public_cms,projects .json::موقع Sunspot Consultancy,results[1].label,ربط الخدمات بالقطاعات,Services Connected to Sectors,add-en-content-field,Proposed English copy for bilingual implementation; review brand/proper-name spelling before production.
SMART-I18N-2031,database_public_cms,projects .json::موقع Sunspot Consultancy,results[1].value,عرض خمسة قطاعات تجارية وربط كل قطاع بمجموعة الخدمات والقدرات ذات الصلة.,Showcases five business sectors and links each sector to relevant services and capabilities.,add-en-content-field,Proposed English copy for bilingual implementation; review brand/proper-name spelling before production.
SMART-I18N-2032,database_public_cms,projects .json::موقع Sunspot Consultancy,results[2].label,مسار موحد للتواصل,Unified Contact Journey,add-en-content-field,Proposed English copy for bilingual implementation; review brand/proper-name spelling before production.
SMART-I18N-2033,database_public_cms,projects .json::موقع Sunspot Consultancy,results[2].value,توفير نموذج استفسار منظم إلى جانب البريد والهاتف وWhatsApp وLinkedIn لتسهيل بدء التواصل مع الشركة.,"Provides a structured inquiry form alongside email, phone, WhatsApp, and LinkedIn to make starting a conversation with the company easier.",add-en-content-field,Proposed English copy for bilingual implementation; review brand/proper-name spelling before production.
SMART-I18N-2034,database_public_cms,projects .json::موقع Sunspot Consultancy,results[3].label,استكشاف تفاعلي للخدمات,Interactive Service Exploration,add-en-content-field,Proposed English copy for bilingual implementation; review brand/proper-name spelling before production.
SMART-I18N-2035,database_public_cms,projects .json::موقع Sunspot Consultancy,results[3].value,إتاحة تفاصيل الخدمات داخل واجهة تفاعلية من الصفحة الرئيسية مع انتقال مباشر إلى مسار التواصل.,Allows visitors to explore service details in an interactive homepage interface with a direct transition to the contact journey.,add-en-content-field,Proposed English copy for bilingual implementation; review brand/proper-name spelling before production.
SMART-I18N-2036,database_public_cms,projects .json::موقع Sunspot Consultancy,results[4].label,حضور رقمي متسق,Consistent Digital Presence,add-en-content-field,Proposed English copy for bilingual implementation; review brand/proper-name spelling before production.
SMART-I18N-2037,database_public_cms,projects .json::موقع Sunspot Consultancy,results[4].value,تطبيق هوية Sunspot البصرية عبر الصفحات والمكونات مع إعداد Metadata خاصة بمحركات البحث ومشاركة المحتوى.,Applies Sunspot’s visual identity across pages and components with Metadata configured for search engines and content sharing.,add-en-content-field,Proposed English copy for bilingual implementation; review brand/proper-name spelling before production.
SMART-I18N-2038,database_public_cms,projects .json::موقع Sunspot Consultancy,features[0],موقع مؤسسي متجاوب للشركة,Responsive corporate website,add-en-content-field,Proposed English copy for bilingual implementation; review brand/proper-name spelling before production.
SMART-I18N-2039,database_public_cms,projects .json::موقع Sunspot Consultancy,features[1],صفحة تعريفية بالشركة ومنهجية عملها,Company profile and methodology page,add-en-content-field,Proposed English copy for bilingual implementation; review brand/proper-name spelling before production.
SMART-I18N-2040,database_public_cms,projects .json::موقع Sunspot Consultancy,features[2],عرض سبع خدمات استشارية واستخبارات سوق,Showcase of seven consulting and market-intelligence services,add-en-content-field,Proposed English copy for bilingual implementation; review brand/proper-name spelling before production.
SMART-I18N-2041,database_public_cms,projects .json::موقع Sunspot Consultancy,features[3],تقسيم الخدمات إلى مجالات واضحة,Services organized into clear domains,add-en-content-field,Proposed English copy for bilingual implementation; review brand/proper-name spelling before production.
SMART-I18N-2042,database_public_cms,projects .json::موقع Sunspot Consultancy,features[4],عرض خمسة قطاعات تجارية مستهدفة,Showcase of five target business sectors,add-en-content-field,Proposed English copy for bilingual implementation; review brand/proper-name spelling before production.
SMART-I18N-2043,database_public_cms,projects .json::موقع Sunspot Consultancy,features[5],نافذة تفاعلية لعرض تفاصيل الخدمات,Interactive service-details window,add-en-content-field,Proposed English copy for bilingual implementation; review brand/proper-name spelling before production.
SMART-I18N-2044,database_public_cms,projects .json::موقع Sunspot Consultancy,features[6],نموذج استفسار مع تحديد الخدمة المطلوبة,Inquiry form with requested-service selection,add-en-content-field,Proposed English copy for bilingual implementation; review brand/proper-name spelling before production.
SMART-I18N-2045,database_public_cms,projects .json::موقع Sunspot Consultancy,features[7],تكامل نموذج التواصل مع Web3Forms,Web3Forms contact-form integration,add-en-content-field,Proposed English copy for bilingual implementation; review brand/proper-name spelling before production.
SMART-I18N-2046,database_public_cms,projects .json::موقع Sunspot Consultancy,features[8],التواصل المباشر عبر البريد والهاتف وWhatsApp وLinkedIn,"Direct communication through email, phone, WhatsApp, and LinkedIn",add-en-content-field,Proposed English copy for bilingual implementation; review brand/proper-name spelling before production.
SMART-I18N-2047,database_public_cms,projects .json::موقع Sunspot Consultancy,features[9],قائمة تنقل متجاوبة لسطح المكتب والجوال,Responsive navigation for desktop and mobile,add-en-content-field,Proposed English copy for bilingual implementation; review brand/proper-name spelling before production.
SMART-I18N-2048,database_public_cms,projects .json::موقع Sunspot Consultancy,features[10],حركات انتقال وParallax وتصفح سلس,"Transitions, parallax effects, and smooth scrolling",add-en-content-field,Proposed English copy for bilingual implementation; review brand/proper-name spelling before production.
SMART-I18N-2049,database_public_cms,projects .json::موقع Sunspot Consultancy,features[11],إعدادات SEO وOpen Graph,SEO and Open Graph settings,add-en-content-field,Proposed English copy for bilingual implementation; review brand/proper-name spelling before production.
SMART-I18N-2050,database_public_cms,projects .json::موقع Sunspot Consultancy,clientName,أسامة الخوشعي,Osama Al-Khoshaei,add-en-content-field,Proposed English copy for bilingual implementation; review brand/proper-name spelling before production.
SMART-I18N-2051,database_public_cms,projects .json::موقع Sunspot Consultancy,industry,الاستشارات وذكاء الأعمال,Consulting and Business Intelligence,add-en-content-field,Proposed English copy for bilingual implementation; review brand/proper-name spelling before production.
SMART-I18N-2052,database_public_cms,projects .json::موقع Sunspot Consultancy,stats[0].label,الصفحات الأساسية,Core Pages,add-en-content-field,Proposed English copy for bilingual implementation; review brand/proper-name spelling before production.
SMART-I18N-2053,database_public_cms,projects .json::موقع Sunspot Consultancy,stats[0].description,صفحات رئيسية ضمن الموقع,Main pages within the website,add-en-content-field,Proposed English copy for bilingual implementation; review brand/proper-name spelling before production.
SMART-I18N-2054,database_public_cms,projects .json::موقع Sunspot Consultancy,stats[1].label,الخدمات المعروضة,Services Presented,add-en-content-field,Proposed English copy for bilingual implementation; review brand/proper-name spelling before production.
SMART-I18N-2055,database_public_cms,projects .json::موقع Sunspot Consultancy,stats[1].description,خدمات رئيسية معرفة فعليًا داخل المشروع,Core services defined in the project,add-en-content-field,Proposed English copy for bilingual implementation; review brand/proper-name spelling before production.
SMART-I18N-2056,database_public_cms,projects .json::موقع Sunspot Consultancy,stats[2].label,القطاعات المستهدفة,Target Sectors,add-en-content-field,Proposed English copy for bilingual implementation; review brand/proper-name spelling before production.
SMART-I18N-2057,database_public_cms,projects .json::موقع Sunspot Consultancy,stats[2].description,قطاعات تجارية يعرض الموقع خدمات موجهة لها,Business sectors for which the website presents tailored services,add-en-content-field,Proposed English copy for bilingual implementation; review brand/proper-name spelling before production.
SMART-I18N-2058,database_public_cms,projects .json::موقع Sunspot Consultancy,seo.metaTitle,موقع Sunspot Consultancy | ذكاء الأعمال والاستشارات في اليمن,Sunspot Consultancy | Business Intelligence & Consulting in Yemen,add-en-content-field,Proposed English copy for bilingual implementation; review brand/proper-name spelling before production.
SMART-I18N-2059,database_public_cms,projects .json::موقع Sunspot Consultancy,seo.metaDescription,موقع Sunspot Consultancy لعرض خدمات ذكاء الأعمال وأبحاث السوق والاستشارات الاستراتيجية، بما يشمل تحليل السوق وتقييم الموزعين وذكاء المنافسين ودعم دخول الأسواق في اليمن.,"Sunspot Consultancy website showcasing business intelligence, market research, and strategic consulting services, including market analysis, distributor assessment, competitive intelligence, and market-entry support in Yemen.",add-en-content-field,Proposed English copy for bilingual implementation; review brand/proper-name spelling before production.
SMART-I18N-2060,database_public_cms,projects .json::موقع Sunspot Consultancy,seo.keywords[1],ذكاء الأعمال,Business Intelligence,add-en-content-field,Proposed English copy for bilingual implementation; review brand/proper-name spelling before production.
SMART-I18N-2061,database_public_cms,projects .json::موقع Sunspot Consultancy,seo.keywords[2],أبحاث السوق,Market Research,add-en-content-field,Proposed English copy for bilingual implementation; review brand/proper-name spelling before production.
SMART-I18N-2062,database_public_cms,projects .json::موقع Sunspot Consultancy,seo.keywords[3],تحليل السوق,Market Analysis,add-en-content-field,Proposed English copy for bilingual implementation; review brand/proper-name spelling before production.
SMART-I18N-2063,database_public_cms,projects .json::موقع Sunspot Consultancy,seo.keywords[4],الاستشارات الاستراتيجية,Strategic Consulting,add-en-content-field,Proposed English copy for bilingual implementation; review brand/proper-name spelling before production.
SMART-I18N-2064,database_public_cms,projects .json::موقع Sunspot Consultancy,seo.keywords[5],ذكاء المنافسين,Competitive Intelligence,add-en-content-field,Proposed English copy for bilingual implementation; review brand/proper-name spelling before production.
SMART-I18N-2065,database_public_cms,projects .json::موقع Sunspot Consultancy,seo.keywords[6],تقييم الموزعين,Distributor Assessment,add-en-content-field,Proposed English copy for bilingual implementation; review brand/proper-name spelling before production.
SMART-I18N-2066,database_public_cms,projects .json::موقع Sunspot Consultancy,seo.keywords[7],دخول الأسواق,Market Entry,add-en-content-field,Proposed English copy for bilingual implementation; review brand/proper-name spelling before production.
SMART-I18N-2067,database_public_cms,projects .json::موقع Sunspot Consultancy,seo.keywords[8],اليمن,Yemen,add-en-content-field,Proposed English copy for bilingual implementation; review brand/proper-name spelling before production.
SMART-I18N-2068,database_public_cms,projects .json::موقع إيمان جميل الشخصي ومعرض الأعمال,title,موقع إيمان جميل الشخصي ومعرض الأعمال,Eman Jameel Personal Website and Portfolio,add-en-content-field,Proposed English copy for bilingual implementation; review brand/proper-name spelling before production.
SMART-I18N-2069,database_public_cms,projects .json::موقع إيمان جميل الشخصي ومعرض الأعمال,summary,موقع شخصي ديناميكي لإيمان جميل لعرض الأعمال والخدمات والخبرات والمحتوى المهني، مع لوحة إدارة مخصصة للتحكم في الموقع والمدونة والمشاريع والتواصل من مكان واحد.,"A dynamic personal website for Eman Jameel showcasing work, services, experience, and professional content, with a dedicated admin dashboard for managing the site, blog, projects, and communication from one place.",add-en-content-field,Proposed English copy for bilingual implementation; review brand/proper-name spelling before production.
SMART-I18N-2070,database_public_cms,projects .json::موقع إيمان جميل الشخصي ومعرض الأعمال,challenge,الحاجة إلى جمع الهوية المهنية والأعمال والخدمات والخبرات والمقالات وطلبات التواصل في منصة شخصية مركزية يمكن تحديث محتواها وإدارته دون الحاجة إلى تعديل صفحات الموقع يدويًا في كل مرة.,"The need was to bring professional identity, work, services, experience, articles, and contact requests into one centralized personal platform whose content can be updated and managed without manually editing site pages each time.",add-en-content-field,Proposed English copy for bilingual implementation; review brand/proper-name spelling before production.
SMART-I18N-2071,database_public_cms,projects .json::موقع إيمان جميل الشخصي ومعرض الأعمال,solution,تم بناء منصة Portfolio ديناميكية تتكون من موقع عام متجاوب لعرض الملف الشخصي والأعمال والخدمات والخبرات والمدونة، ولوحة إدارة محمية لتحديث هذا المحتوى وإدارة الرسائل والمشتركين، إضافة إلى REST API مبني بـNestJS وقاعدة MongoDB. كما يدعم النظام إدارة وسائط المشاريع والمحتوى، البحث والتصفية، إحصاءات لوحة التحكم، وتحسين الصور وتخزينها عبر Cloudflare R2 مع خيار تخزين محلي احتياطي.,"A dynamic portfolio platform was built consisting of a responsive public website for showcasing the profile, work, services, experience, and blog; a protected admin dashboard for updating content and managing messages and subscribers; and a NestJS REST API with MongoDB. The system also supports project and content media management, search and filtering, dashboard analytics, and image optimization and storage through Cloudflare R2 with a local fallback option.",add-en-content-field,Proposed English copy for bilingual implementation; review brand/proper-name spelling before production.
SMART-I18N-2072,database_public_cms,projects .json::موقع إيمان جميل الشخصي ومعرض الأعمال,results[0].label,مركزية إدارة المحتوى,Centralized Content Management,add-en-content-field,Proposed English copy for bilingual implementation; review brand/proper-name spelling before production.
SMART-I18N-2073,database_public_cms,projects .json::موقع إيمان جميل الشخصي ومعرض الأعمال,results[0].value,جمع إدارة الأعمال والمدونة والخدمات والخبرات وآراء العملاء والبرامج والملف الشخصي داخل لوحة إدارة واحدة.,"Combines management of work, blog content, services, experience, testimonials, tools, and profile information in one admin dashboard.",add-en-content-field,Proposed English copy for bilingual implementation; review brand/proper-name spelling before production.
SMART-I18N-2074,database_public_cms,projects .json::موقع إيمان جميل الشخصي ومعرض الأعمال,results[1].label,فصل العرض عن الإدارة,Public and Admin Separation,add-en-content-field,Proposed English copy for bilingual implementation; review brand/proper-name spelling before production.
SMART-I18N-2075,database_public_cms,projects .json::موقع إيمان جميل الشخصي ومعرض الأعمال,results[1].value,توفير واجهة عامة للزوار مع فصل عمليات إنشاء وتحديث وحذف المحتوى خلف تسجيل دخول إداري.,"Provides a public visitor interface while placing content creation, update, and deletion operations behind administrator authentication.",add-en-content-field,Proposed English copy for bilingual implementation; review brand/proper-name spelling before production.
SMART-I18N-2076,database_public_cms,projects .json::موقع إيمان جميل الشخصي ومعرض الأعمال,results[2].label,معرض أعمال منظم,Organized Portfolio,add-en-content-field,Proposed English copy for bilingual implementation; review brand/proper-name spelling before production.
SMART-I18N-2077,database_public_cms,projects .json::موقع إيمان جميل الشخصي ومعرض الأعمال,results[2].value,تنظيم المشاريع ضمن تصنيفات مع معرض صور وتفاصيل ووسوم وروابط خارجية لكل عمل.,"Organizes projects into categories with image galleries, details, tags, and external links for each work item.",add-en-content-field,Proposed English copy for bilingual implementation; review brand/proper-name spelling before production.
SMART-I18N-2078,database_public_cms,projects .json::موقع إيمان جميل الشخصي ومعرض الأعمال,results[3].label,إدارة محتوى تحريري,Editorial Content Management,add-en-content-field,Proposed English copy for bilingual implementation; review brand/proper-name spelling before production.
SMART-I18N-2079,database_public_cms,projects .json::موقع إيمان جميل الشخصي ومعرض الأعمال,results[3].value,توفير مدونة قابلة للإدارة مع التصنيفات والوسوم وحالات النشر وبيانات SEO وقياس التفاعل الأساسي.,"Provides a manageable blog with categories, tags, publishing states, SEO data, and basic engagement measurement.",add-en-content-field,Proposed English copy for bilingual implementation; review brand/proper-name spelling before production.
SMART-I18N-2080,database_public_cms,projects .json::موقع إيمان جميل الشخصي ومعرض الأعمال,results[4].label,تنظيم طلبات التواصل,Organized Contact Requests,add-en-content-field,Proposed English copy for bilingual implementation; review brand/proper-name spelling before production.
SMART-I18N-2081,database_public_cms,projects .json::موقع إيمان جميل الشخصي ومعرض الأعمال,results[4].value,استقبال رسائل الزوار وربطها بالخدمة المطلوبة وإدارتها وفق حالات متابعة داخل لوحة التحكم.,"Receives visitor messages, links them to the requested service, and manages them through follow-up states in the dashboard.",add-en-content-field,Proposed English copy for bilingual implementation; review brand/proper-name spelling before production.
SMART-I18N-2082,database_public_cms,projects .json::موقع إيمان جميل الشخصي ومعرض الأعمال,results[5].label,إدارة مرنة للوسائط,Flexible Media Management,add-en-content-field,Proposed English copy for bilingual implementation; review brand/proper-name spelling before production.
SMART-I18N-2083,database_public_cms,projects .json::موقع إيمان جميل الشخصي ومعرض الأعمال,results[5].value,تحسين الصور قبل التخزين ودعم Cloudflare R2 مع آلية تخزين محلية بديلة عند عدم تهيئة التخزين السحابي.,Optimizes images before storage and supports Cloudflare R2 with a local-storage fallback when cloud storage is not configured.,add-en-content-field,Proposed English copy for bilingual implementation; review brand/proper-name spelling before production.
SMART-I18N-2084,database_public_cms,projects .json::موقع إيمان جميل الشخصي ومعرض الأعمال,features[0],موقع شخصي عربي متجاوب لعرض الهوية المهنية والخدمات والأعمال,"Responsive Arabic personal website showcasing professional identity, services, and work",add-en-content-field,Proposed English copy for bilingual implementation; review brand/proper-name spelling before production.
SMART-I18N-2085,database_public_cms,projects .json::موقع إيمان جميل الشخصي ومعرض الأعمال,features[1],معرض أعمال ديناميكي مع تصنيفات وصور متعددة وتفاصيل وروابط خارجية,"Dynamic portfolio with categories, multiple images, details, and external links",add-en-content-field,Proposed English copy for bilingual implementation; review brand/proper-name spelling before production.
SMART-I18N-2086,database_public_cms,projects .json::موقع إيمان جميل الشخصي ومعرض الأعمال,features[2],لوحة تحكم مخصصة لإدارة محتوى الموقع,Dedicated admin dashboard for site-content management,add-en-content-field,Proposed English copy for bilingual implementation; review brand/proper-name spelling before production.
SMART-I18N-2087,database_public_cms,projects .json::موقع إيمان جميل الشخصي ومعرض الأعمال,features[3],مدونة متكاملة مع المقالات والتصنيفات والوسوم وحالات النشر,"Integrated blog with articles, categories, tags, and publishing states",add-en-content-field,Proposed English copy for bilingual implementation; review brand/proper-name spelling before production.
SMART-I18N-2088,database_public_cms,projects .json::موقع إيمان جميل الشخصي ومعرض الأعمال,features[4],إعدادات SEO ودعم البيانات المنظمة للمحتوى,SEO settings and structured-data support for content,add-en-content-field,Proposed English copy for bilingual implementation; review brand/proper-name spelling before production.
SMART-I18N-2089,database_public_cms,projects .json::موقع إيمان جميل الشخصي ومعرض الأعمال,features[5],نظام تسجيل دخول إداري باستخدام Access وRefresh Tokens,Administrator authentication using Access and Refresh Tokens,add-en-content-field,Proposed English copy for bilingual implementation; review brand/proper-name spelling before production.
SMART-I18N-2090,database_public_cms,projects .json::موقع إيمان جميل الشخصي ومعرض الأعمال,features[6],استقبال وإدارة رسائل التواصل وربطها بالخدمة المطلوبة,Receive and manage contact messages linked to the requested service,add-en-content-field,Proposed English copy for bilingual implementation; review brand/proper-name spelling before production.
SMART-I18N-2091,database_public_cms,projects .json::موقع إيمان جميل الشخصي ومعرض الأعمال,features[7],إدارة الخدمات والخبرات وآراء العملاء والبرامج المستخدمة,"Service, experience, testimonial, and software/tool management",add-en-content-field,Proposed English copy for bilingual implementation; review brand/proper-name spelling before production.
SMART-I18N-2092,database_public_cms,projects .json::موقع إيمان جميل الشخصي ومعرض الأعمال,features[8],لوحة إحصاءات للمحتوى والرسائل والمشتركين مع مقارنة زمنية,"Analytics dashboard for content, messages, and subscribers with time-based comparison",add-en-content-field,Proposed English copy for bilingual implementation; review brand/proper-name spelling before production.
SMART-I18N-2093,database_public_cms,projects .json::موقع إيمان جميل الشخصي ومعرض الأعمال,features[9],البحث والتصفية والترقيم في أقسام الإدارة المدعومة,"Search, filtering, and pagination in supported admin sections",add-en-content-field,Proposed English copy for bilingual implementation; review brand/proper-name spelling before production.
SMART-I18N-2094,database_public_cms,projects .json::موقع إيمان جميل الشخصي ومعرض الأعمال,features[10],رفع وتحسين الصور وتخزينها عبر Cloudflare R2 أو التخزين المحلي,"Upload, optimize, and store images through Cloudflare R2 or local storage",add-en-content-field,Proposed English copy for bilingual implementation; review brand/proper-name spelling before production.
SMART-I18N-2095,database_public_cms,projects .json::موقع إيمان جميل الشخصي ومعرض الأعمال,features[11],دعم RTL وResponsive Design وPWA والحركات والتفاعلات البصرية,"RTL, responsive design, PWA, motion, and visual interaction support",add-en-content-field,Proposed English copy for bilingual implementation; review brand/proper-name spelling before production.
SMART-I18N-2096,database_public_cms,projects .json::موقع إيمان جميل الشخصي ومعرض الأعمال,industry,التصميم والخدمات الرقمية,Design and Digital Services,add-en-content-field,Proposed English copy for bilingual implementation; review brand/proper-name spelling before production.
SMART-I18N-2097,database_public_cms,projects .json::موقع إيمان جميل الشخصي ومعرض الأعمال,stats[0].label,المكونات الرئيسية,Main Components,add-en-content-field,Proposed English copy for bilingual implementation; review brand/proper-name spelling before production.
SMART-I18N-2098,database_public_cms,projects .json::موقع إيمان جميل الشخصي ومعرض الأعمال,stats[0].description,موقع عام ولوحة إدارة وBackend API,"Public website, admin dashboard, and Backend API",add-en-content-field,Proposed English copy for bilingual implementation; review brand/proper-name spelling before production.
SMART-I18N-2099,database_public_cms,projects .json::موقع إيمان جميل الشخصي ومعرض الأعمال,stats[1].label,أقسام الإدارة,Admin Sections,add-en-content-field,Proposed English copy for bilingual implementation; review brand/proper-name spelling before production.
SMART-I18N-2100,database_public_cms,projects .json::موقع إيمان جميل الشخصي ومعرض الأعمال,stats[1].description,أقسام رئيسية ظاهرة في لوحة الإدارة لإدارة المحتوى والتواصل,Main dashboard sections for content and communication management,add-en-content-field,Proposed English copy for bilingual implementation; review brand/proper-name spelling before production.
SMART-I18N-2101,database_public_cms,projects .json::موقع إيمان جميل الشخصي ومعرض الأعمال,stats[2].label,المسارات العامة,Public Routes,add-en-content-field,Proposed English copy for bilingual implementation; review brand/proper-name spelling before production.
SMART-I18N-2102,database_public_cms,projects .json::موقع إيمان جميل الشخصي ومعرض الأعمال,stats[2].description,مسارات عامة للصفحات والمقالات والأعمال والتواصل,"Public routes for pages, articles, portfolio work, and contact",add-en-content-field,Proposed English copy for bilingual implementation; review brand/proper-name spelling before production.
SMART-I18N-2103,database_public_cms,projects .json::موقع إيمان جميل الشخصي ومعرض الأعمال,seo.metaTitle,موقع إيمان جميل الشخصي | معرض أعمال وإدارة محتوى,Eman Jameel Personal Website | Portfolio & Content Management,add-en-content-field,Proposed English copy for bilingual implementation; review brand/proper-name spelling before production.
SMART-I18N-2104,database_public_cms,projects .json::موقع إيمان جميل الشخصي ومعرض الأعمال,seo.metaDescription,موقع شخصي ديناميكي لإيمان جميل لعرض الأعمال والخدمات والخبرات والمدونة، مع لوحة إدارة مخصصة لإدارة المحتوى والمشاريع وطلبات التواصل.,"A dynamic personal website for Eman Jameel showcasing work, services, experience, and blog content, with a dedicated admin dashboard for managing content, projects, and contact requests.",add-en-content-field,Proposed English copy for bilingual implementation; review brand/proper-name spelling before production.
SMART-I18N-2105,database_public_cms,projects .json::موقع إيمان جميل الشخصي ومعرض الأعمال | teammembers.json::إيمان جميل,seo.keywords[0] | fullName,إيمان جميل,Eman Jameel,add-en-content-field,Proposed English copy for bilingual implementation; review brand/proper-name spelling before production.
SMART-I18N-2106,database_public_cms,projects .json::موقع إيمان جميل الشخصي ومعرض الأعمال,seo.keywords[1],موقع شخصي,Personal Website,add-en-content-field,Proposed English copy for bilingual implementation; review brand/proper-name spelling before production.
SMART-I18N-2107,database_public_cms,projects .json::موقع إيمان جميل الشخصي ومعرض الأعمال,seo.keywords[2],معرض أعمال,Portfolio,add-en-content-field,Proposed English copy for bilingual implementation; review brand/proper-name spelling before production.
SMART-I18N-2108,database_public_cms,projects .json::موقع إيمان جميل الشخصي ومعرض الأعمال,seo.keywords[5],تصميم واجهات,UI Design,add-en-content-field,Proposed English copy for bilingual implementation; review brand/proper-name spelling before production.
SMART-I18N-2109,database_public_cms,projects .json::موقع إيمان جميل الشخصي ومعرض الأعمال,seo.keywords[6],إدارة المحتوى,Content Management,add-en-content-field,Proposed English copy for bilingual implementation; review brand/proper-name spelling before production.
SMART-I18N-2110,database_public_cms,projects .json::موقع إيمان جميل الشخصي ومعرض الأعمال,seo.keywords[8],مدونة,Blog,add-en-content-field,Proposed English copy for bilingual implementation; review brand/proper-name spelling before production.
SMART-I18N-2111,database_public_cms,projects .json::موقع إيمان جميل الشخصي ومعرض الأعمال,seo.keywords[9],خدمات رقمية,Digital Services,add-en-content-field,Proposed English copy for bilingual implementation; review brand/proper-name spelling before production.
SMART-I18N-2112,database_public_cms,projects .json::Kaleem Store — منصة SaaS للتجارة الإلكترونية,title,Kaleem Store — منصة SaaS للتجارة الإلكترونية,Kaleem Store — E-Commerce SaaS Platform,add-en-content-field,Proposed English copy for bilingual implementation; review brand/proper-name spelling before production.
SMART-I18N-2113,database_public_cms,projects .json::Kaleem Store — منصة SaaS للتجارة الإلكترونية,summary,منصة SaaS متعددة المتاجر تتيح للتجار إنشاء وتشغيل متاجر إلكترونية وإدارة المنتجات والطلبات والمخزون والعملاء والتسويق من لوحة مركزية، مع واجهة مستقلة للعملاء وأدوات تشغيل وإدارة على مستوى المنصة.,"A multi-store SaaS platform that enables merchants to create and operate online stores and manage products, orders, inventory, customers, and marketing from a centralized dashboard, with a separate customer storefront and platform-level operations and administration tools.",add-en-content-field,Proposed English copy for bilingual implementation; review brand/proper-name spelling before production.
SMART-I18N-2114,database_public_cms,projects .json::Kaleem Store — منصة SaaS للتجارة الإلكترونية,challenge,الحاجة إلى تمكين عدة تجار من إنشاء وتشغيل متاجر إلكترونية مستقلة من منصة واحدة، مع توحيد إدارة المنتجات والمخزون والطلبات والعملاء والدفع والتوصيل والتسويق، وفي الوقت نفسه إبقاء الاشتراكات والنطاقات والدعم والصحة التشغيلية وإدارة المتاجر تحت سيطرة مشغل المنصة.,"The need was to enable multiple merchants to create and operate independent online stores from one platform while unifying product, inventory, order, customer, payment, delivery, and marketing management, and at the same time keeping subscriptions, domains, support, operational health, and store administration under the platform operator’s control.",add-en-content-field,Proposed English copy for bilingual implementation; review brand/proper-name spelling before production.
SMART-I18N-2115,database_public_cms,projects .json::Kaleem Store — منصة SaaS للتجارة الإلكترونية,solution,تم بناء منظومة SaaS متعددة المستأجرين تتكون من متجر عملاء باستخدام Next.js، ولوحة تشغيل للتاجر باستخدام React وMaterial UI، ولوحة مستقلة لمسؤولي المنصة، وجميعها تتصل بخلفية NestJS مركزية. توفر المنظومة إدارة الكتالوج والمخزون والمستودعات والطلبات والمدفوعات والتوصيل والعملاء والتسويق والقوالب والنطاقات، إلى جانب نظام اشتراكات وفوترة وإدارة تشغيلية للمنصة، مع عزل سياق كل متجر وصلاحيات منفصلة للمستخدمين.,"A multi-tenant SaaS ecosystem was built consisting of a Next.js customer storefront, a React and Material UI merchant operations dashboard, a separate platform-admin dashboard, all connected to a centralized NestJS backend. The system provides catalog, inventory, warehouse, order, payment, delivery, customer, marketing, template, and domain management, alongside subscriptions, billing, and platform-level operations, with isolated store context and separate user permissions.",add-en-content-field,Proposed English copy for bilingual implementation; review brand/proper-name spelling before production.
SMART-I18N-2116,database_public_cms,projects .json::Kaleem Store — منصة SaaS للتجارة الإلكترونية,results[0].label,تشغيل متعدد المتاجر,Multi-Store Operations,add-en-content-field,Proposed English copy for bilingual implementation; review brand/proper-name spelling before production.
SMART-I18N-2117,database_public_cms,projects .json::Kaleem Store — منصة SaaS للتجارة الإلكترونية,results[0].value,توفير بنية متعددة المستأجرين تسمح بتشغيل وإدارة متاجر مستقلة مع فصل سياق وبيانات كل متجر.,A multi-tenant architecture that enables independent stores to operate and be managed while isolating each store’s context and data.,add-en-content-field,Proposed English copy for bilingual implementation; review brand/proper-name spelling before production.
SMART-I18N-2118,database_public_cms,projects .json::Kaleem Store — منصة SaaS للتجارة الإلكترونية,results[1].label,توحيد دورة التجارة,Unified Commerce Lifecycle,add-en-content-field,Proposed English copy for bilingual implementation; review brand/proper-name spelling before production.
SMART-I18N-2119,database_public_cms,projects .json::Kaleem Store — منصة SaaS للتجارة الإلكترونية,results[1].value,جمع الكتالوج والمخزون والمستودعات والطلبات والدفع والتوصيل والعملاء داخل دورة تشغيل مترابطة.,"Combines catalog, inventory, warehouses, orders, payments, delivery, and customers in one connected operating cycle.",add-en-content-field,Proposed English copy for bilingual implementation; review brand/proper-name spelling before production.
SMART-I18N-2120,database_public_cms,projects .json::Kaleem Store — منصة SaaS للتجارة الإلكترونية,results[2].value,توفير صلاحيات دقيقة لفريق المتجر مع دور مالك وستة أدوار تشغيلية جاهزة، إضافة إلى RBAC مستقل لمسؤولي المنصة.,"Provides granular permissions for store teams with an owner role and six preconfigured operational roles, plus independent RBAC for platform administrators.",add-en-content-field,Proposed English copy for bilingual implementation; review brand/proper-name spelling before production.
SMART-I18N-2121,database_public_cms,projects .json::Kaleem Store — منصة SaaS للتجارة الإلكترونية,results[3].label,تخصيص واجهة المتجر,Storefront Customization,add-en-content-field,Proposed English copy for bilingual implementation; review brand/proper-name spelling before production.
SMART-I18N-2122,database_public_cms,projects .json::Kaleem Store — منصة SaaS للتجارة الإلكترونية,results[3].value,دعم القوالب والصفحات وSEO والنطاقات المخصصة والمعاينة والنشر وإصدارات القوالب لكل متجر.,"Supports templates, pages, SEO, custom domains, previewing, publishing, and template versions per store.",add-en-content-field,Proposed English copy for bilingual implementation; review brand/proper-name spelling before production.
SMART-I18N-2123,database_public_cms,projects .json::Kaleem Store — منصة SaaS للتجارة الإلكترونية,results[4].label,إدارة SaaS مركزية,Centralized SaaS Administration,add-en-content-field,Proposed English copy for bilingual implementation; review brand/proper-name spelling before production.
SMART-I18N-2124,database_public_cms,projects .json::Kaleem Store — منصة SaaS للتجارة الإلكترونية,results[4].value,إدارة الخطط والاشتراكات والتجارب والكوبونات والإيصالات والفوترة وحالات المتاجر من مستوى المنصة.,"Manages plans, subscriptions, trials, coupons, receipts, billing, and store states at the platform level.",add-en-content-field,Proposed English copy for bilingual implementation; review brand/proper-name spelling before production.
SMART-I18N-2125,database_public_cms,projects .json::Kaleem Store — منصة SaaS للتجارة الإلكترونية,results[5].label,تشغيل خلفي منفصل,Separated Background Operations,add-en-content-field,Proposed English copy for bilingual implementation; review brand/proper-name spelling before production.
SMART-I18N-2126,database_public_cms,projects .json::Kaleem Store — منصة SaaS للتجارة الإلكترونية,results[5].value,استخدام Outbox وRabbitMQ وعمال خلفية مستقلة للإشعارات والسلات المتروكة والاشتراكات ومزامنة SSL وعمليات حذف المتاجر.,"Uses an Outbox, RabbitMQ, and independent background workers for notifications, abandoned carts, subscriptions, SSL synchronization, and store-deletion workflows.",add-en-content-field,Proposed English copy for bilingual implementation; review brand/proper-name spelling before production.
SMART-I18N-2127,database_public_cms,projects .json::Kaleem Store — منصة SaaS للتجارة الإلكترونية,features[0],إنشاء وتهيئة متاجر إلكترونية متعددة ضمن منصة SaaS,Create and configure multiple online stores within a SaaS platform,add-en-content-field,Proposed English copy for bilingual implementation; review brand/proper-name spelling before production.
SMART-I18N-2128,database_public_cms,projects .json::Kaleem Store — منصة SaaS للتجارة الإلكترونية,features[1],إدارة المنتجات والمتغيرات والتصنيفات والعلامات التجارية والخصائص والفلاتر الذكية,"Product, variant, category, brand, attribute, and smart-filter management",add-en-content-field,Proposed English copy for bilingual implementation; review brand/proper-name spelling before production.
SMART-I18N-2129,database_public_cms,projects .json::Kaleem Store — منصة SaaS للتجارة الإلكترونية,features[2],إدارة المخزون والمستودعات وتنبيهات عودة المنتجات للمخزون,"Inventory, warehouse, and back-in-stock alert management",add-en-content-field,Proposed English copy for bilingual implementation; review brand/proper-name spelling before production.
SMART-I18N-2130,database_public_cms,projects .json::Kaleem Store — منصة SaaS للتجارة الإلكترونية,features[3],إدارة الطلبات وتتبع حالاتها وإنشاء الطلبات يدويًا وتصديرها,"Order management, status tracking, manual order creation, and export",add-en-content-field,Proposed English copy for bilingual implementation; review brand/proper-name spelling before production.
SMART-I18N-2131,database_public_cms,projects .json::Kaleem Store — منصة SaaS للتجارة الإلكترونية,features[4],طرق دفع قابلة للتهيئة تشمل الدفع عند الاستلام والتحويلات والطرق اليدوية وإدارة الإيصالات,"Configurable payment methods including cash on delivery, bank transfers, manual methods, and receipt management",add-en-content-field,Proposed English copy for bilingual implementation; review brand/proper-name spelling before production.
SMART-I18N-2132,database_public_cms,projects .json::Kaleem Store — منصة SaaS للتجارة الإلكترونية,features[5],إدارة مناطق وطرق التوصيل والشحن والاستلام من المتجر,"Delivery zone, shipping method, and in-store pickup management",add-en-content-field,Proposed English copy for bilingual implementation; review brand/proper-name spelling before production.
SMART-I18N-2133,database_public_cms,projects .json::Kaleem Store — منصة SaaS للتجارة الإلكترونية,features[6],حسابات العملاء والعناوين والمفضلة والتقييمات والأسئلة والولاء والدعم,"Customer accounts, addresses, favorites, reviews, questions, loyalty, and support",add-en-content-field,Proposed English copy for bilingual implementation; review brand/proper-name spelling before production.
SMART-I18N-2134,database_public_cms,projects .json::Kaleem Store — منصة SaaS للتجارة الإلكترونية,features[7],العروض والكوبونات والعروض المتقدمة والتسويق بالعمولة واستعادة السلات المتروكة,"Promotions, coupons, advanced offers, affiliate marketing, and abandoned-cart recovery",add-en-content-field,Proposed English copy for bilingual implementation; review brand/proper-name spelling before production.
SMART-I18N-2135,database_public_cms,projects .json::Kaleem Store — منصة SaaS للتجارة الإلكترونية,features[8],التحليلات والتقارير ومركز الإشعارات والتحديثات الفورية,"Analytics, reports, notification center, and real-time updates",add-en-content-field,Proposed English copy for bilingual implementation; review brand/proper-name spelling before production.
SMART-I18N-2136,database_public_cms,projects .json::Kaleem Store — منصة SaaS للتجارة الإلكترونية,features[9],إدارة القوالب والصفحات وSEO والنطاقات المخصصة ودورة SSL,"Template, page, SEO, custom-domain, and SSL lifecycle management",add-en-content-field,Proposed English copy for bilingual implementation; review brand/proper-name spelling before production.
SMART-I18N-2137,database_public_cms,projects .json::Kaleem Store — منصة SaaS للتجارة الإلكترونية,features[10],إدارة فريق المتجر والدعوات والأدوار والصلاحيات والربط عبر Webhooks,"Store-team invitations, roles, permissions, and Webhook integrations",add-en-content-field,Proposed English copy for bilingual implementation; review brand/proper-name spelling before production.
SMART-I18N-2138,database_public_cms,projects .json::Kaleem Store — منصة SaaS للتجارة الإلكترونية,features[11],إدارة الخطط والاشتراكات والفوترة والدعم والأتمتة والمخاطر والامتثال على مستوى المنصة,"Platform-level plan, subscription, billing, support, automation, risk, and compliance management",add-en-content-field,Proposed English copy for bilingual implementation; review brand/proper-name spelling before production.
SMART-I18N-2139,database_public_cms,projects .json::Kaleem Store — منصة SaaS للتجارة الإلكترونية,industry,التجارة الإلكترونية,E-Commerce,add-en-content-field,Proposed English copy for bilingual implementation; review brand/proper-name spelling before production.
SMART-I18N-2140,database_public_cms,projects .json::Kaleem Store — منصة SaaS للتجارة الإلكترونية,stats[0].label,الواجهات الرئيسية,Primary Interfaces,add-en-content-field,Proposed English copy for bilingual implementation; review brand/proper-name spelling before production.
SMART-I18N-2141,database_public_cms,projects .json::Kaleem Store — منصة SaaS للتجارة الإلكترونية,stats[0].description,واجهة متجر العملاء ولوحة التاجر ولوحة إدارة المنصة,"Customer storefront, merchant dashboard, and platform administration dashboard",add-en-content-field,Proposed English copy for bilingual implementation; review brand/proper-name spelling before production.
SMART-I18N-2142,database_public_cms,projects .json::Kaleem Store — منصة SaaS للتجارة الإلكترونية,stats[1].label,أدوار تشغيل المتجر,Store Operational Roles,add-en-content-field,Proposed English copy for bilingual implementation; review brand/proper-name spelling before production.
SMART-I18N-2143,database_public_cms,projects .json::Kaleem Store — منصة SaaS للتجارة الإلكترونية,stats[1].description,المالك إضافة إلى ستة أدوار جاهزة لفريق المتجر,Owner plus six preconfigured roles for the store team,add-en-content-field,Proposed English copy for bilingual implementation; review brand/proper-name spelling before production.
SMART-I18N-2144,database_public_cms,projects .json::Kaleem Store — منصة SaaS للتجارة الإلكترونية,stats[2].label,العمال الخلفية,Background Workers,add-en-content-field,Proposed English copy for bilingual implementation; review brand/proper-name spelling before production.
SMART-I18N-2145,database_public_cms,projects .json::Kaleem Store — منصة SaaS للتجارة الإلكترونية,stats[2].description,Outbox والإشعارات والسلات المتروكة والاشتراكات ومزامنة SSL وحذف بيانات المتاجر,"Outbox, notifications, abandoned carts, subscriptions, SSL synchronization, and store-data deletion",add-en-content-field,Proposed English copy for bilingual implementation; review brand/proper-name spelling before production.
SMART-I18N-2146,database_public_cms,projects .json::Kaleem Store — منصة SaaS للتجارة الإلكترونية,seo.metaTitle,Kaleem Store | منصة SaaS لإدارة المتاجر الإلكترونية,Kaleem Store | E-Commerce Store Management SaaS Platform,add-en-content-field,Proposed English copy for bilingual implementation; review brand/proper-name spelling before production.
SMART-I18N-2147,database_public_cms,projects .json::Kaleem Store — منصة SaaS للتجارة الإلكترونية,seo.metaDescription,منصة تجارة إلكترونية SaaS متعددة المتاجر تجمع إدارة المنتجات والمخزون والطلبات والعملاء والتسويق والتوصيل مع لوحات مستقلة للتاجر وإدارة المنصة.,"A multi-store e-commerce SaaS platform combining product, inventory, order, customer, marketing, and delivery management with separate merchant and platform-administration dashboards.",add-en-content-field,Proposed English copy for bilingual implementation; review brand/proper-name spelling before production.
SMART-I18N-2148,database_public_cms,projects .json::Kaleem Store — منصة SaaS للتجارة الإلكترونية,seo.keywords[1],كليم ستور,Kaleem Store,add-en-content-field,Proposed English copy for bilingual implementation; review brand/proper-name spelling before production.
SMART-I18N-2149,database_public_cms,projects .json::Kaleem Store — منصة SaaS للتجارة الإلكترونية,seo.keywords[4],إدارة المتاجر الإلكترونية,E-Commerce Store Management,add-en-content-field,Proposed English copy for bilingual implementation; review brand/proper-name spelling before production.
SMART-I18N-2150,database_public_cms,projects .json::Kaleem Store — منصة SaaS للتجارة الإلكترونية,seo.keywords[5],متاجر متعددة,Multiple Stores,add-en-content-field,Proposed English copy for bilingual implementation; review brand/proper-name spelling before production.
SMART-I18N-2151,database_public_cms,projects .json::Kaleem Store — منصة SaaS للتجارة الإلكترونية,seo.keywords[8],لوحة تحكم التاجر,Merchant Dashboard,add-en-content-field,Proposed English copy for bilingual implementation; review brand/proper-name spelling before production.
SMART-I18N-2152,database_public_cms,projects .json::Kaleem Store — منصة SaaS للتجارة الإلكترونية,seo.keywords[9],قوالب المتاجر,Store Templates,add-en-content-field,Proposed English copy for bilingual implementation; review brand/proper-name spelling before production.
SMART-I18N-2153,database_public_cms,projects .json::دواماتيك — منصة إدارة الموارد البشرية والحضور الذكي,title,دواماتيك — منصة إدارة الموارد البشرية والحضور الذكي,Dawamatic — Smart HR and Attendance Management Platform,add-en-content-field,Proposed English copy for bilingual implementation; review brand/proper-name spelling before production.
SMART-I18N-2154,database_public_cms,projects .json::دواماتيك — منصة إدارة الموارد البشرية والحضور الذكي,summary,دواماتيك منصة SaaS متكاملة للشركات لإدارة الموظفين والحضور الجغرافي والورديات والطلبات والرواتب الأساسية، وتوفر للموظفين والإدارة دورة عمل موحدة وآمنة من خلال الويب وتطبيق الجوال.,"Dawamatic is an integrated SaaS platform for companies to manage employees, geolocation-based attendance, shifts, requests, and basic payroll, providing employees and administrators with a unified and secure workflow through web and mobile applications.",add-en-content-field,Proposed English copy for bilingual implementation; review brand/proper-name spelling before production.
SMART-I18N-2155,database_public_cms,projects .json::دواماتيك — منصة إدارة الموارد البشرية والحضور الذكي,challenge,تحتاج الشركات إلى إدارة بيانات الموظفين والورديات والحضور والإجازات والأذونات والرواتب والطلبات المالية ضمن دورة تشغيل واحدة، مع ضمان أن عملية الحضور تمت في الموقع والوقت الصحيحين، وتقليل فرص التلاعب، وفصل بيانات وصلاحيات كل شركة عن الأخرى. كما أن فصل هذه العمليات بين جداول ووسائل تسجيل حضور وأنظمة متعددة يجعل مراجعة البيانات وربط الحضور بالطلبات والرواتب والتسويات أكثر تعقيدًا ويضعف قابلية التدقيق.,"Companies need to manage employee data, shifts, attendance, leave, permissions, payroll, and financial requests within a single operational cycle while ensuring attendance takes place at the correct location and time, reducing manipulation opportunities, and isolating each company’s data and permissions. Splitting these processes across spreadsheets, attendance tools, and multiple systems also makes it harder to review data, connect attendance with requests, payroll, and settlements, and maintain a reliable audit trail.",add-en-content-field,Proposed English copy for bilingual implementation; review brand/proper-name spelling before production.
SMART-I18N-2156,database_public_cms,projects .json::دواماتيك — منصة إدارة الموارد البشرية والحضور الذكي,solution,تم بناء دواماتيك كمنصة SaaS متعددة الشركات تجمع إدارة الموارد البشرية والحضور وإدارة القوى العاملة في نظام مركزي واحد. توفر المنصة لوحة تشغيل للشركات لإدارة الموظفين والهيكل والعقود والمواقع والورديات والحضور والطلبات والرواتب والعمليات المالية، إلى جانب تطبيق جوال للموظف لتنفيذ الحضور والانصراف ومتابعة جدوله وطلباته وقسائم راتبه. يعتمد الحضور على التحقق من الموقع الجغرافي والوردية والجهاز والسياسة الأمنية، مع دعم مراجعة الحالات المشبوهة والتصحيحات وسجل تاريخي قابل للتدقيق. كما تربط المنصة الإجازات والأذونات والعمل الإضافي بالحضور ودورة Payroll Lite والسلف والقروض والمطالبات وإنهاء الخدمة، وتوجد لوحة مستقلة لإدارة منصة Dawamatic والشركات المشتركة والخطط والاشتراكات والتشغيل.,"Dawamatic was built as a multi-company SaaS platform that combines HR, attendance, and workforce management in one centralized system. It provides company operations dashboards for managing employees, organizational structure, contracts, locations, shifts, attendance, requests, payroll, and financial operations, plus a mobile employee app for clock-in/out, schedules, requests, and payslips. Attendance is validated against geolocation, shift, device, and security policies, with suspicious-case review, corrections, and auditable history. The platform also connects leave, permissions, and overtime with attendance, Payroll Lite, advances, loans, claims, and offboarding, and includes a separate dashboard for Dawamatic platform administration, subscribed companies, plans, subscriptions, and operations.",add-en-content-field,Proposed English copy for bilingual implementation; review brand/proper-name spelling before production.
SMART-I18N-2157,database_public_cms,projects .json::دواماتيك — منصة إدارة الموارد البشرية والحضور الذكي,results[0].label,توحيد دورة الموظف,Unified Employee Lifecycle,add-en-content-field,Proposed English copy for bilingual implementation; review brand/proper-name spelling before production.
SMART-I18N-2158,database_public_cms,projects .json::دواماتيك — منصة إدارة الموارد البشرية والحضور الذكي,results[0].value,جمع بيانات الموظف والعقد والدوام والطلبات والراتب والعمليات المالية وإنهاء الخدمة داخل دورة تشغيل مركزية واحدة.,"Combines employee data, contracts, schedules, requests, payroll, financial operations, and offboarding in one centralized operating cycle.",add-en-content-field,Proposed English copy for bilingual implementation; review brand/proper-name spelling before production.
SMART-I18N-2159,database_public_cms,projects .json::دواماتيك — منصة إدارة الموارد البشرية والحضور الذكي,results[1].label,حضور قابل للتحقق والمراجعة,Verifiable and Reviewable Attendance,add-en-content-field,Proposed English copy for bilingual implementation; review brand/proper-name spelling before production.
SMART-I18N-2160,database_public_cms,projects .json::دواماتيك — منصة إدارة الموارد البشرية والحضور الذكي,results[1].value,ربط تسجيل الحضور بالموقع الجغرافي والوردية والجهاز وسياسات المخاطر مع الاحتفاظ بالأحداث والتصحيحات والمراجعات.,"Links attendance events to geolocation, shifts, devices, and risk policies while retaining events, corrections, and reviews.",add-en-content-field,Proposed English copy for bilingual implementation; review brand/proper-name spelling before production.
SMART-I18N-2161,database_public_cms,projects .json::دواماتيك — منصة إدارة الموارد البشرية والحضور الذكي,results[2].label,فصل البيانات والصلاحيات,Data and Permission Isolation,add-en-content-field,Proposed English copy for bilingual implementation; review brand/proper-name spelling before production.
SMART-I18N-2162,database_public_cms,projects .json::دواماتيك — منصة إدارة الموارد البشرية والحضور الذكي,results[2].value,عزل بيانات كل شركة وتطبيق الأدوار ونطاقات الوصول على مستوى الخادم وقاعدة البيانات.,Isolates each company’s data and applies roles and access scopes at the server and database layers.,add-en-content-field,Proposed English copy for bilingual implementation; review brand/proper-name spelling before production.
SMART-I18N-2163,database_public_cms,projects .json::دواماتيك — منصة إدارة الموارد البشرية والحضور الذكي,results[3].label,دورة موافقات موحدة,Unified Approval Workflow,add-en-content-field,Proposed English copy for bilingual implementation; review brand/proper-name spelling before production.
SMART-I18N-2164,database_public_cms,projects .json::دواماتيك — منصة إدارة الموارد البشرية والحضور الذكي,results[3].value,معالجة الإجازات والأذونات والعمل الإضافي والطلبات المالية من خلال آلية موافقات مترابطة مع بيانات الموظف.,"Processes leave, permissions, overtime, and financial requests through an approval mechanism connected to employee data.",add-en-content-field,Proposed English copy for bilingual implementation; review brand/proper-name spelling before production.
SMART-I18N-2165,database_public_cms,projects .json::دواماتيك — منصة إدارة الموارد البشرية والحضور الذكي,results[4].label,إغلاق دورة الرواتب,Closed Payroll Cycle,add-en-content-field,Proposed English copy for bilingual implementation; review brand/proper-name spelling before production.
SMART-I18N-2166,database_public_cms,projects .json::دواماتيك — منصة إدارة الموارد البشرية والحضور الذكي,results[4].value,تحويل مدخلات الحضور والطلبات والعناصر المالية إلى دورة Payroll شهرية قابلة للمراجعة والإقفال وإصدار قسائم الرواتب.,"Transforms attendance, request, and financial inputs into a monthly Payroll cycle that can be reviewed, closed, and used to issue payslips.",add-en-content-field,Proposed English copy for bilingual implementation; review brand/proper-name spelling before production.
SMART-I18N-2167,database_public_cms,projects .json::دواماتيك — منصة إدارة الموارد البشرية والحضور الذكي,results[5].label,قابلية التدقيق,Auditability,add-en-content-field,Proposed English copy for bilingual implementation; review brand/proper-name spelling before production.
SMART-I18N-2168,database_public_cms,projects .json::دواماتيك — منصة إدارة الموارد البشرية والحضور الذكي,results[5].value,الاحتفاظ بتاريخ العمليات الحساسة والحضور والتعديلات والحركات المالية والموافقات دون طمس السجل السابق.,"Retains historical records of sensitive operations, attendance, modifications, financial movements, and approvals without obscuring prior history.",add-en-content-field,Proposed English copy for bilingual implementation; review brand/proper-name spelling before production.
SMART-I18N-2169,database_public_cms,projects .json::دواماتيك — منصة إدارة الموارد البشرية والحضور الذكي,features[0],إدارة متعددة الشركات مع عزل البيانات والصلاحيات,Multi-company management with data and permission isolation,add-en-content-field,Proposed English copy for bilingual implementation; review brand/proper-name spelling before production.
SMART-I18N-2170,database_public_cms,projects .json::دواماتيك — منصة إدارة الموارد البشرية والحضور الذكي,features[1],إدارة الهيكل التنظيمي والموظفين والعقود والتعويضات,"Organizational structure, employee, contract, and compensation management",add-en-content-field,Proposed English copy for bilingual implementation; review brand/proper-name spelling before production.
SMART-I18N-2171,database_public_cms,projects .json::دواماتيك — منصة إدارة الموارد البشرية والحضور الذكي,features[2],إدارة مواقع العمل والنطاقات الجغرافية,Work-location and geofence management,add-en-content-field,Proposed English copy for bilingual implementation; review brand/proper-name spelling before production.
SMART-I18N-2172,database_public_cms,projects .json::دواماتيك — منصة إدارة الموارد البشرية والحضور الذكي,features[3],إدارة الورديات والجداول وإسناد الموظفين,"Shift, schedule, and employee-assignment management",add-en-content-field,Proposed English copy for bilingual implementation; review brand/proper-name spelling before production.
SMART-I18N-2173,database_public_cms,projects .json::دواماتيك — منصة إدارة الموارد البشرية والحضور الذكي,features[4],حضور وانصراف عبر GPS مع التحقق من الموقع والوردية والجهاز,"GPS clock-in/out with location, shift, and device validation",add-en-content-field,Proposed English copy for bilingual implementation; review brand/proper-name spelling before production.
SMART-I18N-2174,database_public_cms,projects .json::دواماتيك — منصة إدارة الموارد البشرية والحضور الذكي,features[5],ربط الأجهزة والتحقق من سلامة التطبيق ومراجعة المخاطر,"Device binding, app-integrity verification, and risk review",add-en-content-field,Proposed English copy for bilingual implementation; review brand/proper-name spelling before production.
SMART-I18N-2175,database_public_cms,projects .json::دواماتيك — منصة إدارة الموارد البشرية والحضور الذكي,features[6],دعم الحضور المحدود دون اتصال والمزامنة الآمنة,Limited offline attendance with secure synchronization,add-en-content-field,Proposed English copy for bilingual implementation; review brand/proper-name spelling before production.
SMART-I18N-2176,database_public_cms,projects .json::دواماتيك — منصة إدارة الموارد البشرية والحضور الذكي,features[7],تصحيحات الحضور ومراجعة الحالات المشبوهة,Attendance corrections and suspicious-case review,add-en-content-field,Proposed English copy for bilingual implementation; review brand/proper-name spelling before production.
SMART-I18N-2177,database_public_cms,projects .json::دواماتيك — منصة إدارة الموارد البشرية والحضور الذكي,features[8],إدارة الإجازات والأذونات والعمل الإضافي والموافقات,"Leave, permission, overtime, and approval management",add-en-content-field,Proposed English copy for bilingual implementation; review brand/proper-name spelling before production.
SMART-I18N-2178,database_public_cms,projects .json::دواماتيك — منصة إدارة الموارد البشرية والحضور الذكي,features[9],Payroll Lite ودورات الرواتب وقسائم الموظفين,"Payroll Lite, payroll cycles, and employee payslips",add-en-content-field,Proposed English copy for bilingual implementation; review brand/proper-name spelling before production.
SMART-I18N-2179,database_public_cms,projects .json::دواماتيك — منصة إدارة الموارد البشرية والحضور الذكي,features[10],إدارة السلف والقروض والمطالبات والتسويات وإنهاء الخدمة,"Advance, loan, claim, settlement, and offboarding management",add-en-content-field,Proposed English copy for bilingual implementation; review brand/proper-name spelling before production.
SMART-I18N-2180,database_public_cms,projects .json::دواماتيك — منصة إدارة الموارد البشرية والحضور الذكي,features[11],الخدمة الذاتية للموظف والمدير والتقارير والإشعارات والتدقيق,"Employee and manager self-service, reports, notifications, and auditing",add-en-content-field,Proposed English copy for bilingual implementation; review brand/proper-name spelling before production.
SMART-I18N-2181,database_public_cms,projects .json::دواماتيك — منصة إدارة الموارد البشرية والحضور الذكي,industry,الموارد البشرية وإدارة القوى العاملة,Human Resources and Workforce Management,add-en-content-field,Proposed English copy for bilingual implementation; review brand/proper-name spelling before production.
SMART-I18N-2182,database_public_cms,projects .json::دواماتيك — منصة إدارة الموارد البشرية والحضور الذكي,stats[0].label,التطبيقات الرئيسية,Primary Applications,add-en-content-field,Proposed English copy for bilingual implementation; review brand/proper-name spelling before production.
SMART-I18N-2183,database_public_cms,projects .json::دواماتيك — منصة إدارة الموارد البشرية والحضور الذكي,stats[0].description,تطبيق الموظف ولوحة إدارة الشركة ولوحة إدارة المنصة,"Employee app, company administration dashboard, and platform administration dashboard",add-en-content-field,Proposed English copy for bilingual implementation; review brand/proper-name spelling before production.
SMART-I18N-2184,database_public_cms,projects .json::دواماتيك — منصة إدارة الموارد البشرية والحضور الذكي,stats[1].label,وحدات المنتج,Product Modules,add-en-content-field,Proposed English copy for bilingual implementation; review brand/proper-name spelling before production.
SMART-I18N-2185,database_public_cms,projects .json::دواماتيك — منصة إدارة الموارد البشرية والحضور الذكي,stats[1].description,وحدات رئيسية ضمن نطاق المنتج المعتمد,Core modules within the approved product scope,add-en-content-field,Proposed English copy for bilingual implementation; review brand/proper-name spelling before production.
SMART-I18N-2186,database_public_cms,projects .json::دواماتيك — منصة إدارة الموارد البشرية والحضور الذكي,stats[2].label,أدوار الشركة,Company Roles,add-en-content-field,Proposed English copy for bilingual implementation; review brand/proper-name spelling before production.
SMART-I18N-2187,database_public_cms,projects .json::دواماتيك — منصة إدارة الموارد البشرية والحضور الذكي,stats[2].description,أدوار تشغيلية أساسية بصلاحيات ونطاقات مختلفة,Core operational roles with different permissions and scopes,add-en-content-field,Proposed English copy for bilingual implementation; review brand/proper-name spelling before production.
SMART-I18N-2188,database_public_cms,projects .json::دواماتيك — منصة إدارة الموارد البشرية والحضور الذكي,seo.metaTitle,دواماتيك | منصة إدارة الموارد البشرية والحضور الجغرافي,Dawamatic | HR and Geolocation Attendance Management Platform,add-en-content-field,Proposed English copy for bilingual implementation; review brand/proper-name spelling before production.
SMART-I18N-2189,database_public_cms,projects .json::دواماتيك — منصة إدارة الموارد البشرية والحضور الذكي,seo.metaDescription,دواماتيك منصة SaaS لإدارة الموارد البشرية والحضور الجغرافي والورديات والإجازات والرواتب الأساسية، مع تطبيق للموظفين ولوحات متخصصة لإدارة الشركات.,"Dawamatic is a SaaS platform for HR, geolocation attendance, shifts, leave, and basic payroll, with an employee app and dedicated company administration dashboards.",add-en-content-field,Proposed English copy for bilingual implementation; review brand/proper-name spelling before production.
SMART-I18N-2190,database_public_cms,projects .json::دواماتيك — منصة إدارة الموارد البشرية والحضور الذكي,seo.keywords[0],دواماتيك,Dawamatic,add-en-content-field,Proposed English copy for bilingual implementation; review brand/proper-name spelling before production.
SMART-I18N-2191,database_public_cms,projects .json::دواماتيك — منصة إدارة الموارد البشرية والحضور الذكي,seo.keywords[2],إدارة الموارد البشرية,Human Resources Management,add-en-content-field,Proposed English copy for bilingual implementation; review brand/proper-name spelling before production.
SMART-I18N-2192,database_public_cms,projects .json::دواماتيك — منصة إدارة الموارد البشرية والحضور الذكي,seo.keywords[3],نظام الحضور والانصراف,Attendance Management System,add-en-content-field,Proposed English copy for bilingual implementation; review brand/proper-name spelling before production.
SMART-I18N-2193,database_public_cms,projects .json::دواماتيك — منصة إدارة الموارد البشرية والحضور الذكي,seo.keywords[4],الحضور عبر GPS,GPS Attendance,add-en-content-field,Proposed English copy for bilingual implementation; review brand/proper-name spelling before production.
SMART-I18N-2194,database_public_cms,projects .json::دواماتيك — منصة إدارة الموارد البشرية والحضور الذكي,seo.keywords[5],إدارة الموظفين,Employee Management,add-en-content-field,Proposed English copy for bilingual implementation; review brand/proper-name spelling before production.
SMART-I18N-2195,database_public_cms,projects .json::دواماتيك — منصة إدارة الموارد البشرية والحضور الذكي,seo.keywords[6],إدارة الورديات,Shift Management,add-en-content-field,Proposed English copy for bilingual implementation; review brand/proper-name spelling before production.
SMART-I18N-2196,database_public_cms,services.json::تصميم وتطوير مواقع الويب,title,تصميم وتطوير مواقع الويب,Web Design and Development,add-en-content-field,Proposed English copy for bilingual implementation; review brand/proper-name spelling before production.
SMART-I18N-2197,database_public_cms,services.json::تصميم وتطوير مواقع الويب,description,حلول ويب متكاملة بدءًا من المواقع البسيطة وحتى الأنظمة المعقدة، بأحدث التقنيات مثل Next.js وReact.,"Integrated web solutions ranging from simple websites to complex systems, built with modern technologies such as Next.js and React.",add-en-content-field,Proposed English copy for bilingual implementation; review brand/proper-name spelling before production.
SMART-I18N-2198,database_public_cms,services.json::تصميم وتطوير مواقع الويب,features[0],تصميم متجاوب,Responsive Design,add-en-content-field,Proposed English copy for bilingual implementation; review brand/proper-name spelling before production.
SMART-I18N-2199,database_public_cms,services.json::تصميم وتطوير مواقع الويب,features[1],SEO محسّن,SEO Optimized,add-en-content-field,Proposed English copy for bilingual implementation; review brand/proper-name spelling before production.
SMART-I18N-2200,database_public_cms,services.json::تصميم وتطوير مواقع الويب | services.json::حلول SaaS مخصصة,features[3] | features[2],أمان متقدم,Advanced Security,add-en-content-field,Proposed English copy for bilingual implementation; review brand/proper-name spelling before production.
SMART-I18N-2201,database_public_cms,services.json::تصميم وتطوير مواقع الويب,features[4],سهولة الصيانة,Easy Maintenance,add-en-content-field,Proposed English copy for bilingual implementation; review brand/proper-name spelling before production.
SMART-I18N-2202,database_public_cms,services.json::تصميم وتطوير مواقع الويب,shortDescription,حلول ويب متكاملة بأحدث التقنيات مثل Next.js وReact,Integrated web solutions using modern technologies such as Next.js and React,add-en-content-field,Proposed English copy for bilingual implementation; review brand/proper-name spelling before production.
SMART-I18N-2203,database_public_cms,services.json::تطوير تطبيقات الجوال,title,تطوير تطبيقات الجوال,Mobile App Development,add-en-content-field,Proposed English copy for bilingual implementation; review brand/proper-name spelling before production.
SMART-I18N-2204,database_public_cms,services.json::تطوير تطبيقات الجوال,description,تطبيقات جوال عالية الأداء لنظامي iOS وAndroid بتجربة مستخدم متميزة.,High-performance mobile applications for iOS and Android with an outstanding user experience.,add-en-content-field,Proposed English copy for bilingual implementation; review brand/proper-name spelling before production.
SMART-I18N-2205,database_public_cms,services.json::تطوير تطبيقات الجوال,features[2],واجهة مستخدم جذابة,Attractive User Interface,add-en-content-field,Proposed English copy for bilingual implementation; review brand/proper-name spelling before production.
SMART-I18N-2206,database_public_cms,services.json::تطوير تطبيقات الجوال,features[3],تكامل مع الخدمات السحابية,Cloud Service Integration,add-en-content-field,Proposed English copy for bilingual implementation; review brand/proper-name spelling before production.
SMART-I18N-2207,database_public_cms,services.json::تطوير تطبيقات الجوال,shortDescription,تطبيقات جوال عالية الأداء لنظامي iOS وAndroid,High-performance mobile applications for iOS and Android,add-en-content-field,Proposed English copy for bilingual implementation; review brand/proper-name spelling before production.
SMART-I18N-2208,database_public_cms,services.json::تصميم الهوية البصرية,title,تصميم الهوية البصرية,Visual Identity Design,add-en-content-field,Proposed English copy for bilingual implementation; review brand/proper-name spelling before production.
SMART-I18N-2209,database_public_cms,services.json::تصميم الهوية البصرية,description,بناء هوية بصرية متكاملة تعبر عن قيم علامتك التجارية وتجذب جمهورك المستهدف.,Build a complete visual identity that expresses your brand values and attracts your target audience.,add-en-content-field,Proposed English copy for bilingual implementation; review brand/proper-name spelling before production.
SMART-I18N-2210,database_public_cms,services.json::تصميم الهوية البصرية,features[0],تصميم شعار احترافي,Professional Logo Design,add-en-content-field,Proposed English copy for bilingual implementation; review brand/proper-name spelling before production.
SMART-I18N-2211,database_public_cms,services.json::تصميم الهوية البصرية,features[1],دليل الهوية البصرية,Visual Identity Guidelines,add-en-content-field,Proposed English copy for bilingual implementation; review brand/proper-name spelling before production.
SMART-I18N-2212,database_public_cms,services.json::تصميم الهوية البصرية,features[2],تصميم بطاقات العمل,Business Card Design,add-en-content-field,Proposed English copy for bilingual implementation; review brand/proper-name spelling before production.
SMART-I18N-2213,database_public_cms,services.json::تصميم الهوية البصرية,features[3],تصميم المطبوعات,Print Design,add-en-content-field,Proposed English copy for bilingual implementation; review brand/proper-name spelling before production.
SMART-I18N-2214,database_public_cms,services.json::تصميم الهوية البصرية,shortDescription,بناء هوية بصرية متكاملة تعبر عن قيم علامتك التجارية,Build a complete visual identity that expresses your brand values,add-en-content-field,Proposed English copy for bilingual implementation; review brand/proper-name spelling before production.
SMART-I18N-2215,database_public_cms,services.json::التسويق الرقمي,title,التسويق الرقمي,Digital Marketing,add-en-content-field,Proposed English copy for bilingual implementation; review brand/proper-name spelling before production.
SMART-I18N-2216,database_public_cms,services.json::التسويق الرقمي,description,حملات تسويقية مدروسة تعتمد على البيانات لتحقيق أعلى عائد على الاستثمار.,Data-driven marketing campaigns designed to achieve the highest return on investment.,add-en-content-field,Proposed English copy for bilingual implementation; review brand/proper-name spelling before production.
SMART-I18N-2217,database_public_cms,services.json::التسويق الرقمي,features[0],إدارة وسائل التواصل الاجتماعي,Social Media Management,add-en-content-field,Proposed English copy for bilingual implementation; review brand/proper-name spelling before production.
SMART-I18N-2218,database_public_cms,services.json::التسويق الرقمي,features[1],إعلانات مدفوعة,Paid Advertising,add-en-content-field,Proposed English copy for bilingual implementation; review brand/proper-name spelling before production.
SMART-I18N-2219,database_public_cms,services.json::التسويق الرقمي,features[2],تحسين محركات البحث (SEO),Search Engine Optimization (SEO),add-en-content-field,Proposed English copy for bilingual implementation; review brand/proper-name spelling before production.
SMART-I18N-2220,database_public_cms,services.json::التسويق الرقمي,features[3],تحليل الأداء,Performance Analysis,add-en-content-field,Proposed English copy for bilingual implementation; review brand/proper-name spelling before production.
SMART-I18N-2221,database_public_cms,services.json::التسويق الرقمي,shortDescription,حملات تسويقية مدروسة لتحقيق أعلى عائد على الاستثمار,Strategic marketing campaigns designed to maximize return on investment,add-en-content-field,Proposed English copy for bilingual implementation; review brand/proper-name spelling before production.
SMART-I18N-2222,database_public_cms,services.json::حلول SaaS مخصصة,title,حلول SaaS مخصصة,Custom SaaS Solutions,add-en-content-field,Proposed English copy for bilingual implementation; review brand/proper-name spelling before production.
SMART-I18N-2223,database_public_cms,services.json::حلول SaaS مخصصة,description,تصميم وتطوير أنظمة SaaS قابلة للتوسع مع إدارة كاملة للسحابة والبنية التحتية.,Design and development of scalable SaaS systems with complete cloud and infrastructure management.,add-en-content-field,Proposed English copy for bilingual implementation; review brand/proper-name spelling before production.
SMART-I18N-2224,database_public_cms,services.json::حلول SaaS مخصصة,features[0],معمارية قابلة للتوسع,Scalable Architecture,add-en-content-field,Proposed English copy for bilingual implementation; review brand/proper-name spelling before production.
SMART-I18N-2225,database_public_cms,services.json::حلول SaaS مخصصة | services.json::استضافة وإدارة السحابة,features[1],إدارة السحابة,Cloud Management,add-en-content-field,Proposed English copy for bilingual implementation; review brand/proper-name spelling before production.
SMART-I18N-2226,database_public_cms,services.json::حلول SaaS مخصصة,features[3],تكامل مع APIs,API Integration,add-en-content-field,Proposed English copy for bilingual implementation; review brand/proper-name spelling before production.
SMART-I18N-2227,database_public_cms,services.json::حلول SaaS مخصصة,shortDescription,تصميم وتطوير أنظمة SaaS قابلة للتوسع,Design and development of scalable SaaS systems,add-en-content-field,Proposed English copy for bilingual implementation; review brand/proper-name spelling before production.
SMART-I18N-2228,database_public_cms,services.json::تحليل البيانات,title | features[0],تحليل البيانات,Data Analytics,add-en-content-field,Proposed English copy for bilingual implementation; review brand/proper-name spelling before production.
SMART-I18N-2229,database_public_cms,services.json::تحليل البيانات,description,تحويل بياناتك إلى رؤى قابلة للتنفيذ لاتخاذ قرارات أعمال أكثر ذكاءً.,Turn your data into actionable insights for smarter business decisions.,add-en-content-field,Proposed English copy for bilingual implementation; review brand/proper-name spelling before production.
SMART-I18N-2230,database_public_cms,services.json::تحليل البيانات,features[1],تقارير تفاعلية,Interactive Reports,add-en-content-field,Proposed English copy for bilingual implementation; review brand/proper-name spelling before production.
SMART-I18N-2231,database_public_cms,services.json::تحليل البيانات,features[2],لوحات تحكم,Dashboards,add-en-content-field,Proposed English copy for bilingual implementation; review brand/proper-name spelling before production.
SMART-I18N-2232,database_public_cms,services.json::تحليل البيانات,features[3],تنبؤات ذكية,Smart Forecasting,add-en-content-field,Proposed English copy for bilingual implementation; review brand/proper-name spelling before production.
SMART-I18N-2233,database_public_cms,services.json::تحليل البيانات,shortDescription,تحويل بياناتك إلى رؤى قابلة للتنفيذ,Turn your data into actionable insights,add-en-content-field,Proposed English copy for bilingual implementation; review brand/proper-name spelling before production.
SMART-I18N-2234,database_public_cms,services.json::استضافة وإدارة السحابة,title,استضافة وإدارة السحابة,Hosting and Cloud Management,add-en-content-field,Proposed English copy for bilingual implementation; review brand/proper-name spelling before production.
SMART-I18N-2235,database_public_cms,services.json::استضافة وإدارة السحابة,description,حلول استضافة متقدمة مع إدارة كاملة للخوادم والسحابة لتضمن أداءً مثاليًا.,Advanced hosting solutions with full server and cloud management to ensure optimal performance.,add-en-content-field,Proposed English copy for bilingual implementation; review brand/proper-name spelling before production.
SMART-I18N-2236,database_public_cms,services.json::استضافة وإدارة السحابة,features[0],استضافة موثوقة,Reliable Hosting,add-en-content-field,Proposed English copy for bilingual implementation; review brand/proper-name spelling before production.
SMART-I18N-2237,database_public_cms,services.json::استضافة وإدارة السحابة,features[2],نسخ احتياطي تلقائي,Automated Backups,add-en-content-field,Proposed English copy for bilingual implementation; review brand/proper-name spelling before production.
SMART-I18N-2238,database_public_cms,services.json::استضافة وإدارة السحابة,shortDescription,حلول استضافة متقدمة مع إدارة كاملة للخوادم والسحابة,Advanced hosting solutions with full server and cloud management,add-en-content-field,Proposed English copy for bilingual implementation; review brand/proper-name spelling before production.
SMART-I18N-2239,database_public_cms,teammembers.json::عبد السلام معاد,fullName,عبد السلام معاد,Abdulsalam Moaad,add-en-content-field,Proposed English copy for bilingual implementation; review brand/proper-name spelling before production.
SMART-I18N-2240,database_public_cms,teammembers.json::عبد السلام معاد,role,مدير المشاريع,Project Manager,add-en-content-field,Proposed English copy for bilingual implementation; review brand/proper-name spelling before production.
SMART-I18N-2241,database_public_cms,teammembers.json::عبد السلام معاد,bio,عبد السلام معاد مهندس برمجيات موبايل متخصص في تطوير تطبيقات Flutter متعددة المنصات، يمتلك خبرة قوية في بناء التطبيقات باستخدام Clean Architecture وBloc/Cubit، مع تنفيذ تكاملات REST API، المصادقة الآمنة، التخزين المحلي، الإشعارات، الخرائط، والدردشة الفورية عبر Socket.IO. لديه خبرة إضافية في تحليل الأنظمة قبل التطوير، أتمتة العمليات باستخدام Python وn8n، إلى جانب خبرته في تدريس Flutter والبرمجة. شارك في تطوير تطبيقات تجارة إلكترونية وخدمات واسعة النطاق مثل Tagadod وTRAS Phone وSmart Store، مع تركيز واضح على الأداء، الأمان، وقابلية التوسع.,"Abdulsalam Moaad is a mobile software engineer specializing in cross-platform Flutter application development. He has strong experience building applications with Clean Architecture and Bloc/Cubit, implementing REST API integrations, secure authentication, local storage, notifications, maps, and real-time chat through Socket.IO. His additional experience includes system analysis before development, process automation using Python and n8n, and teaching Flutter and programming. He has contributed to large-scale e-commerce and service applications such as Tagadod, TRAS Phone, and Smart Store, with a clear focus on performance, security, and scalability.",add-en-content-field,Proposed English copy for bilingual implementation; review brand/proper-name spelling before production.
SMART-I18N-2242,database_public_cms,teammembers.json::عبد السلام معاد,funFact,مهووس بالتفاصيل التي لا يلاحظها الجميع,Obsessed with the details most people never notice,add-en-content-field,Proposed English copy for bilingual implementation; review brand/proper-name spelling before production.
SMART-I18N-2243,database_public_cms,teammembers.json::عبد السلام معاد,specializations[0],مطور تطبيقات موبايل,Mobile Application Developer,add-en-content-field,Proposed English copy for bilingual implementation; review brand/proper-name spelling before production.
SMART-I18N-2244,database_public_cms,teammembers.json::عبد السلام معاد,specializations[1],مسؤول تطوير المنتجات,Product Development Lead,add-en-content-field,Proposed English copy for bilingual implementation; review brand/proper-name spelling before production.
SMART-I18N-2245,database_public_cms,teammembers.json::عبد السلام معاد,specializations[2],محلل أنظمة,Systems Analyst,add-en-content-field,Proposed English copy for bilingual implementation; review brand/proper-name spelling before production.
SMART-I18N-2246,database_public_cms,teammembers.json::عبد السلام معاد,specializations[3],أتمتة العمليات,Process Automation,add-en-content-field,Proposed English copy for bilingual implementation; review brand/proper-name spelling before production.
SMART-I18N-2247,database_public_cms,teammembers.json::محمد مراد,role,مطور Backend متقدم,Advanced Backend Developer,add-en-content-field,Proposed English copy for bilingual implementation; review brand/proper-name spelling before production.
SMART-I18N-2248,database_public_cms,teammembers.json::محمد مراد,bio,محمد مراد، خريج علوم حاسوب ورائد أعمال تقني ومطور برمجيات متخصص في بناء الأنظمة والمنصات الرقمية الحديثة. أسس مشاريع ومنتجات SaaS متعددة، ويعمل على تطوير حلول تقنية تخدم السوق اليمني والعربي. يمتلك خبرة عملية في قيادة الفرق التقنية، تطوير المنتجات، إدارة المشاريع، وتشغيل الأنظمة على نطاق إنتاجي.,"Mohammed Murad is a computer science graduate, technology entrepreneur, and software developer specializing in building modern digital systems and platforms. He has founded multiple SaaS projects and products and works on technology solutions serving the Yemeni and Arab markets. He has practical experience leading technical teams, developing products, managing projects, and operating systems in production environments.",add-en-content-field,Proposed English copy for bilingual implementation; review brand/proper-name spelling before production.
SMART-I18N-2249,database_public_cms,teammembers.json::محمد مراد,funFact,يحب البرمجة ب اسلوب التيكا تاكا💖💙,Loves coding with a Tiki-Taka style 💖💙,add-en-content-field,Proposed English copy for bilingual implementation; review brand/proper-name spelling before production.
SMART-I18N-2250,database_public_cms,teammembers.json::محمد مراد,specializations[0],تطوير تطبيقات ومنصات SaaS,SaaS Application and Platform Development,add-en-content-field,Proposed English copy for bilingual implementation; review brand/proper-name spelling before production.
SMART-I18N-2251,database_public_cms,teammembers.json::محمد مراد,specializations[2],هندسة البرمجيات وبناء الأنظمة,Software Engineering and Systems Development,add-en-content-field,Proposed English copy for bilingual implementation; review brand/proper-name spelling before production.
SMART-I18N-2252,database_public_cms,teammembers.json::محمد مراد,specializations[3],تصميم وبناء Architecture للأنظمة,System Architecture Design and Development,add-en-content-field,Proposed English copy for bilingual implementation; review brand/proper-name spelling before production.
SMART-I18N-2253,database_public_cms,teammembers.json::محمد مراد,specializations[4],Backend Development و APIs,Backend Development and APIs,add-en-content-field,Proposed English copy for bilingual implementation; review brand/proper-name spelling before production.
SMART-I18N-2254,database_public_cms,teammembers.json::محمد مراد,specializations[5],DevOps وإدارة الخوادم والبنية التحتية,"DevOps, Server Management, and Infrastructure",add-en-content-field,Proposed English copy for bilingual implementation; review brand/proper-name spelling before production.
SMART-I18N-2255,database_public_cms,teammembers.json::محمد مراد,specializations[7],الذكاء الاصطناعي وتكاملاته داخل المنتجات,Artificial Intelligence and Product Integrations,add-en-content-field,Proposed English copy for bilingual implementation; review brand/proper-name spelling before production.
SMART-I18N-2256,database_public_cms,teammembers.json::محمد مراد,specializations[8],إدارة المنتجات التقنية وتحويل الأفكار إلى مشاريع ناجحة,Technical Product Management and Turning Ideas into Successful Projects,add-en-content-field,Proposed English copy for bilingual implementation; review brand/proper-name spelling before production.
SMART-I18N-2257,database_public_cms,teammembers.json::إيمان جميل,bio,مصممة تجارب مستخدم وواجهات رقمية أعمل على تحويل الأفكار إلى تجارب مرئية مدروسة، تجمع بين البساطة، الوضوح، والهوية البصرية المتناسقة. أؤمن بأن التصميم الجيد يبدأ بفهم المستخدم وينتهي بتجربة تُحسن قِيَل أن تُرى.,"A user-experience and digital-interface designer who turns ideas into thoughtful visual experiences combining simplicity, clarity, and a cohesive visual identity. I believe good design starts with understanding the user and ends with an experience that feels right before it is even noticed.",add-en-content-field,Proposed English copy for bilingual implementation; review brand/proper-name spelling before production.
SMART-I18N-2258,database_public_cms,teammembers.json::إيمان جميل,funFact,عقلية مدريدية ⚪، ولمسة أنيقة احترافية✨,"A Madridista mindset ⚪ with an elegant, professional touch ✨",add-en-content-field,Proposed English copy for bilingual implementation; review brand/proper-name spelling before production.
SMART-I18N-2259,database_public_cms,technologies.json::NestJS,description,إطار عمل Node.js قوي وقابل للتوسع,A powerful and scalable Node.js framework,add-en-content-field,Proposed English copy for bilingual implementation; review brand/proper-name spelling before production.
SMART-I18N-2260,database_public_cms,technologies.json::NestJS,tooltip,إطار عمل قوي لبناء واجهات برمجية سريعة وآمنة,A powerful framework for building fast and secure APIs,add-en-content-field,Proposed English copy for bilingual implementation; review brand/proper-name spelling before production.
SMART-I18N-2261,database_public_cms,technologies.json::React,description,مكتبة JavaScript لبناء واجهات المستخدم,A JavaScript library for building user interfaces,add-en-content-field,Proposed English copy for bilingual implementation; review brand/proper-name spelling before production.
SMART-I18N-2262,database_public_cms,technologies.json::React,tooltip,مكتبة لبناء واجهات مستخدم تفاعلية وسريعة,A library for building fast and interactive user interfaces,add-en-content-field,Proposed English copy for bilingual implementation; review brand/proper-name spelling before production.
SMART-I18N-2263,database_public_cms,technologies.json::Next.js,description,إطار عمل JavaScript تقدمي,A progressive JavaScript framework,add-en-content-field,Proposed English copy for bilingual implementation; review brand/proper-name spelling before production.
SMART-I18N-2264,database_public_cms,technologies.json::Next.js,tooltip,إطار عمل مرن لبناء واجهات مستخدم حديثة,A flexible framework for building modern user interfaces,add-en-content-field,Proposed English copy for bilingual implementation; review brand/proper-name spelling before production.
SMART-I18N-2265,database_public_cms,technologies.json::Node.js,description,بيئة تشغيل JavaScript من جانب الخادم,A server-side JavaScript runtime,add-en-content-field,Proposed English copy for bilingual implementation; review brand/proper-name spelling before production.
SMART-I18N-2266,database_public_cms,technologies.json::Node.js,tooltip,بيئة سريعة لبناء خدمات الويب المقاسة,A fast runtime for building scalable web services,add-en-content-field,Proposed English copy for bilingual implementation; review brand/proper-name spelling before production.
SMART-I18N-2267,database_public_cms,technologies.json::MongoDB,description,قاعدة بيانات NoSQL,A NoSQL database,add-en-content-field,Proposed English copy for bilingual implementation; review brand/proper-name spelling before production.
SMART-I18N-2268,database_public_cms,technologies.json::MongoDB,tooltip,قاعدة بيانات مرنة وسريعة لتخزين البيانات,A flexible and fast database for storing data,add-en-content-field,Proposed English copy for bilingual implementation; review brand/proper-name spelling before production.
SMART-I18N-2269,database_public_cms,technologies.json::PostgreSQL,description,قاعدة بيانات علائقية متقدمة,An advanced relational database,add-en-content-field,Proposed English copy for bilingual implementation; review brand/proper-name spelling before production.
SMART-I18N-2270,database_public_cms,technologies.json::PostgreSQL,tooltip,قاعدة بيانات قوية وموثوقة للبيانات المعقدة,A powerful and reliable database for complex data,add-en-content-field,Proposed English copy for bilingual implementation; review brand/proper-name spelling before production.
SMART-I18N-2271,database_public_cms,technologies.json::Docker,description,منصة للحاويات,A container platform,add-en-content-field,Proposed English copy for bilingual implementation; review brand/proper-name spelling before production.
SMART-I18N-2272,database_public_cms,technologies.json::Docker,tooltip,نستخدمها لتسهيل نشر التطبيقات وإدارتها,We use it to simplify application deployment and management,add-en-content-field,Proposed English copy for bilingual implementation; review brand/proper-name spelling before production.
SMART-I18N-2273,database_public_cms,technologies.json::AWS,description,خدمات سحابية من Amazon,Cloud services from Amazon,add-en-content-field,Proposed English copy for bilingual implementation; review brand/proper-name spelling before production.
SMART-I18N-2274,database_public_cms,technologies.json::AWS,tooltip,خدمات سحابية موثوقة لتشغيل التطبيقات,Reliable cloud services for running applications,add-en-content-field,Proposed English copy for bilingual implementation; review brand/proper-name spelling before production.
SMART-I18N-2275,database_public_cms,technologies.json::React Native Expo,description,إطار عمل لتطوير تطبيقات الجوال,A framework for mobile application development,add-en-content-field,Proposed English copy for bilingual implementation; review brand/proper-name spelling before production.
SMART-I18N-2276,database_public_cms,technologies.json::React Native Expo,tooltip,لبناء تطبيقات جوال أصلية بتقنية واحدة,Build native mobile applications with a single technology stack,add-en-content-field,Proposed English copy for bilingual implementation; review brand/proper-name spelling before production.
SMART-I18N-2277,database_public_cms,technologies.json::Flutter,description,إطار عمل Google لتطوير التطبيقات,Google’s application development framework,add-en-content-field,Proposed English copy for bilingual implementation; review brand/proper-name spelling before production.
SMART-I18N-2278,database_public_cms,technologies.json::Flutter,tooltip,إطار عمل Google لبناء تطبيقات جوال جميلة,Google’s framework for building beautiful mobile applications,add-en-content-field,Proposed English copy for bilingual implementation; review brand/proper-name spelling before production.
SMART-I18N-2279,database_public_cms,technologies.json::TypeScript,description,JavaScript مع أنواع البيانات,JavaScript with static types,add-en-content-field,Proposed English copy for bilingual implementation; review brand/proper-name spelling before production.
SMART-I18N-2280,database_public_cms,technologies.json::TypeScript,tooltip,يجعل الكود أكثر أماناً وسهولة في الصيانة,Makes code safer and easier to maintain,add-en-content-field,Proposed English copy for bilingual implementation; review brand/proper-name spelling before production.
SMART-I18N-2281,database_public_cms,technologies.json::GraphQL,description,لغة استعلام للواجهات البرمجية,A query language for APIs,add-en-content-field,Proposed English copy for bilingual implementation; review brand/proper-name spelling before production.
SMART-I18N-2282,database_public_cms,technologies.json::GraphQL,tooltip,لطلب البيانات بدقة وكفاءة عالية,Request data precisely and efficiently,add-en-content-field,Proposed English copy for bilingual implementation; review brand/proper-name spelling before production.
SMART-I18N-2283,database_public_cms,technologies.json::Redis,description,مخزن بيانات في الذاكرة,An in-memory data store,add-en-content-field,Proposed English copy for bilingual implementation; review brand/proper-name spelling before production.
SMART-I18N-2284,database_public_cms,technologies.json::Redis,tooltip,نستخدمها لسرعة استجابة البيانات (Caching),We use it to improve data response speed through caching,add-en-content-field,Proposed English copy for bilingual implementation; review brand/proper-name spelling before production.
SMART-I18N-2285,database_public_cms,technologies.json::Qdrant db,description,قاعدة بيانات متجهات (Vector Database) مفتوحة المصدر، ومحرك بحث مخصص للبحث عن التشابه الدلالي,An open-source vector database and search engine specialized in semantic similarity search,add-en-content-field,Proposed English copy for bilingual implementation; review brand/proper-name spelling before production.
SMART-I18N-2286,database_public_cms,technologies.json::Qdrant db,tooltip,قاعدة بيانات متجهات,A vector database,add-en-content-field,Proposed English copy for bilingual implementation; review brand/proper-name spelling before production.
SMART-I18N-2287,database_public_cms,technologies.json::Prometheus,description,"نظام مراقبة (Monitoring) وتنبيه مفتوح المصدر يُستخدم على نطاق واسع في إدارة الخوادم. يجمع ""بروميثيوس"" بيانات أداء الأنظمة بشكل دوري، ويخزنها في قاعدة بيانات، ويتيح للمستخدمين تحليلها وعرضها عبر أدوات خارجية مثل Grafana، أو إرسال تنبيهات فورية عند حدوث أعطال","An open-source monitoring and alerting system widely used for server management. Prometheus periodically collects system performance metrics, stores them in a time-series database, and enables analysis and visualization through external tools such as Grafana or real-time alerts when failures occur.",add-en-content-field,Proposed English copy for bilingual implementation; review brand/proper-name spelling before production.
SMART-I18N-2288,database_public_cms,technologies.json::Prometheus,tooltip,نظام مراقبة (Monitoring) وتنبيه مفتوح المصدر يُستخدم على نطاق واسع في إدارة الخوادم,An open-source monitoring and alerting system widely used in server management,add-en-content-field,Proposed English copy for bilingual implementation; review brand/proper-name spelling before production.
SMART-I18N-2289,database_public_cms,technologies.json::Kubernetes,description,"هي منصة مفتوحة المصدر لإدارة وأتمتة تطبيقات ""الحاويات"" (Containers). تم تصميمها في الأصل بواسطة Google وتُستخدم لنشر تطبيقاتك، توسيع نطاقها (تكبيرها/تصغيرها)، وصيانتها عبر خوادم متعددة بشكل آلي ودون أي تدخل يدوي.","An open-source platform for managing and automating containerized applications. Originally designed by Google, Kubernetes is used to deploy, scale up or down, and maintain applications automatically across multiple servers with minimal manual intervention.",add-en-content-field,Proposed English copy for bilingual implementation; review brand/proper-name spelling before production.
SMART-I18N-2290,database_public_cms,technologies.json::Kubernetes,tooltip,"منصة مفتوحة المصدر لإدارة وأتمتة تطبيقات ""الحاويات"" (Containers).",An open-source platform for managing and automating containerized applications.,add-en-content-field,Proposed English copy for bilingual implementation; review brand/proper-name spelling before production.
SMART-I18N-2291,database_public_cms,technologies.json::Garfana,description,منصة مفتوحة المصدر تُستخدم أساساً لتحليل البيانات وإنشاء لوحات معلومات (Dashboards) تفاعلية ورسوم بيانية احترافية. وظيفته الأساسية هي أخذ البيانات المعقدة وعرضها بصورة مرئية واضحة ومفهومة في الوقت الفعلي.,"An open-source platform primarily used for data analysis and for creating interactive dashboards and professional charts. Its core role is to turn complex data into clear, understandable, real-time visualizations.",add-en-content-field,Proposed English copy for bilingual implementation; review brand/proper-name spelling before production.
SMART-I18N-2292,database_public_cms,technologies.json::Garfana,tooltip,منصة تُستخدم أساساً لتحليل البيانات وإنشاء لوحات معلومات (Dashboards) تفاعلية ورسوم بيانية احترافية,A platform primarily used for data analysis and for creating interactive dashboards and professional charts,add-en-content-field,Proposed English copy for bilingual implementation; review brand/proper-name spelling before production.
SMART-I18N-2293,database_public_cms,technologies.json::Ansible,description,هو أداة برمجية مفتوحة المصدر تُستخدم لأتمتة مهام تكنولوجيا المعلومات (IT Automation)، مثل إدارة التكوينات، ونشر التطبيقات، وإدارة البنية التحتية ككود (Infrastructure as Code).,"An open-source software tool used to automate IT tasks such as configuration management, application deployment, and Infrastructure as Code.",add-en-content-field,Proposed English copy for bilingual implementation; review brand/proper-name spelling before production.
SMART-I18N-2294,database_public_cms,technologies.json::Ansible,tooltip,أداة برمجية مفتوحة المصدر تُستخدم لأتمتة مهام تكنولوجيا المعلومات (IT Automation)،,An open-source software tool used to automate IT tasks,add-en-content-field,Proposed English copy for bilingual implementation; review brand/proper-name spelling before production.
SMART-I18N-2295,database_public_cms,technologies.json::Tailwind CSS,description,"إطار عمل (Framework) حديث ومبني بلغة CSS، يعتمد على فلسفة ""الأولوية للأداة"" (Utility-First). بدلاً من توفير قوالب وأزرار جاهزة كما تفعل أطر العمل التقليدية (مثل Bootstrap)، فإنه يقدم فئات (Classes) صغيرة ومحددة تقوم بوظيفة واحدة (مثل إضافة مسافة، أو تغيير لون).","A modern CSS framework based on a Utility-First philosophy. Rather than providing prebuilt templates and buttons like traditional frameworks such as Bootstrap, it provides small, focused classes that each perform a specific function, such as adding spacing or changing a color.",add-en-content-field,Proposed English copy for bilingual implementation; review brand/proper-name spelling before production.
SMART-I18N-2296,database_public_cms,technologies.json::Tailwind CSS,tooltip,إطار عمل (Framework) حديث ومبني بلغة CSS،,A modern framework built with CSS,add-en-content-field,Proposed English copy for bilingual implementation; review brand/proper-name spelling before production.
SMART-I18N-2297,database_public_cms,technologies.json::RabbitMQ ,description,"وسيط رسائل (Message Broker) مفتوح المصدر؛ يعمل كنظام أساسي لاستلام وتخزين وتوجيه الرسائل بين التطبيقات أو الخدمات المختلفة. يشبه ""مكتب بريد"" ذكي يضمن تواصل الأنظمة الموزعة مع بعضها البعض بشكل غير متزامن وموثوق.","An open-source message broker that receives, stores, and routes messages between different applications or services. It acts like an intelligent post office that allows distributed systems to communicate asynchronously and reliably.",add-en-content-field,Proposed English copy for bilingual implementation; review brand/proper-name spelling before production.
SMART-I18N-2298,database_public_cms,technologies.json::RabbitMQ ,tooltip,يعمل كنظام أساسي لاستلام وتخزين وتوجيه الرسائل بين التطبيقات أو الخدمات المختلفة.,"A system for receiving, storing, and routing messages between different applications or services.",add-en-content-field,Proposed English copy for bilingual implementation; review brand/proper-name spelling before production.
SMART-I18N-2299,database_public_cms,technologies.json::WebSocket ,description,بروتوكول اتصال مبني على شبكة الإنترنت يوفر اتصالاً مستمراً وثنائي الاتجاه (Full-duplex) بين المتصفح (العميل) والخادم (Server). يسمح بتبادل البيانات الفوري واللحظي بمجرد فتح الاتصال، دون الحاجة إلى إرسال طلبات (HTTP) جديدة ومتكررة في كل مرة.,"A web communication protocol that provides a persistent, bidirectional full-duplex connection between a browser or client and a server. It enables immediate real-time data exchange once the connection is established without requiring repeated new HTTP requests.",add-en-content-field,Proposed English copy for bilingual implementation; review brand/proper-name spelling before production.
SMART-I18N-2300,database_public_cms,technologies.json::WebSocket ,tooltip,يسمح بتبادل البيانات الفوري واللحظي بمجرد فتح الاتصال، دون الحاجة إلى إرسال طلبات (HTTP) جديدة ومتكررة في كل مرة.,Enables immediate real-time data exchange once the connection is established without repeated new HTTP requests.,add-en-content-field,Proposed English copy for bilingual implementation; review brand/proper-name spelling before production.
SMART-I18N-2301,database_public_cms,technologies.json::SQLite,description,هي محرك قواعد بيانات علائقي مدمج ومفتوح المصدر. على عكس قواعد البيانات التقليدية، لا تتطلب خادماً مستقلاً (Serverless). بدلاً من ذلك، يتم تخزين قاعدة البيانات بالكامل داخل ملف واحد بسيط يمكن نسخه ونقله بسهولة تامة.,"An embedded, open-source relational database engine. Unlike traditional databases, SQLite does not require a separate server. Instead, the entire database is stored in a single simple file that can be copied and moved easily.",add-en-content-field,Proposed English copy for bilingual implementation; review brand/proper-name spelling before production.
SMART-I18N-2302,database_public_cms,technologies.json::SQLite,tooltip,تستخدم للتخزين المحلي للتطبيقات لكي تكون لديها وضع اوفلاين,Used for local application storage to provide offline functionality,add-en-content-field,Proposed English copy for bilingual implementation; review brand/proper-name spelling before production.
SMART-I18N-2303,database_public_cms,testimonials.json::محمد العلي,clientName,محمد العلي,Mohammed Al-Ali,add-en-content-field,Proposed English copy for bilingual implementation; review brand/proper-name spelling before production.
SMART-I18N-2304,database_public_cms,testimonials.json::محمد العلي,position,المدير التنفيذي,Chief Executive Officer,add-en-content-field,Proposed English copy for bilingual implementation; review brand/proper-name spelling before production.
SMART-I18N-2305,database_public_cms,testimonials.json::محمد العلي,companyName,شركة التجارة الإلكترونية,E-Commerce Company,add-en-content-field,Proposed English copy for bilingual implementation; review brand/proper-name spelling before production.
SMART-I18N-2306,database_public_cms,testimonials.json::محمد العلي,content,لقد كانت تجربة رائعة العمل مع Smart Agency. فريق محترف ومتفاني، وقد نجحوا في تطوير نظام متجر إلكتروني متكامل يفوق توقعاتنا. الأداء ممتاز والدعم الفني مستمر.,"Working with Smart Agency was a great experience. The team was professional and dedicated, and they successfully developed an integrated e-commerce system that exceeded our expectations. Performance is excellent and technical support is continuous.",add-en-content-field,Proposed English copy for bilingual implementation; review brand/proper-name spelling before production.
SMART-I18N-2307,database_public_cms,testimonials.json::فاطمة السالم,clientName,فاطمة السالم,Fatima Al-Salem,add-en-content-field,Proposed English copy for bilingual implementation; review brand/proper-name spelling before production.
SMART-I18N-2308,database_public_cms,testimonials.json::فاطمة السالم,position,مديرة التطوير,Development Manager,add-en-content-field,Proposed English copy for bilingual implementation; review brand/proper-name spelling before production.
SMART-I18N-2309,database_public_cms,testimonials.json::فاطمة السالم,companyName,شركة الإنتاجية,Productivity Company,add-en-content-field,Proposed English copy for bilingual implementation; review brand/proper-name spelling before production.
SMART-I18N-2310,database_public_cms,testimonials.json::فاطمة السالم,content,تطبيق إدارة المهام الذي طوروه لنا غير طريقة عملنا بالكامل. أصبحنا أكثر إنتاجية وتنظيماً. التطبيق سهل الاستخدام وسريع، والفريق كان متجاوباً جداً مع متطلباتنا.,"The task-management application they developed for us completely changed the way we work. We became more productive and organized. The application is easy to use and fast, and the team was highly responsive to our requirements.",add-en-content-field,Proposed English copy for bilingual implementation; review brand/proper-name spelling before production.
SMART-I18N-2311,database_public_cms,testimonials.json::خالد النجار,clientName,خالد النجار,Khaled Al-Najjar,add-en-content-field,Proposed English copy for bilingual implementation; review brand/proper-name spelling before production.
SMART-I18N-2312,database_public_cms,testimonials.json::خالد النجار,position,مدير تقنية المعلومات,IT Manager,add-en-content-field,Proposed English copy for bilingual implementation; review brand/proper-name spelling before production.
SMART-I18N-2313,database_public_cms,testimonials.json::خالد النجار,companyName,مصنع التصنيع المتقدم,Advanced Manufacturing Factory,add-en-content-field,Proposed English copy for bilingual implementation; review brand/proper-name spelling before production.
SMART-I18N-2314,database_public_cms,testimonials.json::خالد النجار,content,نظام ERP الذي طوروه لنا ساعدنا في تحسين عملياتنا بشكل كبير. تقليل التكاليف وزيادة الكفاءة كانت نتائج ملموسة. أنصح بشدة بالعمل معهم.,The ERP system they developed for us helped us significantly improve our operations. Lower costs and higher efficiency were tangible results. I highly recommend working with them.,add-en-content-field,Proposed English copy for bilingual implementation; review brand/proper-name spelling before production.
SMART-I18N-2315,database_public_cms,testimonials.json::نورا أحمد,clientName,نورا أحمد,Noura Ahmed,add-en-content-field,Proposed English copy for bilingual implementation; review brand/proper-name spelling before production.
SMART-I18N-2316,database_public_cms,testimonials.json::نورا أحمد,position,المؤسسة والمديرة,Founder and Manager,add-en-content-field,Proposed English copy for bilingual implementation; review brand/proper-name spelling before production.
SMART-I18N-2317,database_public_cms,testimonials.json::نورا أحمد,companyName,متجر الأزياء الأنيق,Elegant Fashion Store,add-en-content-field,Proposed English copy for bilingual implementation; review brand/proper-name spelling before production.
SMART-I18N-2318,database_public_cms,testimonials.json::نورا أحمد,content,المتجر الإلكتروني الذي طوروه لنا جميل وسهل الاستخدام. المبيعات زادت بشكل كبير منذ إطلاقه. الفريق كان محترفاً ومتابعاً لكل التفاصيل.,The online store they developed for us is beautiful and easy to use. Sales have increased significantly since launch. The team was professional and attentive to every detail.,add-en-content-field,Proposed English copy for bilingual implementation; review brand/proper-name spelling before production.
SMART-I18N-2319,database_operational,users.json::فاطمة علي,name,فاطمة علي,Fatima Ali,do-not-auto-translate-user-generated,Audit translation/transliteration only; do not persist as a second-language copy of user-entered operational data.
SMART-I18N-2320,database_operational,users.json::خالد حسن,name,خالد حسن,Khaled Hassan,do-not-auto-translate-user-generated,Audit translation/transliteration only; do not persist as a second-language copy of user-entered operational data.
