id,source_type,source,field_or_context,arabic_text,english_translation,treatment,translation_note
SMART-I18N-0001,frontend_public_static,frontend/src/pages/about.tsx:53,double,من نحن | Smart Agency,About Us | Smart Agency,i18n-public-ui,Proposed English copy for bilingual implementation; review brand/proper-name spelling before production.
SMART-I18N-0002,frontend_public_static,frontend/src/pages/about.tsx:54,double,تعرف على وكالة سمارت ورؤيتنا وقصتنا في تقديم الحلول الرقمية المبتكرة.,"Learn about Smart Agency, our vision, our story, and how we deliver innovative digital solutions.",i18n-public-ui,Proposed English copy for bilingual implementation; review brand/proper-name spelling before production.
SMART-I18N-0003,frontend_public_static,frontend/src/pages/about.tsx:55,double,"وكالة سمارت, حلول رقمية, تطوير مواقع, تصميم واجهات","Smart Agency, digital solutions, web development, interface design",i18n-public-ui,Proposed English copy for bilingual implementation; review brand/proper-name spelling before production.
SMART-I18N-0004,frontend_public_static,frontend/src/pages/about.tsx:138,jsx,لا توجد بيانات متاحة,No data available,i18n-public-ui,Proposed English copy for bilingual implementation; review brand/proper-name spelling before production.
SMART-I18N-0005,frontend_public_static,frontend/src/pages/about.tsx:139,jsx,نواجه مشكلة في عرض تفاصيل هذه الصفحة حالياً.,We are currently having trouble displaying the details of this page.,i18n-public-ui,Proposed English copy for bilingual implementation; review brand/proper-name spelling before production.
SMART-I18N-0006,frontend_public_static,frontend/src/pages/blog.tsx:67,double,تعذر تحميل المقالات. حاول مرة أخرى.,Unable to load articles. Please try again.,i18n-public-ui,Proposed English copy for bilingual implementation; review brand/proper-name spelling before production.
SMART-I18N-0007,frontend_public_static,frontend/src/pages/blog.tsx:104,jsx,كل الأنواع,All types,i18n-public-ui,Proposed English copy for bilingual implementation; review brand/proper-name spelling before production.
SMART-I18N-0008,frontend_public_static,frontend/src/pages/blog.tsx:105,jsx,مقالات,Articles,i18n-public-ui,Proposed English copy for bilingual implementation; review brand/proper-name spelling before production.
SMART-I18N-0009,frontend_public_static,frontend/src/pages/blog.tsx:106,jsx,أدلة عملية,Practical Guides,i18n-public-ui,Proposed English copy for bilingual implementation; review brand/proper-name spelling before production.
SMART-I18N-0010,frontend_public_static,frontend/src/pages/blog.tsx:107,jsx,دراسات حالة,Case Studies,i18n-public-ui,Proposed English copy for bilingual implementation; review brand/proper-name spelling before production.
SMART-I18N-0011,frontend_public_static,frontend/src/pages/blog.tsx:108,jsx,رؤى تقنية,Tech Insights,i18n-public-ui,Proposed English copy for bilingual implementation; review brand/proper-name spelling before production.
SMART-I18N-0012,frontend_public_static,frontend/src/pages/blog.tsx:109,jsx,أخبار,News,i18n-public-ui,Proposed English copy for bilingual implementation; review brand/proper-name spelling before production.
SMART-I18N-0013,frontend_public_static,frontend/src/pages/blog.tsx:116,jsx,الأحدث,Latest,i18n-public-ui,Proposed English copy for bilingual implementation; review brand/proper-name spelling before production.
SMART-I18N-0014,frontend_public_static,frontend/src/pages/blog.tsx:117 | frontend/src/components/blog/BlogSidebar.tsx:20,jsx,الأكثر قراءة,Most Read,i18n-public-ui,Proposed English copy for bilingual implementation; review brand/proper-name spelling before production.
SMART-I18N-0015,frontend_public_static,frontend/src/pages/blog.tsx:118,jsx,المميز أولاً,Featured First,i18n-public-ui,Proposed English copy for bilingual implementation; review brand/proper-name spelling before production.
SMART-I18N-0016,frontend_public_static,frontend/src/pages/blogDetails.tsx:108,double,تعذر تحميل المقال. تأكد من الرابط وحاول مرة أخرى.,Unable to load the article. Check the link and try again.,i18n-public-ui,Proposed English copy for bilingual implementation; review brand/proper-name spelling before production.
SMART-I18N-0017,frontend_public_static,frontend/src/pages/blogDetails.tsx:130,jsx,جاري تحميل المقال...,Loading article...,i18n-public-ui,Proposed English copy for bilingual implementation; review brand/proper-name spelling before production.
SMART-I18N-0018,frontend_public_static,frontend/src/pages/blogDetails.tsx:139,double,المقال غير موجود,Article not found,i18n-public-ui,Proposed English copy for bilingual implementation; review brand/proper-name spelling before production.
SMART-I18N-0019,frontend_public_static,frontend/src/pages/blogDetails.tsx:139,jsx,"{error || ""المقال غير موجود""}","{error || ""Article not found""}",i18n-public-ui,Proposed English copy for bilingual implementation; review brand/proper-name spelling before production.
SMART-I18N-0020,frontend_public_static,frontend/src/pages/blogDetails.tsx:183,jsx,ملخص سريع,Quick Summary,i18n-public-ui,Proposed English copy for bilingual implementation; review brand/proper-name spelling before production.
SMART-I18N-0021,frontend_public_static,frontend/src/pages/bot.tsx:9 | frontend/src/components/BotTeaser.tsx:61,double,ردود ذكية,Smart Responses,i18n-public-ui,Proposed English copy for bilingual implementation; review brand/proper-name spelling before production.
SMART-I18N-0022,frontend_public_static,frontend/src/pages/bot.tsx:10,double,يحلل استفسارات العملاء ويقدم إجابات دقيقة بناءً على معلومات نشاطك,Analyzes customer inquiries and provides accurate answers based on your business information,i18n-public-ui,Proposed English copy for bilingual implementation; review brand/proper-name spelling before production.
SMART-I18N-0023,frontend_public_static,frontend/src/pages/bot.tsx:14,double,متعدد المنصات,Multi-Platform,i18n-public-ui,Proposed English copy for bilingual implementation; review brand/proper-name spelling before production.
SMART-I18N-0024,frontend_public_static,frontend/src/pages/bot.tsx:15,double,يعمل على واتساب، إنستغرام، موقعك وحتى رسائل SMS,"Works on WhatsApp, Instagram, your website, and even SMS",i18n-public-ui,Proposed English copy for bilingual implementation; review brand/proper-name spelling before production.
SMART-I18N-0025,frontend_public_static,frontend/src/pages/bot.tsx:19,double,دعم 24/7,24/7 Support,i18n-public-ui,Proposed English copy for bilingual implementation; review brand/proper-name spelling before production.
SMART-I18N-0026,frontend_public_static,frontend/src/pages/bot.tsx:20,double,يقدم خدمة العملاء على مدار الساعة دون توقف,Provides customer service around the clock without interruption,i18n-public-ui,Proposed English copy for bilingual implementation; review brand/proper-name spelling before production.
SMART-I18N-0027,frontend_public_static,frontend/src/pages/bot.tsx:24,double,تكامل سهل,Easy Integration,i18n-public-ui,Proposed English copy for bilingual implementation; review brand/proper-name spelling before production.
SMART-I18N-0028,frontend_public_static,frontend/src/pages/bot.tsx:25,double,يتكامل مع أدواتك الحالية في دقائق بدون تعقيد,Integrates with your existing tools in minutes without complexity,i18n-public-ui,Proposed English copy for bilingual implementation; review brand/proper-name spelling before production.
SMART-I18N-0029,frontend_public_static,frontend/src/pages/bot.tsx:64 | frontend/src/components/BotTeaser.tsx:41,jsx,لخدمة العملاء,for Customer Service,i18n-public-ui,Proposed English copy for bilingual implementation; review brand/proper-name spelling before production.
SMART-I18N-0030,frontend_public_static,frontend/src/pages/bot.tsx:113,jsx,أهلاً 👋 أنا مساعدك الذكي، كيف يمكنني مساعدتك اليوم؟,Hello 👋 I’m your smart assistant. How can I help you today?,i18n-public-ui,Proposed English copy for bilingual implementation; review brand/proper-name spelling before production.
SMART-I18N-0031,frontend_public_static,frontend/src/pages/bot.tsx:134,jsx,تميزنا,What Sets Us Apart,i18n-public-ui,Proposed English copy for bilingual implementation; review brand/proper-name spelling before production.
SMART-I18N-0032,frontend_public_static,frontend/src/pages/bot.tsx:171,jsx,جاهز لتحويل خدمة عملائك؟,Ready to transform your customer service?,i18n-public-ui,Proposed English copy for bilingual implementation; review brand/proper-name spelling before production.
SMART-I18N-0033,frontend_public_static,frontend/src/pages/contact.tsx:47,double,استفسار عام,General Inquiry,i18n-public-ui,Proposed English copy for bilingual implementation; review brand/proper-name spelling before production.
SMART-I18N-0034,frontend_public_static,frontend/src/pages/contact.tsx:48,double,شراكة,Partnership,i18n-public-ui,Proposed English copy for bilingual implementation; review brand/proper-name spelling before production.
SMART-I18N-0035,frontend_public_static,frontend/src/pages/contact.tsx:49,double,دعم فني,Technical Support,i18n-public-ui,Proposed English copy for bilingual implementation; review brand/proper-name spelling before production.
SMART-I18N-0036,frontend_public_static,frontend/src/pages/contact.tsx:50,double,طلب اجتماع,Meeting Request,i18n-public-ui,Proposed English copy for bilingual implementation; review brand/proper-name spelling before production.
SMART-I18N-0037,frontend_public_static,frontend/src/pages/contact.tsx:51,double,طلب عرض سعر,Request a Quote,i18n-public-ui,Proposed English copy for bilingual implementation; review brand/proper-name spelling before production.
SMART-I18N-0038,frontend_public_static,frontend/src/pages/contact.tsx:56,double,هل الاستشارة الأولية مجانية؟,Is the initial consultation free?,i18n-public-ui,Proposed English copy for bilingual implementation; review brand/proper-name spelling before production.
SMART-I18N-0039,frontend_public_static,frontend/src/pages/contact.tsx:58,double,نعم، نراجع الفكرة مبدئيًا ونقترح الخطوة الأنسب دون أي تكلفة.,Yes. We review your idea at a high level and recommend the most suitable next step at no cost.,i18n-public-ui,Proposed English copy for bilingual implementation; review brand/proper-name spelling before production.
SMART-I18N-0040,frontend_public_static,frontend/src/pages/contact.tsx:61,double,كم يستغرق الرد؟,How long does it take to receive a response?,i18n-public-ui,Proposed English copy for bilingual implementation; review brand/proper-name spelling before production.
SMART-I18N-0041,frontend_public_static,frontend/src/pages/contact.tsx:62,double,عادة خلال 24 ساعة عمل. للأمور العاجلة يمكنك التواصل عبر واتساب.,"Usually within 24 business hours. For urgent matters, you can contact us via WhatsApp.",i18n-public-ui,Proposed English copy for bilingual implementation; review brand/proper-name spelling before production.
SMART-I18N-0042,frontend_public_static,frontend/src/pages/contact.tsx:65,double,هل تعملون مع عملاء خارج اليمن؟,Do you work with clients outside Yemen?,i18n-public-ui,Proposed English copy for bilingual implementation; review brand/proper-name spelling before production.
SMART-I18N-0043,frontend_public_static,frontend/src/pages/contact.tsx:67,double,نعم، نستطيع العمل عن بُعد مع عملاء من مختلف الدول حسب طبيعة المشروع.,Yes. We can work remotely with clients from different countries depending on the nature of the project.,i18n-public-ui,Proposed English copy for bilingual implementation; review brand/proper-name spelling before production.
SMART-I18N-0044,frontend_public_static,frontend/src/pages/contact.tsx:70,double,هل يمكن إرسال ملف أو وصف كامل للمشروع؟,Can I send a file or a complete project brief?,i18n-public-ui,Proposed English copy for bilingual implementation; review brand/proper-name spelling before production.
SMART-I18N-0045,frontend_public_static,frontend/src/pages/contact.tsx:72,double,نعم، يمكن إرساله عبر البريد الإلكتروني أو ذكر روابط مرجعية في نموذج التواصل.,Yes. You can send it by email or include reference links in the contact form.,i18n-public-ui,Proposed English copy for bilingual implementation; review brand/proper-name spelling before production.
SMART-I18N-0046,frontend_public_static,frontend/src/pages/contact.tsx:78,double,لديك فكرة مشروع واضحة,You have a clear project idea,i18n-public-ui,Proposed English copy for bilingual implementation; review brand/proper-name spelling before production.
SMART-I18N-0047,frontend_public_static,frontend/src/pages/contact.tsx:79 | frontend/src/pages/contact.tsx:254 | frontend/src/pages/contact.tsx:503 | frontend/src/components/blog/ArticleCTA.tsx:9,double | jsx,ابدأ مشروعك,Start Your Project,i18n-public-ui,Proposed English copy for bilingual implementation; review brand/proper-name spelling before production.
SMART-I18N-0048,frontend_public_static,frontend/src/pages/contact.tsx:84,double,لديك سؤال سريع,You have a quick question,i18n-public-ui,Proposed English copy for bilingual implementation; review brand/proper-name spelling before production.
SMART-I18N-0049,frontend_public_static,frontend/src/pages/contact.tsx:85,double,تواصل عبر واتساب,Contact Us on WhatsApp,i18n-public-ui,Proposed English copy for bilingual implementation; review brand/proper-name spelling before production.
SMART-I18N-0050,frontend_public_static,frontend/src/pages/contact.tsx:91,double,لديك عرض شراكة أو ملف رسمي,You have a partnership proposal or an official document,i18n-public-ui,Proposed English copy for bilingual implementation; review brand/proper-name spelling before production.
SMART-I18N-0051,frontend_public_static,frontend/src/pages/contact.tsx:92,double,راسلنا عبر البريد,Email Us,i18n-public-ui,Proposed English copy for bilingual implementation; review brand/proper-name spelling before production.
SMART-I18N-0052,frontend_public_static,frontend/src/pages/contact.tsx:98,double,تريد معرفة خدماتنا,You want to learn about our services,i18n-public-ui,Proposed English copy for bilingual implementation; review brand/proper-name spelling before production.
SMART-I18N-0053,frontend_public_static,frontend/src/pages/contact.tsx:99,double,تصفح الخدمات,Browse Services,i18n-public-ui,Proposed English copy for bilingual implementation; review brand/proper-name spelling before production.
SMART-I18N-0054,frontend_public_static,frontend/src/pages/contact.tsx:159,double,فشل إرسال الرسالة. يرجى المحاولة مرة أخرى.,Failed to send the message. Please try again.,i18n-public-ui,Proposed English copy for bilingual implementation; review brand/proper-name spelling before production.
SMART-I18N-0055,frontend_public_static,frontend/src/pages/contact.tsx:211,jsx,فريقنا جاهز للاستجابة,Our team is ready to respond,i18n-public-ui,Proposed English copy for bilingual implementation; review brand/proper-name spelling before production.
SMART-I18N-0056,frontend_public_static,frontend/src/pages/contact.tsx:216,jsx,نحب سماع الأفكار الجادة,We love hearing serious ideas,i18n-public-ui,Proposed English copy for bilingual implementation; review brand/proper-name spelling before production.
SMART-I18N-0057,frontend_public_static,frontend/src/pages/contact.tsx:226,double,نرد خلال 24 ساعة,We respond within 24 hours,i18n-public-ui,Proposed English copy for bilingual implementation; review brand/proper-name spelling before production.
SMART-I18N-0058,frontend_public_static,frontend/src/pages/contact.tsx:227,double,استشارة أولية مجانية,Free Initial Consultation,i18n-public-ui,Proposed English copy for bilingual implementation; review brand/proper-name spelling before production.
SMART-I18N-0059,frontend_public_static,frontend/src/pages/contact.tsx:228,double,فريق تقني وتجاري,Technical and Commercial Team,i18n-public-ui,Proposed English copy for bilingual implementation; review brand/proper-name spelling before production.
SMART-I18N-0060,frontend_public_static,frontend/src/pages/contact.tsx:229,double,نخدم العملاء محليًا وعن بُعد,We serve clients locally and remotely,i18n-public-ui,Proposed English copy for bilingual implementation; review brand/proper-name spelling before production.
SMART-I18N-0061,frontend_public_static,frontend/src/pages/contact.tsx:571,double,أدخل اسمك الكامل,Enter your full name,i18n-public-ui,Proposed English copy for bilingual implementation; review brand/proper-name spelling before production.
SMART-I18N-0062,frontend_public_static,frontend/src/pages/contact.tsx:657,double,اكتب رسالتك هنا...,Write your message here...,i18n-public-ui,Proposed English copy for bilingual implementation; review brand/proper-name spelling before production.
SMART-I18N-0063,frontend_public_static,frontend/src/pages/contact.tsx:732,jsx,موقعنا,Our Location,i18n-public-ui,Proposed English copy for bilingual implementation; review brand/proper-name spelling before production.
SMART-I18N-0064,frontend_public_static,frontend/src/pages/contact.tsx:738 | frontend/src/components/Footer.tsx:480,jsx,صنعاء، اليمن,"Sana’a, Yemen",i18n-public-ui,Proposed English copy for bilingual implementation; review brand/proper-name spelling before production.
SMART-I18N-0065,frontend_public_static,frontend/src/pages/contact.tsx:739,jsx,الموقع الرئيسي,Main Office,i18n-public-ui,Proposed English copy for bilingual implementation; review brand/proper-name spelling before production.
SMART-I18N-0066,frontend_public_static,frontend/src/pages/contact.tsx:745,jsx,نطاق العمل,Service Area,i18n-public-ui,Proposed English copy for bilingual implementation; review brand/proper-name spelling before production.
SMART-I18N-0067,frontend_public_static,frontend/src/pages/contact.tsx:746,jsx,اليمن + عملاء عن بُعد,Yemen + Remote Clients,i18n-public-ui,Proposed English copy for bilingual implementation; review brand/proper-name spelling before production.
SMART-I18N-0068,frontend_public_static,frontend/src/pages/contact.tsx:770,jsx,الأحد - الخميس,Sunday - Thursday,i18n-public-ui,Proposed English copy for bilingual implementation; review brand/proper-name spelling before production.
SMART-I18N-0069,frontend_public_static,frontend/src/pages/contact.tsx:771,jsx,9:00 ص - 5:00 م,9:00 AM - 5:00 PM,i18n-public-ui,Proposed English copy for bilingual implementation; review brand/proper-name spelling before production.
SMART-I18N-0070,frontend_public_static,frontend/src/pages/contact.tsx:777,jsx,متوسط الرد,Average Response Time,i18n-public-ui,Proposed English copy for bilingual implementation; review brand/proper-name spelling before production.
SMART-I18N-0071,frontend_public_static,frontend/src/pages/contact.tsx:778,jsx,خلال 24 ساعة عمل,Within 24 Business Hours,i18n-public-ui,Proposed English copy for bilingual implementation; review brand/proper-name spelling before production.
SMART-I18N-0072,frontend_public_static,frontend/src/pages/contact.tsx:903 | frontend/src/components/projects/details/ProjectSidebar.tsx:167 | frontend/src/components/hero/Hero.tsx:72,jsx,ابدأ مشروعك الآن,Start Your Project Now,i18n-public-ui,Proposed English copy for bilingual implementation; review brand/proper-name spelling before production.
SMART-I18N-0073,frontend_public_static,frontend/src/pages/projectDetails.tsx:103,double,فشل تحميل المشروع. يرجى المحاولة مرة أخرى.,Failed to load the project. Please try again.,i18n-public-ui,Proposed English copy for bilingual implementation; review brand/proper-name spelling before production.
SMART-I18N-0074,frontend_public_static,frontend/src/pages/projectDetails.tsx:128,jsx,جاري تحميل تفاصيل المشروع الفنية...,Loading project technical details...,i18n-public-ui,Proposed English copy for bilingual implementation; review brand/proper-name spelling before production.
SMART-I18N-0075,frontend_public_static,frontend/src/pages/projectDetails.tsx:138,double,المشروع المطلوب غير متوفر حالياً,The requested project is currently unavailable,i18n-public-ui,Proposed English copy for bilingual implementation; review brand/proper-name spelling before production.
SMART-I18N-0076,frontend_public_static,frontend/src/pages/projectDetails.tsx:138,jsx,"{error || ""المشروع المطلوب غير متوفر حالياً""}","{error || ""The requested project is currently unavailable""}",i18n-public-ui,Proposed English copy for bilingual implementation; review brand/proper-name spelling before production.
SMART-I18N-0077,frontend_public_static,frontend/src/pages/projectDetails.tsx:144,jsx,العودة إلى معرض المشاريع,Back to Projects Showcase,i18n-public-ui,Proposed English copy for bilingual implementation; review brand/proper-name spelling before production.
SMART-I18N-0078,frontend_public_static,frontend/src/pages/quote.tsx:84,double,موقع إلكتروني,Website,i18n-public-ui,Proposed English copy for bilingual implementation; review brand/proper-name spelling before production.
SMART-I18N-0079,frontend_public_static,frontend/src/pages/quote.tsx:85,double,موقع تعريفي أو تفاعلي مع لوحة تحكم,A corporate or interactive website with an admin dashboard,i18n-public-ui,Proposed English copy for bilingual implementation; review brand/proper-name spelling before production.
SMART-I18N-0080,frontend_public_static,frontend/src/pages/quote.tsx:90,double,متجر إلكتروني,E-Commerce Store,i18n-public-ui,Proposed English copy for bilingual implementation; review brand/proper-name spelling before production.
SMART-I18N-0081,frontend_public_static,frontend/src/pages/quote.tsx:91,double,لبيع المنتجات وإدارة الطلبات والدفع والتوصيل,"For selling products and managing orders, payments, and delivery",i18n-public-ui,Proposed English copy for bilingual implementation; review brand/proper-name spelling before production.
SMART-I18N-0082,frontend_public_static,frontend/src/pages/quote.tsx:96,double,تطبيق جوال,Mobile App,i18n-public-ui,Proposed English copy for bilingual implementation; review brand/proper-name spelling before production.
SMART-I18N-0083,frontend_public_static,frontend/src/pages/quote.tsx:97,double,تطبيق Android أو iOS أو كلاهما,"An Android app, iOS app, or both",i18n-public-ui,Proposed English copy for bilingual implementation; review brand/proper-name spelling before production.
SMART-I18N-0084,frontend_public_static,frontend/src/pages/quote.tsx:102,double,نظام إداري / ERP,Management System / ERP,i18n-public-ui,Proposed English copy for bilingual implementation; review brand/proper-name spelling before production.
SMART-I18N-0085,frontend_public_static,frontend/src/pages/quote.tsx:103,double,نظام شامل لإدارة الموارد والعمليات,A comprehensive system for managing resources and operations,i18n-public-ui,Proposed English copy for bilingual implementation; review brand/proper-name spelling before production.
SMART-I18N-0086,frontend_public_static,frontend/src/pages/quote.tsx:108,double,أتمتة أعمال,Business Automation,i18n-public-ui,Proposed English copy for bilingual implementation; review brand/proper-name spelling before production.
SMART-I18N-0087,frontend_public_static,frontend/src/pages/quote.tsx:109,double,أتمتة العمليات وربط الأدوات المختلفة,Automate processes and connect different tools,i18n-public-ui,Proposed English copy for bilingual implementation; review brand/proper-name spelling before production.
SMART-I18N-0088,frontend_public_static,frontend/src/pages/quote.tsx:114,double,استشارة تقنية,Technical Consultation,i18n-public-ui,Proposed English copy for bilingual implementation; review brand/proper-name spelling before production.
SMART-I18N-0089,frontend_public_static,frontend/src/pages/quote.tsx:115,double,استشارة لاختيار الحل الأنسب لمشروعك,Consulting to select the most suitable solution for your project,i18n-public-ui,Proposed English copy for bilingual implementation; review brand/proper-name spelling before production.
SMART-I18N-0090,frontend_public_static,frontend/src/pages/quote.tsx:120,double,أخرى,Other,i18n-public-ui,Proposed English copy for bilingual implementation; review brand/proper-name spelling before production.
SMART-I18N-0091,frontend_public_static,frontend/src/pages/quote.tsx:121,double,مشروع آخر أو فكرة مختلفة,Another project or a different idea,i18n-public-ui,Proposed English copy for bilingual implementation; review brand/proper-name spelling before production.
SMART-I18N-0092,frontend_public_static,frontend/src/pages/quote.tsx:127,double,"أقل من 1,000 دولار","Less than $1,000",i18n-public-ui,Proposed English copy for bilingual implementation; review brand/proper-name spelling before production.
SMART-I18N-0093,frontend_public_static,frontend/src/pages/quote.tsx:128,double,"1,000 - 5,000 دولار","$1,000 - $5,000",i18n-public-ui,Proposed English copy for bilingual implementation; review brand/proper-name spelling before production.
SMART-I18N-0094,frontend_public_static,frontend/src/pages/quote.tsx:129,double,"5,000 - 15,000 دولار","$5,000 - $15,000",i18n-public-ui,Proposed English copy for bilingual implementation; review brand/proper-name spelling before production.
SMART-I18N-0095,frontend_public_static,frontend/src/pages/quote.tsx:130,double,"أكثر من 15,000 دولار","More than $15,000",i18n-public-ui,Proposed English copy for bilingual implementation; review brand/proper-name spelling before production.
SMART-I18N-0096,frontend_public_static,frontend/src/pages/quote.tsx:131,double,غير محدد,Not Specified,i18n-public-ui,Proposed English copy for bilingual implementation; review brand/proper-name spelling before production.
SMART-I18N-0097,frontend_public_static,frontend/src/pages/quote.tsx:135,double,عاجل,Urgent,i18n-public-ui,Proposed English copy for bilingual implementation; review brand/proper-name spelling before production.
SMART-I18N-0098,frontend_public_static,frontend/src/pages/quote.tsx:136,double,خلال شهر,Within One Month,i18n-public-ui,Proposed English copy for bilingual implementation; review brand/proper-name spelling before production.
SMART-I18N-0099,frontend_public_static,frontend/src/pages/quote.tsx:137,double,خلال 2 - 3 أشهر,Within 2 - 3 Months,i18n-public-ui,Proposed English copy for bilingual implementation; review brand/proper-name spelling before production.
SMART-I18N-0100,frontend_public_static,frontend/src/pages/quote.tsx:138 | frontend/src/pages/quote.tsx:1002,double,مرن,Flexible,i18n-public-ui,Proposed English copy for bilingual implementation; review brand/proper-name spelling before production.
SMART-I18N-0101,frontend_public_static,frontend/src/pages/quote.tsx:142,double,فرد / مستقل,Individual / Freelancer,i18n-public-ui,Proposed English copy for bilingual implementation; review brand/proper-name spelling before production.
SMART-I18N-0102,frontend_public_static,frontend/src/pages/quote.tsx:143,double,شركة ناشئة,Startup,i18n-public-ui,Proposed English copy for bilingual implementation; review brand/proper-name spelling before production.
SMART-I18N-0103,frontend_public_static,frontend/src/pages/quote.tsx:144,double,مشروع صغير,Small Business,i18n-public-ui,Proposed English copy for bilingual implementation; review brand/proper-name spelling before production.
SMART-I18N-0104,frontend_public_static,frontend/src/pages/quote.tsx:145,double,شركة متوسطة / كبيرة,Medium / Large Company,i18n-public-ui,Proposed English copy for bilingual implementation; review brand/proper-name spelling before production.
SMART-I18N-0105,frontend_public_static,frontend/src/pages/quote.tsx:149,double,فكرة أولية,Initial Idea,i18n-public-ui,Proposed English copy for bilingual implementation; review brand/proper-name spelling before production.
SMART-I18N-0106,frontend_public_static,frontend/src/pages/quote.tsx:150,double,مشروع قائم,Existing Business,i18n-public-ui,Proposed English copy for bilingual implementation; review brand/proper-name spelling before production.
SMART-I18N-0107,frontend_public_static,frontend/src/pages/quote.tsx:151,double,إعادة تصميم,Redesign,i18n-public-ui,Proposed English copy for bilingual implementation; review brand/proper-name spelling before production.
SMART-I18N-0108,frontend_public_static,frontend/src/pages/quote.tsx:152,double,توسع وتطوير,Scaling and Development,i18n-public-ui,Proposed English copy for bilingual implementation; review brand/proper-name spelling before production.
SMART-I18N-0109,frontend_public_static,frontend/src/pages/quote.tsx:156 | frontend/src/components/Footer.tsx:85,double,واتساب,WhatsApp,i18n-public-ui,Proposed English copy for bilingual implementation; review brand/proper-name spelling before production.
SMART-I18N-0110,frontend_public_static,frontend/src/pages/quote.tsx:157,double,مكالمة هاتفية,Phone Call,i18n-public-ui,Proposed English copy for bilingual implementation; review brand/proper-name spelling before production.
SMART-I18N-0111,frontend_public_static,frontend/src/pages/quote.tsx:158,double,بريد إلكتروني,Email,i18n-public-ui,Proposed English copy for bilingual implementation; review brand/proper-name spelling before production.
SMART-I18N-0112,frontend_public_static,frontend/src/pages/quote.tsx:159,double,اجتماع,Meeting,i18n-public-ui,Proposed English copy for bilingual implementation; review brand/proper-name spelling before production.
SMART-I18N-0113,frontend_public_static,frontend/src/pages/quote.tsx:284 | frontend/src/components/PackageSelectionModal.tsx:112,double,فشل إرسال الطلب. يرجى المحاولة مرة أخرى.,Failed to submit the request. Please try again.,i18n-public-ui,Proposed English copy for bilingual implementation; review brand/proper-name spelling before production.
SMART-I18N-0114,frontend_public_static,frontend/src/pages/quote.tsx:294 | frontend/src/pages/quote.tsx:663,double | jsx,معلوماتك,Your Information,i18n-public-ui,Proposed English copy for bilingual implementation; review brand/proper-name spelling before production.
SMART-I18N-0115,frontend_public_static,frontend/src/pages/quote.tsx:295 | frontend/src/pages/quote.tsx:756,double | jsx,نوع المشروع,Project Type,i18n-public-ui,Proposed English copy for bilingual implementation; review brand/proper-name spelling before production.
SMART-I18N-0116,frontend_public_static,frontend/src/pages/quote.tsx:296 | frontend/src/pages/quote.tsx:796,double | jsx,تفاصيل الفكرة,Idea Details,i18n-public-ui,Proposed English copy for bilingual implementation; review brand/proper-name spelling before production.
SMART-I18N-0117,frontend_public_static,frontend/src/pages/quote.tsx:297 | frontend/src/pages/quote.tsx:894,double | jsx,الميزانية والمدة,Budget and Timeline,i18n-public-ui,Proposed English copy for bilingual implementation; review brand/proper-name spelling before production.
SMART-I18N-0118,frontend_public_static,frontend/src/pages/quote.tsx:298 | frontend/src/pages/quote.tsx:965,double | jsx,طريقة التواصل,Contact Method,i18n-public-ui,Proposed English copy for bilingual implementation; review brand/proper-name spelling before production.
SMART-I18N-0119,frontend_public_static,frontend/src/pages/quote.tsx:306,jsx,أسئلة خاصة بالمتجر الإلكتروني,E-Commerce Store Questions,i18n-public-ui,Proposed English copy for bilingual implementation; review brand/proper-name spelling before production.
SMART-I18N-0120,frontend_public_static,frontend/src/pages/quote.tsx:309,double,هل لديك منتجات جاهزة؟,Do you already have products ready?,i18n-public-ui,Proposed English copy for bilingual implementation; review brand/proper-name spelling before production.
SMART-I18N-0121,frontend_public_static,frontend/src/pages/quote.tsx:310,double,هل تحتاج دفع إلكتروني؟,Do you need online payments?,i18n-public-ui,Proposed English copy for bilingual implementation; review brand/proper-name spelling before production.
SMART-I18N-0122,frontend_public_static,frontend/src/pages/quote.tsx:311,double,هل تحتاج ربط توصيل؟,Do you need delivery integration?,i18n-public-ui,Proposed English copy for bilingual implementation; review brand/proper-name spelling before production.
SMART-I18N-0123,frontend_public_static,frontend/src/pages/quote.tsx:312,double,هل تحتاج لوحة تحكم؟,Do you need an admin dashboard?,i18n-public-ui,Proposed English copy for bilingual implementation; review brand/proper-name spelling before production.
SMART-I18N-0124,frontend_public_static,frontend/src/pages/quote.tsx:350,jsx,أسئلة خاصة بالتطبيق,Mobile App Questions,i18n-public-ui,Proposed English copy for bilingual implementation; review brand/proper-name spelling before production.
SMART-I18N-0125,frontend_public_static,frontend/src/pages/quote.tsx:353,jsx,هل التطبيق Android فقط أم Android و iOS؟,"Is the app Android only, or Android and iOS?",i18n-public-ui,Proposed English copy for bilingual implementation; review brand/proper-name spelling before production.
SMART-I18N-0126,frontend_public_static,frontend/src/pages/quote.tsx:372,double,هل يحتاج لوحة تحكم؟,Does it need an admin dashboard?,i18n-public-ui,Proposed English copy for bilingual implementation; review brand/proper-name spelling before production.
SMART-I18N-0127,frontend_public_static,frontend/src/pages/quote.tsx:373,double,هل لديك تصميم جاهز؟,Do you already have a design?,i18n-public-ui,Proposed English copy for bilingual implementation; review brand/proper-name spelling before production.
SMART-I18N-0128,frontend_public_static,frontend/src/pages/quote.tsx:374,double,هل تريد MVP أم منتج كامل؟,Do you want an MVP or a complete product?,i18n-public-ui,Proposed English copy for bilingual implementation; review brand/proper-name spelling before production.
SMART-I18N-0129,frontend_public_static,frontend/src/pages/quote.tsx:381 | frontend/src/pages/quote.tsx:383 | frontend/src/pages/quote.tsx:424 | frontend/src/pages/quote.tsx:426 | frontend/src/pages/quote.tsx:861,double,نعم,Yes,i18n-public-ui,Proposed English copy for bilingual implementation; review brand/proper-name spelling before production.
SMART-I18N-0130,frontend_public_static,frontend/src/pages/quote.tsx:392 | frontend/src/pages/quote.tsx:394 | frontend/src/pages/quote.tsx:435 | frontend/src/pages/quote.tsx:437 | frontend/src/pages/quote.tsx:861,double,لا,No,i18n-public-ui,Proposed English copy for bilingual implementation; review brand/proper-name spelling before production.
SMART-I18N-0131,frontend_public_static,frontend/src/pages/quote.tsx:412,jsx,أسئلة خاصة بالموقع,Website Questions,i18n-public-ui,Proposed English copy for bilingual implementation; review brand/proper-name spelling before production.
SMART-I18N-0132,frontend_public_static,frontend/src/pages/quote.tsx:415,double,هل الموقع تعريفي أم نظام تفاعلي؟,Is the website informational or an interactive system?,i18n-public-ui,Proposed English copy for bilingual implementation; review brand/proper-name spelling before production.
SMART-I18N-0133,frontend_public_static,frontend/src/pages/quote.tsx:416,double,هل تحتاج مدونة أو لوحة تحكم؟,Do you need a blog or an admin dashboard?,i18n-public-ui,Proposed English copy for bilingual implementation; review brand/proper-name spelling before production.
SMART-I18N-0134,frontend_public_static,frontend/src/pages/quote.tsx:417,double,هل تحتاج تحسين SEO؟,Do you need SEO optimization?,i18n-public-ui,Proposed English copy for bilingual implementation; review brand/proper-name spelling before production.
SMART-I18N-0135,frontend_public_static,frontend/src/pages/quote.tsx:455,jsx,أسئلة خاصة بالأتمتة,Automation Questions,i18n-public-ui,Proposed English copy for bilingual implementation; review brand/proper-name spelling before production.
SMART-I18N-0136,frontend_public_static,frontend/src/pages/quote.tsx:458,jsx,ما العملية التي تريد أتمتتها؟,Which process do you want to automate?,i18n-public-ui,Proposed English copy for bilingual implementation; review brand/proper-name spelling before production.
SMART-I18N-0137,frontend_public_static,frontend/src/pages/quote.tsx:462,double,وصف مختصر...,Brief description...,i18n-public-ui,Proposed English copy for bilingual implementation; review brand/proper-name spelling before production.
SMART-I18N-0138,frontend_public_static,frontend/src/pages/quote.tsx:467,double,هل تحتاج ربط CRM؟,Do you need CRM integration?,i18n-public-ui,Proposed English copy for bilingual implementation; review brand/proper-name spelling before production.
SMART-I18N-0139,frontend_public_static,frontend/src/pages/quote.tsx:468,double,هل تحتاج إشعارات؟,Do you need notifications?,i18n-public-ui,Proposed English copy for bilingual implementation; review brand/proper-name spelling before production.
SMART-I18N-0140,frontend_public_static,frontend/src/pages/quote.tsx:532,double,مراجعة الطلب,Review the Request,i18n-public-ui,Proposed English copy for bilingual implementation; review brand/proper-name spelling before production.
SMART-I18N-0141,frontend_public_static,frontend/src/pages/quote.tsx:532,double,تحديد أفضل حل تقني,Identify the Best Technical Solution,i18n-public-ui,Proposed English copy for bilingual implementation; review brand/proper-name spelling before production.
SMART-I18N-0142,frontend_public_static,frontend/src/pages/quote.tsx:532,double,التواصل معك,Contact You,i18n-public-ui,Proposed English copy for bilingual implementation; review brand/proper-name spelling before production.
SMART-I18N-0143,frontend_public_static,frontend/src/pages/quote.tsx:532,double,إرسال تصوّر أولي أو تحديد اجتماع,Send an Initial Concept or Schedule a Meeting,i18n-public-ui,Proposed English copy for bilingual implementation; review brand/proper-name spelling before production.
SMART-I18N-0144,frontend_public_static,frontend/src/pages/quote.tsx:594,jsx,نحوّل فكرتك إلى خطة واضحة,We turn your idea into a clear plan,i18n-public-ui,Proposed English copy for bilingual implementation; review brand/proper-name spelling before production.
SMART-I18N-0145,frontend_public_static,frontend/src/pages/quote.tsx:679,double,أدخل اسمك,Enter your name,i18n-public-ui,Proposed English copy for bilingual implementation; review brand/proper-name spelling before production.
SMART-I18N-0146,frontend_public_static,frontend/src/pages/quote.tsx:706,double,اسم الشركة,Company Name,i18n-public-ui,Proposed English copy for bilingual implementation; review brand/proper-name spelling before production.
SMART-I18N-0147,frontend_public_static,frontend/src/pages/quote.tsx:757,jsx,اختر نوع المشروع الذي تريد بناءه.,Choose the type of project you want to build.,i18n-public-ui,Proposed English copy for bilingual implementation; review brand/proper-name spelling before production.
SMART-I18N-0148,frontend_public_static,frontend/src/pages/quote.tsx:797,jsx,أخبرنا أكثر عن مشروعك.,Tell us more about your project.,i18n-public-ui,Proposed English copy for bilingual implementation; review brand/proper-name spelling before production.
SMART-I18N-0149,frontend_public_static,frontend/src/pages/quote.tsx:829,double,ما الهدف الرئيسي من هذا المشروع؟,What is the main goal of this project?,i18n-public-ui,Proposed English copy for bilingual implementation; review brand/proper-name spelling before production.
SMART-I18N-0150,frontend_public_static,frontend/src/pages/quote.tsx:876,double,أخبرنا أكثر عن مشروعك، متطلباتك، والجدول الزمني المطلوب...,"Tell us more about your project, requirements, and desired timeline...",i18n-public-ui,Proposed English copy for bilingual implementation; review brand/proper-name spelling before production.
SMART-I18N-0151,frontend_public_static,frontend/src/pages/quote.tsx:999,double,صباحًا,Morning,i18n-public-ui,Proposed English copy for bilingual implementation; review brand/proper-name spelling before production.
SMART-I18N-0152,frontend_public_static,frontend/src/pages/quote.tsx:1000,double,ظهرًا,Afternoon,i18n-public-ui,Proposed English copy for bilingual implementation; review brand/proper-name spelling before production.
SMART-I18N-0153,frontend_public_static,frontend/src/pages/quote.tsx:1001,double,مساءً,Evening,i18n-public-ui,Proposed English copy for bilingual implementation; review brand/proper-name spelling before production.
SMART-I18N-0154,frontend_public_static,frontend/src/pages/quote.tsx:1067,double,جاري الإرسال...,Submitting...,i18n-public-ui,Proposed English copy for bilingual implementation; review brand/proper-name spelling before production.
SMART-I18N-0155,frontend_public_static,frontend/src/pages/quote.tsx:1067,double,إرسال الطلب,Submit Request,i18n-public-ui,Proposed English copy for bilingual implementation; review brand/proper-name spelling before production.
SMART-I18N-0156,frontend_public_static,frontend/src/pages/quote.tsx:1086,jsx,الاسم:,Name:,i18n-public-ui,Proposed English copy for bilingual implementation; review brand/proper-name spelling before production.
SMART-I18N-0157,frontend_public_static,frontend/src/pages/quote.tsx:1094,jsx,الشركة:,Company:,i18n-public-ui,Proposed English copy for bilingual implementation; review brand/proper-name spelling before production.
SMART-I18N-0158,frontend_public_static,frontend/src/pages/quote.tsx:1102,jsx,نوع المشروع:,Project Type:,i18n-public-ui,Proposed English copy for bilingual implementation; review brand/proper-name spelling before production.
SMART-I18N-0159,frontend_public_static,frontend/src/pages/quote.tsx:1110,jsx,مرحلة المشروع:,Project Stage:,i18n-public-ui,Proposed English copy for bilingual implementation; review brand/proper-name spelling before production.
SMART-I18N-0160,frontend_public_static,frontend/src/pages/quote.tsx:1119,jsx,حجم الشركة:,Company Size:,i18n-public-ui,Proposed English copy for bilingual implementation; review brand/proper-name spelling before production.
SMART-I18N-0161,frontend_public_static,frontend/src/pages/quote.tsx:1128,jsx,الميزانية:,Budget:,i18n-public-ui,Proposed English copy for bilingual implementation; review brand/proper-name spelling before production.
SMART-I18N-0162,frontend_public_static,frontend/src/pages/quote.tsx:1137,jsx,المدة:,Timeline:,i18n-public-ui,Proposed English copy for bilingual implementation; review brand/proper-name spelling before production.
SMART-I18N-0163,frontend_public_static,frontend/src/pages/quote.tsx:1146,jsx,التواصل:,Contact:,i18n-public-ui,Proposed English copy for bilingual implementation; review brand/proper-name spelling before production.
SMART-I18N-0259,frontend_public_static,frontend/src/components/BotTeaser.tsx:58,double,يدعم واتساب وتليجرام,Supports WhatsApp and Telegram,i18n-public-ui,Proposed English copy for bilingual implementation; review brand/proper-name spelling before production.
SMART-I18N-0260,frontend_public_static,frontend/src/components/BotTeaser.tsx:59,double,متكامل مع موقعك,Integrated with your website,i18n-public-ui,Proposed English copy for bilingual implementation; review brand/proper-name spelling before production.
SMART-I18N-0261,frontend_public_static,frontend/src/components/BotTeaser.tsx:60,double,تحليلات لحظية,Real-Time Analytics,i18n-public-ui,Proposed English copy for bilingual implementation; review brand/proper-name spelling before production.
SMART-I18N-0262,frontend_public_static,frontend/src/components/FAQs.tsx:27 | frontend/src/components/FAQs.tsx:28,double,قبل بدء المشروع,Before Starting the Project,i18n-public-ui,Proposed English copy for bilingual implementation; review brand/proper-name spelling before production.
SMART-I18N-0263,frontend_public_static,frontend/src/components/FAQs.tsx:29 | frontend/src/components/FAQs.tsx:33,double,التقنية والتنفيذ,Technology and Implementation,i18n-public-ui,Proposed English copy for bilingual implementation; review brand/proper-name spelling before production.
SMART-I18N-0264,frontend_public_static,frontend/src/components/FAQs.tsx:30,double,الاستضافة والبنية التحتية,Hosting and Infrastructure,i18n-public-ui,Proposed English copy for bilingual implementation; review brand/proper-name spelling before production.
SMART-I18N-0265,frontend_public_static,frontend/src/components/FAQs.tsx:31 | frontend/src/components/FAQs.tsx:32,double,التكلفة والمدة,Cost and Timeline,i18n-public-ui,Proposed English copy for bilingual implementation; review brand/proper-name spelling before production.
SMART-I18N-0266,frontend_public_static,frontend/src/components/FAQs.tsx:37,double,عام,General,i18n-public-ui,Proposed English copy for bilingual implementation; review brand/proper-name spelling before production.
SMART-I18N-0267,frontend_public_static,frontend/src/components/FAQs.tsx:46 | frontend/src/components/FAQs.tsx:48,double,استضاف,Hosting,i18n-public-ui,Proposed English copy for bilingual implementation; review brand/proper-name spelling before production.
SMART-I18N-0268,frontend_public_static,frontend/src/components/FAQs.tsx:47,double,سيرفر,Server,i18n-public-ui,Proposed English copy for bilingual implementation; review brand/proper-name spelling before production.
SMART-I18N-0269,frontend_public_static,frontend/src/components/FAQs.tsx:54,double,تقني,Technical,i18n-public-ui,Proposed English copy for bilingual implementation; review brand/proper-name spelling before production.
SMART-I18N-0270,frontend_public_static,frontend/src/components/FAQs.tsx:55,double,سحاب,Cloud,i18n-public-ui,Proposed English copy for bilingual implementation; review brand/proper-name spelling before production.
SMART-I18N-0271,frontend_public_static,frontend/src/components/FAQs.tsx:62 | frontend/src/components/FAQs.tsx:63,double,دفع,Payment,i18n-public-ui,Proposed English copy for bilingual implementation; review brand/proper-name spelling before production.
SMART-I18N-0272,frontend_public_static,frontend/src/components/FAQs.tsx:64,double,سعر,Price,i18n-public-ui,Proposed English copy for bilingual implementation; review brand/proper-name spelling before production.
SMART-I18N-0273,frontend_public_static,frontend/src/components/FAQs.tsx:65,double,مالي,Financial,i18n-public-ui,Proposed English copy for bilingual implementation; review brand/proper-name spelling before production.
SMART-I18N-0274,frontend_public_static,frontend/src/components/FAQs.tsx:71,double,تطوير,Development,i18n-public-ui,Proposed English copy for bilingual implementation; review brand/proper-name spelling before production.
SMART-I18N-0275,frontend_public_static,frontend/src/components/FAQs.tsx:72,double,كود,Code,i18n-public-ui,Proposed English copy for bilingual implementation; review brand/proper-name spelling before production.
SMART-I18N-0276,frontend_public_static,frontend/src/components/FAQs.tsx:73,double,برمج,Programming,i18n-public-ui,Proposed English copy for bilingual implementation; review brand/proper-name spelling before production.
SMART-I18N-0277,frontend_public_static,frontend/src/components/FAQs.tsx:79 | frontend/src/components/FAQs.tsx:80,double,إعداد,Setup,i18n-public-ui,Proposed English copy for bilingual implementation; review brand/proper-name spelling before production.
SMART-I18N-0278,frontend_public_static,frontend/src/components/FAQs.tsx:81,double,تكوين,Configuration,i18n-public-ui,Proposed English copy for bilingual implementation; review brand/proper-name spelling before production.
SMART-I18N-0279,frontend_public_static,frontend/src/components/FAQs.tsx:93,double,تحليل الفكرة,Idea Analysis,i18n-public-ui,Proposed English copy for bilingual implementation; review brand/proper-name spelling before production.
SMART-I18N-0280,frontend_public_static,frontend/src/components/FAQs.tsx:94,double,تقدير المدة والتكلفة,Timeline and Cost Estimate,i18n-public-ui,Proposed English copy for bilingual implementation; review brand/proper-name spelling before production.
SMART-I18N-0281,frontend_public_static,frontend/src/components/FAQs.tsx:95,double,خطة التنفيذ والدعم,Implementation and Support Plan,i18n-public-ui,Proposed English copy for bilingual implementation; review brand/proper-name spelling before production.
SMART-I18N-0282,frontend_public_static,frontend/src/components/FAQs.tsx:108,jsx,هل لديك فكرة مشروع؟,Do you have a project idea?,i18n-public-ui,Proposed English copy for bilingual implementation; review brand/proper-name spelling before production.
SMART-I18N-0283,frontend_public_static,frontend/src/components/FAQs.tsx:148,double,حلول موثوقة وآمنة,Reliable and Secure Solutions,i18n-public-ui,Proposed English copy for bilingual implementation; review brand/proper-name spelling before production.
SMART-I18N-0284,frontend_public_static,frontend/src/components/FAQs.tsx:149,double,نستخدم أفضل الممارسات لحماية مشروعك وبياناتك.,We follow best practices to protect your project and data.,i18n-public-ui,Proposed English copy for bilingual implementation; review brand/proper-name spelling before production.
SMART-I18N-0285,frontend_public_static,frontend/src/components/FAQs.tsx:153,double,فريق متخصص,Specialized Team,i18n-public-ui,Proposed English copy for bilingual implementation; review brand/proper-name spelling before production.
SMART-I18N-0286,frontend_public_static,frontend/src/components/FAQs.tsx:154,double,خبرة في التصميم، البرمجة، وإدارة المشاريع الرقمية.,"Expertise in design, development, and digital project management.",i18n-public-ui,Proposed English copy for bilingual implementation; review brand/proper-name spelling before production.
SMART-I18N-0287,frontend_public_static,frontend/src/components/FAQs.tsx:158,double,تسليم في الوقت المحدد,On-Time Delivery,i18n-public-ui,Proposed English copy for bilingual implementation; review brand/proper-name spelling before production.
SMART-I18N-0288,frontend_public_static,frontend/src/components/FAQs.tsx:159,double,نعمل بخطة واضحة وجدول زمني متفق عليه.,We work with a clear plan and an agreed timeline.,i18n-public-ui,Proposed English copy for bilingual implementation; review brand/proper-name spelling before production.
SMART-I18N-0289,frontend_public_static,frontend/src/components/FAQs.tsx:254,double,فشل تحميل الأسئلة الشائعة. يرجى المحاولة مرة أخرى.,Failed to load FAQs. Please try again.,i18n-public-ui,Proposed English copy for bilingual implementation; review brand/proper-name spelling before production.
SMART-I18N-0290,frontend_public_static,frontend/src/components/FAQs.tsx:328,jsx,جاري تحميل مركز المساعدة...,Loading Help Center...,i18n-public-ui,Proposed English copy for bilingual implementation; review brand/proper-name spelling before production.
SMART-I18N-0291,frontend_public_static,frontend/src/components/FAQs.tsx:428,double,ابحث عن التكلفة، المدة، الدعم، أو طريقة العمل...,"Search for cost, timeline, support, or how we work...",i18n-public-ui,Proposed English copy for bilingual implementation; review brand/proper-name spelling before production.
SMART-I18N-0292,frontend_public_static,frontend/src/components/FAQs.tsx:439,template,"لـ ""${searchQuery}""","for ""${searchQuery}""",i18n-public-ui,Proposed English copy for bilingual implementation; review brand/proper-name spelling before production.
SMART-I18N-0293,frontend_public_static,frontend/src/components/Footer.tsx:59,double,حدث خطأ أثناء الاشتراك,An error occurred while subscribing,i18n-public-ui,Proposed English copy for bilingual implementation; review brand/proper-name spelling before production.
SMART-I18N-0294,frontend_public_static,frontend/src/components/Footer.tsx:71,double,تويتر,Twitter,i18n-public-ui,Proposed English copy for bilingual implementation; review brand/proper-name spelling before production.
SMART-I18N-0295,frontend_public_static,frontend/src/components/Footer.tsx:78,double,إنستغرام,Instagram,i18n-public-ui,Proposed English copy for bilingual implementation; review brand/proper-name spelling before production.
SMART-I18N-0296,frontend_public_static,frontend/src/components/Footer.tsx:92,double,لينكدإن,LinkedIn,i18n-public-ui,Proposed English copy for bilingual implementation; review brand/proper-name spelling before production.
SMART-I18N-0297,frontend_public_static,frontend/src/components/Footer.tsx:99,double,فيسبوك,Facebook,i18n-public-ui,Proposed English copy for bilingual implementation; review brand/proper-name spelling before production.
SMART-I18N-0298,frontend_public_static,frontend/src/components/Footer.tsx:109,double,"صنعاء, اليمن","Sana’a, Yemen",i18n-public-ui,Proposed English copy for bilingual implementation; review brand/proper-name spelling before production.
SMART-I18N-0299,frontend_public_static,frontend/src/components/Footer.tsx:128,double,السبت - الخميس: 8 ص - 5 م,Saturday - Thursday: 8 AM - 5 PM,i18n-public-ui,Proposed English copy for bilingual implementation; review brand/proper-name spelling before production.
SMART-I18N-0300,frontend_public_static,frontend/src/components/Footer.tsx:159,jsx,لا تتركها في رأسك.,Don’t leave it in your head.,i18n-public-ui,Proposed English copy for bilingual implementation; review brand/proper-name spelling before production.
SMART-I18N-0301,frontend_public_static,frontend/src/components/Footer.tsx:233 | frontend/src/components/Navbar.tsx:46 | frontend/src/lib/constants.ts:1,double,وكالة سمارت,Smart Agency,i18n-public-ui,Proposed English copy for bilingual implementation; review brand/proper-name spelling before production.
SMART-I18N-0302,frontend_public_static,frontend/src/components/Footer.tsx:287 | frontend/src/components/Navbar.tsx:21 | frontend/src/components/hero/HeroSectionNav.tsx:4,double,الرئيسية,Home,i18n-public-ui,Proposed English copy for bilingual implementation; review brand/proper-name spelling before production.
SMART-I18N-0303,frontend_public_static,frontend/src/components/Footer.tsx:288 | frontend/src/components/hero/HeroSectionNav.tsx:7,double,خدماتنا,Our Services,i18n-public-ui,Proposed English copy for bilingual implementation; review brand/proper-name spelling before production.
SMART-I18N-0304,frontend_public_static,frontend/src/components/Footer.tsx:289 | frontend/src/components/Navbar.tsx:23 | frontend/src/components/hero/HeroSectionNav.tsx:6,double,أعمالنا,Our Work,i18n-public-ui,Proposed English copy for bilingual implementation; review brand/proper-name spelling before production.
SMART-I18N-0305,frontend_public_static,frontend/src/components/Footer.tsx:290,double,فريقنا,Our Team,i18n-public-ui,Proposed English copy for bilingual implementation; review brand/proper-name spelling before production.
SMART-I18N-0306,frontend_public_static,frontend/src/components/Footer.tsx:291,double,المدونة,Blog,i18n-public-ui,Proposed English copy for bilingual implementation; review brand/proper-name spelling before production.
SMART-I18N-0307,frontend_public_static,frontend/src/components/Footer.tsx:408,double,بريدك الإلكتروني,Your email address,i18n-public-ui,Proposed English copy for bilingual implementation; review brand/proper-name spelling before production.
SMART-I18N-0308,frontend_public_static,frontend/src/components/HostingPackages.tsx:57 | frontend/src/components/HostingPackages.tsx:89,double,وورد,WordPress,i18n-public-ui,Proposed English copy for bilingual implementation; review brand/proper-name spelling before production.
SMART-I18N-0309,frontend_public_static,frontend/src/components/HostingPackages.tsx:63 | frontend/src/components/HostingPackages.tsx:86,double,أساسية,Basic,i18n-public-ui,Proposed English copy for bilingual implementation; review brand/proper-name spelling before production.
SMART-I18N-0310,frontend_public_static,frontend/src/components/HostingPackages.tsx:68 | frontend/src/components/HostingPackages.tsx:87,double,متوسطة,Standard,i18n-public-ui,Proposed English copy for bilingual implementation; review brand/proper-name spelling before production.
SMART-I18N-0311,frontend_public_static,frontend/src/components/HostingPackages.tsx:70,double,النمو,Growth,i18n-public-ui,Proposed English copy for bilingual implementation; review brand/proper-name spelling before production.
SMART-I18N-0312,frontend_public_static,frontend/src/components/HostingPackages.tsx:75 | frontend/src/components/HostingPackages.tsx:88,double,متقدمة,Advanced,i18n-public-ui,Proposed English copy for bilingual implementation; review brand/proper-name spelling before production.
SMART-I18N-0313,frontend_public_static,frontend/src/components/HostingPackages.tsx:86,double,مثالية للمواقع الصغيرة والبدايات الذكية.,Ideal for small websites and smart beginnings.,i18n-public-ui,Proposed English copy for bilingual implementation; review brand/proper-name spelling before production.
SMART-I18N-0314,frontend_public_static,frontend/src/components/HostingPackages.tsx:87,double,للشركات النامية والمشاريع الاحترافية.,For growing companies and professional projects.,i18n-public-ui,Proposed English copy for bilingual implementation; review brand/proper-name spelling before production.
SMART-I18N-0315,frontend_public_static,frontend/src/components/HostingPackages.tsx:88,double,للمشاريع الكبيرة والتطبيقات عالية الأداء.,For large projects and high-performance applications.,i18n-public-ui,Proposed English copy for bilingual implementation; review brand/proper-name spelling before production.
SMART-I18N-0316,frontend_public_static,frontend/src/components/HostingPackages.tsx:90,double,مخصصة لمواقع WordPress مع أداء محسن.,Built for WordPress websites with optimized performance.,i18n-public-ui,Proposed English copy for bilingual implementation; review brand/proper-name spelling before production.
SMART-I18N-0317,frontend_public_static,frontend/src/components/HostingPackages.tsx:92,double,خطة مرنة مصممة لدعم نمو مشروعك.,A flexible plan designed to support your project’s growth.,i18n-public-ui,Proposed English copy for bilingual implementation; review brand/proper-name spelling before production.
SMART-I18N-0318,frontend_public_static,frontend/src/components/HostingPackages.tsx:130,double,دعم فني سريع,Fast Technical Support,i18n-public-ui,Proposed English copy for bilingual implementation; review brand/proper-name spelling before production.
SMART-I18N-0319,frontend_public_static,frontend/src/components/HostingPackages.tsx:131,double,حماية SSL,SSL Security,i18n-public-ui,Proposed English copy for bilingual implementation; review brand/proper-name spelling before production.
SMART-I18N-0320,frontend_public_static,frontend/src/components/HostingPackages.tsx:132 | frontend/src/components/Technologies.tsx:240,double,أداء عالي,High Performance,i18n-public-ui,Proposed English copy for bilingual implementation; review brand/proper-name spelling before production.
SMART-I18N-0321,frontend_public_static,frontend/src/components/HostingPackages.tsx:133,double,جاهز للتوسع,Ready to Scale,i18n-public-ui,Proposed English copy for bilingual implementation; review brand/proper-name spelling before production.
SMART-I18N-0322,frontend_public_static,frontend/src/components/HostingPackages.tsx:232,double,فشل تحميل البيانات، يرجى المحاولة لاحقاً.,Failed to load data. Please try again later.,i18n-public-ui,Proposed English copy for bilingual implementation; review brand/proper-name spelling before production.
SMART-I18N-0323,frontend_public_static,frontend/src/components/HostingPackages.tsx:327,jsx,شهري,Monthly,i18n-public-ui,Proposed English copy for bilingual implementation; review brand/proper-name spelling before production.
SMART-I18N-0324,frontend_public_static,frontend/src/components/HostingPackages.tsx:339,jsx,سنوي,Yearly,i18n-public-ui,Proposed English copy for bilingual implementation; review brand/proper-name spelling before production.
SMART-I18N-0325,frontend_public_static,frontend/src/components/HostingPackages.tsx:402,template,كل مميزات ${base.name},All ${base.name} features,i18n-public-ui,Proposed English copy for bilingual implementation; review brand/proper-name spelling before production.
SMART-I18N-0326,frontend_public_static,frontend/src/components/HostingPackages.tsx:437,double,الأكثر طلبًا,Most Popular,i18n-public-ui,Proposed English copy for bilingual implementation; review brand/proper-name spelling before production.
SMART-I18N-0327,frontend_public_static,frontend/src/components/HostingPackages.tsx:512 | frontend/src/components/PackageSelectionModal.tsx:221,double,شهرياً,per month,i18n-public-ui,Proposed English copy for bilingual implementation; review brand/proper-name spelling before production.
SMART-I18N-0328,frontend_public_static,frontend/src/components/HostingPackages.tsx:512 | frontend/src/components/PackageSelectionModal.tsx:221,double,سنوياً,per year,i18n-public-ui,Proposed English copy for bilingual implementation; review brand/proper-name spelling before production.
SMART-I18N-0329,frontend_public_static,frontend/src/components/HostingPackages.tsx:527,double,التخزين,Storage,i18n-public-ui,Proposed English copy for bilingual implementation; review brand/proper-name spelling before production.
SMART-I18N-0330,frontend_public_static,frontend/src/components/HostingPackages.tsx:535,double,النطاق,Bandwidth,i18n-public-ui,Proposed English copy for bilingual implementation; review brand/proper-name spelling before production.
SMART-I18N-0331,frontend_public_static,frontend/src/components/HostingPackages.tsx:543,double,المعالج,CPU,i18n-public-ui,Proposed English copy for bilingual implementation; review brand/proper-name spelling before production.
SMART-I18N-0332,frontend_public_static,frontend/src/components/HostingPackages.tsx:551,double,الذاكرة,Memory,i18n-public-ui,Proposed English copy for bilingual implementation; review brand/proper-name spelling before production.
SMART-I18N-0333,frontend_public_static,frontend/src/components/HostingPackages.tsx:578,double,إخفاء التفاصيل,Hide Details,i18n-public-ui,Proposed English copy for bilingual implementation; review brand/proper-name spelling before production.
SMART-I18N-0334,frontend_public_static,frontend/src/components/HostingPackages.tsx:579,double,عرض الكل,View All,i18n-public-ui,Proposed English copy for bilingual implementation; review brand/proper-name spelling before production.
SMART-I18N-0335,frontend_public_static,frontend/src/components/HostingPackages.tsx:627,double,اختر الخطة,Choose Plan,i18n-public-ui,Proposed English copy for bilingual implementation; review brand/proper-name spelling before production.
SMART-I18N-0336,frontend_public_static,frontend/src/components/HostingPackages.tsx:627 | frontend/src/components/blog/ArticleCTA.tsx:25,double | jsx,ابدأ الآن,Get Started,i18n-public-ui,Proposed English copy for bilingual implementation; review brand/proper-name spelling before production.
SMART-I18N-0337,frontend_public_static,frontend/src/components/LatestBlogs.tsx:37,double,تعذر تحميل المقالات حالياً.,Unable to load articles right now.,i18n-public-ui,Proposed English copy for bilingual implementation; review brand/proper-name spelling before production.
SMART-I18N-0338,frontend_public_static,frontend/src/components/Navbar.tsx:22 | frontend/src/components/hero/HeroSectionNav.tsx:5,double,من نحن,About Us,i18n-public-ui,Proposed English copy for bilingual implementation; review brand/proper-name spelling before production.
SMART-I18N-0339,frontend_public_static,frontend/src/components/Navbar.tsx:24,double,مدونة,Blog,i18n-public-ui,Proposed English copy for bilingual implementation; review brand/proper-name spelling before production.
SMART-I18N-0340,frontend_public_static,frontend/src/components/Navbar.tsx:25 | frontend/src/components/hero/HeroSectionNav.tsx:9,double,تواصل معنا,Contact Us,i18n-public-ui,Proposed English copy for bilingual implementation; review brand/proper-name spelling before production.
SMART-I18N-0341,frontend_public_static,frontend/src/components/Navbar.tsx:99,double,فتح القائمة,Open Menu,i18n-public-ui,Proposed English copy for bilingual implementation; review brand/proper-name spelling before production.
SMART-I18N-0342,frontend_public_static,frontend/src/components/PackageSelectionModal.tsx:195,double,طلب خاص,Custom Request,i18n-public-ui,Proposed English copy for bilingual implementation; review brand/proper-name spelling before production.
SMART-I18N-0343,frontend_public_static,frontend/src/components/PackageSelectionModal.tsx:195,double,تأكيد الطلب,Confirm Request,i18n-public-ui,Proposed English copy for bilingual implementation; review brand/proper-name spelling before production.
SMART-I18N-0344,frontend_public_static,frontend/src/components/PackageSelectionModal.tsx:198,double,حلول المؤسسات,Enterprise Solutions,i18n-public-ui,Proposed English copy for bilingual implementation; review brand/proper-name spelling before production.
SMART-I18N-0345,frontend_public_static,frontend/src/components/PackageSelectionModal.tsx:226,double,ر.س,SAR,i18n-public-ui,Proposed English copy for bilingual implementation; review brand/proper-name spelling before production.
SMART-I18N-0346,frontend_public_static,frontend/src/components/PackageSelectionModal.tsx:258,double,مثال: محمد أحمد,Example: Mohammed Ahmed,i18n-public-ui,Proposed English copy for bilingual implementation; review brand/proper-name spelling before production.
SMART-I18N-0347,frontend_public_static,frontend/src/components/PackageSelectionModal.tsx:304,double,اسم مؤسستك أو شركتك,Your organization or company name,i18n-public-ui,Proposed English copy for bilingual implementation; review brand/proper-name spelling before production.
SMART-I18N-0348,frontend_public_static,frontend/src/components/PackageSelectionModal.tsx:324,double,صف لنا متطلبات السيرفر والمواصفات التي تحتاجها...,Describe the server requirements and specifications you need...,i18n-public-ui,Proposed English copy for bilingual implementation; review brand/proper-name spelling before production.
SMART-I18N-0349,frontend_public_static,frontend/src/components/PackageSelectionModal.tsx:325,double,أي تعليمات خاصة...,Any special instructions...,i18n-public-ui,Proposed English copy for bilingual implementation; review brand/proper-name spelling before production.
SMART-I18N-0350,frontend_public_static,frontend/src/components/PackageSelectionModal.tsx:353,jsx,جاري المعالجة...,Processing...,i18n-public-ui,Proposed English copy for bilingual implementation; review brand/proper-name spelling before production.
SMART-I18N-0351,frontend_public_static,frontend/src/components/PackageSelectionModal.tsx:357,double,إرسال طلب عرض سعر,Request a Quote,i18n-public-ui,Proposed English copy for bilingual implementation; review brand/proper-name spelling before production.
SMART-I18N-0352,frontend_public_static,frontend/src/components/PackageSelectionModal.tsx:357,double,إتمام الطلب,Complete Order,i18n-public-ui,Proposed English copy for bilingual implementation; review brand/proper-name spelling before production.
SMART-I18N-0353,frontend_public_static,frontend/src/components/Services.tsx:42,double,تطوير تطبيقات الجوال,Mobile App Development,i18n-public-ui,Proposed English copy for bilingual implementation; review brand/proper-name spelling before production.
SMART-I18N-0354,frontend_public_static,frontend/src/components/Services.tsx:44,double,تطبيقات iOS و Android عالية الأداء بتجربة مستخدم استثنائية,High-performance iOS and Android apps with an exceptional user experience,i18n-public-ui,Proposed English copy for bilingual implementation; review brand/proper-name spelling before production.
SMART-I18N-0355,frontend_public_static,frontend/src/components/Services.tsx:48,double,تطبيقات أصلية ومتعددة المنصات,Native and Cross-Platform Apps,i18n-public-ui,Proposed English copy for bilingual implementation; review brand/proper-name spelling before production.
SMART-I18N-0356,frontend_public_static,frontend/src/components/Services.tsx:49,double,تصميم واجهات مستخدم متفاعلة,Interactive UI Design,i18n-public-ui,Proposed English copy for bilingual implementation; review brand/proper-name spelling before production.
SMART-I18N-0357,frontend_public_static,frontend/src/components/Services.tsx:50,double,تحسين الأداء وتجربة المستخدم,Performance and User Experience Optimization,i18n-public-ui,Proposed English copy for bilingual implementation; review brand/proper-name spelling before production.
SMART-I18N-0358,frontend_public_static,frontend/src/components/Services.tsx:58,double,التسويق الرقمي,Digital Marketing,i18n-public-ui,Proposed English copy for bilingual implementation; review brand/proper-name spelling before production.
SMART-I18N-0359,frontend_public_static,frontend/src/components/Services.tsx:60,double,استراتيجيات تسويق رقمية متكاملة لزيادة الظهور وجذب العملاء وتحقيق النمو,"Integrated digital marketing strategies to increase visibility, attract customers, and drive growth",i18n-public-ui,Proposed English copy for bilingual implementation; review brand/proper-name spelling before production.
SMART-I18N-0360,frontend_public_static,frontend/src/components/Services.tsx:64,double,تحسين محركات البحث SEO,Search Engine Optimization (SEO),i18n-public-ui,Proposed English copy for bilingual implementation; review brand/proper-name spelling before production.
SMART-I18N-0361,frontend_public_static,frontend/src/components/Services.tsx:65,double,إدارة حملات الإعلانات المدفوعة,Paid Advertising Campaign Management,i18n-public-ui,Proposed English copy for bilingual implementation; review brand/proper-name spelling before production.
SMART-I18N-0362,frontend_public_static,frontend/src/components/Services.tsx:66,double,تحليلات وتقارير الأداء,Performance Analytics and Reporting,i18n-public-ui,Proposed English copy for bilingual implementation; review brand/proper-name spelling before production.
SMART-I18N-0363,frontend_public_static,frontend/src/components/Services.tsx:74,double,الاستشارات التقنية,Technical Consulting,i18n-public-ui,Proposed English copy for bilingual implementation; review brand/proper-name spelling before production.
SMART-I18N-0364,frontend_public_static,frontend/src/components/Services.tsx:76,double,نقدم لك الخبرة التقنية اللازمة لتحويل فكرتك إلى مشروع ناجح ومستدام,"We provide the technical expertise needed to turn your idea into a successful, sustainable project",i18n-public-ui,Proposed English copy for bilingual implementation; review brand/proper-name spelling before production.
SMART-I18N-0365,frontend_public_static,frontend/src/components/Services.tsx:80,double,تحليل المتطلبات وتخطيط المشاريع,Requirements Analysis and Project Planning,i18n-public-ui,Proposed English copy for bilingual implementation; review brand/proper-name spelling before production.
SMART-I18N-0366,frontend_public_static,frontend/src/components/Services.tsx:81,double,تقييم البنية التحتية التقنية,Technical Infrastructure Assessment,i18n-public-ui,Proposed English copy for bilingual implementation; review brand/proper-name spelling before production.
SMART-I18N-0367,frontend_public_static,frontend/src/components/Services.tsx:82,double,وضع خارطة طريق رقمية,Digital Roadmap Development,i18n-public-ui,Proposed English copy for bilingual implementation; review brand/proper-name spelling before production.
SMART-I18N-0368,frontend_public_static,frontend/src/components/Services.tsx:90,double,تصميم وتطوير مواقع الويب,Web Design and Development,i18n-public-ui,Proposed English copy for bilingual implementation; review brand/proper-name spelling before production.
SMART-I18N-0369,frontend_public_static,frontend/src/components/Services.tsx:92,double,مواقع احترافية سريعة، متجاوبة، ومحسنة لتجربة المستخدم ومحركات البحث,"Professional, fast, responsive websites optimized for user experience and search engines",i18n-public-ui,Proposed English copy for bilingual implementation; review brand/proper-name spelling before production.
SMART-I18N-0370,frontend_public_static,frontend/src/components/Services.tsx:96,double,مواقع سريعة ومتجاوبة,Fast and Responsive Websites,i18n-public-ui,Proposed English copy for bilingual implementation; review brand/proper-name spelling before production.
SMART-I18N-0371,frontend_public_static,frontend/src/components/Services.tsx:97,double,تصميم واجهات مخصصة,Custom Interface Design,i18n-public-ui,Proposed English copy for bilingual implementation; review brand/proper-name spelling before production.
SMART-I18N-0372,frontend_public_static,frontend/src/components/Services.tsx:98,double,تحسين SEO وأمان الموقع,SEO and Website Security Optimization,i18n-public-ui,Proposed English copy for bilingual implementation; review brand/proper-name spelling before production.
SMART-I18N-0373,frontend_public_static,frontend/src/components/Services.tsx:106,double,تصميم الهوية البصرية,Visual Identity Design,i18n-public-ui,Proposed English copy for bilingual implementation; review brand/proper-name spelling before production.
SMART-I18N-0374,frontend_public_static,frontend/src/components/Services.tsx:108,double,نبني هوية بصرية قوية تعكس قيم علامتك وتتميز بك في السوق,We build a strong visual identity that reflects your brand values and helps you stand out in the market,i18n-public-ui,Proposed English copy for bilingual implementation; review brand/proper-name spelling before production.
SMART-I18N-0375,frontend_public_static,frontend/src/components/Services.tsx:112,double,تصميم الشعارات والهوية البصرية,Logo and Visual Identity Design,i18n-public-ui,Proposed English copy for bilingual implementation; review brand/proper-name spelling before production.
SMART-I18N-0376,frontend_public_static,frontend/src/components/Services.tsx:113,double,دليل الهوية البصرية,Brand Guidelines,i18n-public-ui,Proposed English copy for bilingual implementation; review brand/proper-name spelling before production.
SMART-I18N-0377,frontend_public_static,frontend/src/components/Services.tsx:114,double,تصميم مواد تسويقية,Marketing Collateral Design,i18n-public-ui,Proposed English copy for bilingual implementation; review brand/proper-name spelling before production.
SMART-I18N-0378,frontend_public_static,frontend/src/components/Services.tsx:122,double,الأنظمة ولوحات التحكم,Systems and Dashboards,i18n-public-ui,Proposed English copy for bilingual implementation; review brand/proper-name spelling before production.
SMART-I18N-0379,frontend_public_static,frontend/src/components/Services.tsx:124,double,أنظمة مخصصة ولوحات تحكم ذكية لإدارة العمليات واتخاذ قرارات أدق,Custom systems and smart dashboards for managing operations and making better decisions,i18n-public-ui,Proposed English copy for bilingual implementation; review brand/proper-name spelling before production.
SMART-I18N-0380,frontend_public_static,frontend/src/components/Services.tsx:128,double,لوحات تحكم مخصصة,Custom Dashboards,i18n-public-ui,Proposed English copy for bilingual implementation; review brand/proper-name spelling before production.
SMART-I18N-0381,frontend_public_static,frontend/src/components/Services.tsx:129,double,أنظمة إدارة المحتوى,Content Management Systems,i18n-public-ui,Proposed English copy for bilingual implementation; review brand/proper-name spelling before production.
SMART-I18N-0382,frontend_public_static,frontend/src/components/Services.tsx:130,double,تقارير ورسوم بيانية تفاعلية,Interactive Reports and Charts,i18n-public-ui,Proposed English copy for bilingual implementation; review brand/proper-name spelling before production.
SMART-I18N-0383,frontend_public_static,frontend/src/components/Services.tsx:162,double,تعذر تحميل الخدمات من الخادم,Failed to load services from the server,i18n-public-ui,Proposed English copy for bilingual implementation; review brand/proper-name spelling before production.
SMART-I18N-0384,frontend_public_static,frontend/src/components/Services.tsx:186,double,لا توجد خدمات متاحة,No services available,i18n-public-ui,Proposed English copy for bilingual implementation; review brand/proper-name spelling before production.
SMART-I18N-0385,frontend_public_static,frontend/src/components/Services.tsx:187,double,لم نتمكن من تحميل الخدمات,We couldn’t load the services,i18n-public-ui,Proposed English copy for bilingual implementation; review brand/proper-name spelling before production.
SMART-I18N-0386,frontend_public_static,frontend/src/components/Services.tsx:222,jsx,تصنع النمو,that drive growth,i18n-public-ui,Proposed English copy for bilingual implementation; review brand/proper-name spelling before production.
SMART-I18N-0387,frontend_public_static,frontend/src/components/Team.tsx:91,double,فشل تحميل أعضاء الفريق. يرجى المحاولة مرة أخرى.,Failed to load team members. Please try again.,i18n-public-ui,Proposed English copy for bilingual implementation; review brand/proper-name spelling before production.
SMART-I18N-0388,frontend_public_static,frontend/src/components/TeamMemberDialog.tsx:42 | frontend/src/components/team/TeamProfileDrawer.tsx:45,jsx,تفاصيل العضو,Member Details,i18n-public-ui,Proposed English copy for bilingual implementation; review brand/proper-name spelling before production.
SMART-I18N-0389,frontend_public_static,frontend/src/components/Technologies.tsx:39 | frontend/src/components/Technologies.tsx:335,double,هندسة الأنظمة,System Engineering,i18n-public-ui,Proposed English copy for bilingual implementation; review brand/proper-name spelling before production.
SMART-I18N-0390,frontend_public_static,frontend/src/components/Technologies.tsx:42,double,نصمم ونبني أنظمة خلفية قوية وواجهات برمجية منظمة قابلة للتوسع، مع التركيز على الأداء، الأمان، وسهولة الصيانة.,"We design and build robust backend systems and well-structured, scalable APIs, with a focus on performance, security, and maintainability.",i18n-public-ui,Proposed English copy for bilingual implementation; review brand/proper-name spelling before production.
SMART-I18N-0391,frontend_public_static,frontend/src/components/Technologies.tsx:46 | frontend/src/components/Technologies.tsx:330,double,تجربة الواجهة,Frontend Experience,i18n-public-ui,Proposed English copy for bilingual implementation; review brand/proper-name spelling before production.
SMART-I18N-0392,frontend_public_static,frontend/src/components/Technologies.tsx:49,double,نبني واجهات سريعة، متجاوبة، وأنيقة تمنح المستخدم تجربة واضحة وسلسة على مختلف الأجهزة.,"We build fast, responsive, elegant interfaces that deliver a clear and seamless experience across devices.",i18n-public-ui,Proposed English copy for bilingual implementation; review brand/proper-name spelling before production.
SMART-I18N-0393,frontend_public_static,frontend/src/components/Technologies.tsx:53,double,إدارة البيانات,Data Management,i18n-public-ui,Proposed English copy for bilingual implementation; review brand/proper-name spelling before production.
SMART-I18N-0394,frontend_public_static,frontend/src/components/Technologies.tsx:56,double,ننظم البيانات بطريقة آمنة ومرنة تساعد المنتج على النمو، التحليل، والتكامل مع الخدمات الأخرى.,"We organize data securely and flexibly to support product growth, analytics, and integration with other services.",i18n-public-ui,Proposed English copy for bilingual implementation; review brand/proper-name spelling before production.
SMART-I18N-0395,frontend_public_static,frontend/src/components/Technologies.tsx:60 | frontend/src/components/team/team-utils.ts:6,double,تطبيقات الجوال,Mobile Applications,i18n-public-ui,Proposed English copy for bilingual implementation; review brand/proper-name spelling before production.
SMART-I18N-0396,frontend_public_static,frontend/src/components/Technologies.tsx:63,double,نطوّر تطبيقات جوال عملية وسلسة تدعم تجربة المستخدم وتتكامل مع أنظمة المنتج الأساسية.,"We develop practical, smooth mobile applications that enhance the user experience and integrate with core product systems.",i18n-public-ui,Proposed English copy for bilingual implementation; review brand/proper-name spelling before production.
SMART-I18N-0397,frontend_public_static,frontend/src/components/Technologies.tsx:67 | frontend/src/components/Technologies.tsx:340,double,التشغيل والنشر,Operations and Deployment,i18n-public-ui,Proposed English copy for bilingual implementation; review brand/proper-name spelling before production.
SMART-I18N-0398,frontend_public_static,frontend/src/components/Technologies.tsx:70,double,نضمن نشرًا مستقرًا، مراقبة مستمرة، وبيئة تشغيل تساعد على استقرار المنتج واستمراره.,"We ensure stable deployment, continuous monitoring, and a reliable operating environment that keeps your product running smoothly.",i18n-public-ui,Proposed English copy for bilingual implementation; review brand/proper-name spelling before production.
SMART-I18N-0399,frontend_public_static,frontend/src/components/Technologies.tsx:74 | frontend/src/components/Technologies.tsx:345,double,الذكاء والأتمتة,Intelligence and Automation,i18n-public-ui,Proposed English copy for bilingual implementation; review brand/proper-name spelling before production.
SMART-I18N-0400,frontend_public_static,frontend/src/components/Technologies.tsx:77,double,نستخدم الأتمتة والذكاء الاصطناعي لتقليل العمل اليدوي، ربط الأنظمة، وتحسين كفاءة التشغيل.,"We use automation and AI to reduce manual work, connect systems, and improve operational efficiency.",i18n-public-ui,Proposed English copy for bilingual implementation; review brand/proper-name spelling before production.
SMART-I18N-0401,frontend_public_static,frontend/src/components/Technologies.tsx:81,double,الذكاء الاصطناعي,Artificial Intelligence,i18n-public-ui,Proposed English copy for bilingual implementation; review brand/proper-name spelling before production.
SMART-I18N-0402,frontend_public_static,frontend/src/components/Technologies.tsx:84,double,نربط المنتجات بحلول ذكاء اصطناعي عملية تساعد في البحث، التحليل، الدعم، وأتمتة العمليات.,"We integrate products with practical AI solutions for search, analysis, support, and process automation.",i18n-public-ui,Proposed English copy for bilingual implementation; review brand/proper-name spelling before production.
SMART-I18N-0403,frontend_public_static,frontend/src/components/Technologies.tsx:88,double,تقنيات مساعدة,Supporting Technologies,i18n-public-ui,Proposed English copy for bilingual implementation; review brand/proper-name spelling before production.
SMART-I18N-0404,frontend_public_static,frontend/src/components/Technologies.tsx:91,double,تقنيات وأدوات داعمة نستخدمها حسب احتياج كل منتج لضمان تجربة أفضل واستقرار أعلى.,Supporting technologies and tools selected for each product’s needs to ensure a better experience and greater reliability.,i18n-public-ui,Proposed English copy for bilingual implementation; review brand/proper-name spelling before production.
SMART-I18N-0405,frontend_public_static,frontend/src/components/Technologies.tsx:143,jsx,تقنية,Technology,i18n-public-ui,Proposed English copy for bilingual implementation; review brand/proper-name spelling before production.
SMART-I18N-0406,frontend_public_static,frontend/src/components/Technologies.tsx:148,jsx,طبقات تقنية,Technology Layers,i18n-public-ui,Proposed English copy for bilingual implementation; review brand/proper-name spelling before production.
SMART-I18N-0407,frontend_public_static,frontend/src/components/Technologies.tsx:156,jsx,منظومة عمل متكاملة,Integrated Technology Ecosystem,i18n-public-ui,Proposed English copy for bilingual implementation; review brand/proper-name spelling before production.
SMART-I18N-0408,frontend_public_static,frontend/src/components/Technologies.tsx:241,double,هيكلة نظيفة,Clean Architecture,i18n-public-ui,Proposed English copy for bilingual implementation; review brand/proper-name spelling before production.
SMART-I18N-0409,frontend_public_static,frontend/src/components/Technologies.tsx:242,double,قابلية توسع,Scalability,i18n-public-ui,Proposed English copy for bilingual implementation; review brand/proper-name spelling before production.
SMART-I18N-0410,frontend_public_static,frontend/src/components/Technologies.tsx:243,double,أمان متقدم,Advanced Security,i18n-public-ui,Proposed English copy for bilingual implementation; review brand/proper-name spelling before production.
SMART-I18N-0411,frontend_public_static,frontend/src/components/Technologies.tsx:331,double,نصمم واجهات سريعة، متجاوبة، وتقدم أفضل تجربة للمستخدم.,"We design fast, responsive interfaces that deliver the best possible user experience.",i18n-public-ui,Proposed English copy for bilingual implementation; review brand/proper-name spelling before production.
SMART-I18N-0412,frontend_public_static,frontend/src/components/Technologies.tsx:336,double,نبني أنظمة خلفية قوية وقابلة للتوسع تدعم نمو منتجاتك.,"We build robust, scalable backend systems that support your product’s growth.",i18n-public-ui,Proposed English copy for bilingual implementation; review brand/proper-name spelling before production.
SMART-I18N-0413,frontend_public_static,frontend/src/components/Technologies.tsx:341,double,نضمن نشرًا مستقرًا، مراقبة مستمرة، ونسخًا احتياطيًا يحافظ على استمرارية خدماتك.,"We ensure stable deployment, continuous monitoring, and backups that maintain service continuity.",i18n-public-ui,Proposed English copy for bilingual implementation; review brand/proper-name spelling before production.
SMART-I18N-0414,frontend_public_static,frontend/src/components/Technologies.tsx:346,double,نستخدم الذكاء الاصطناعي والأتمتة لزيادة الكفاءة وتقليل العمل اليدوي.,We use AI and automation to increase efficiency and reduce manual work.,i18n-public-ui,Proposed English copy for bilingual implementation; review brand/proper-name spelling before production.
SMART-I18N-0415,frontend_public_static,frontend/src/components/Technologies.tsx:402,double,فشل تحميل التقنيات. يرجى المحاولة مرة أخرى.,Failed to load technologies. Please try again.,i18n-public-ui,Proposed English copy for bilingual implementation; review brand/proper-name spelling before production.
SMART-I18N-0416,frontend_public_static,frontend/src/components/Technologies.tsx:441,jsx,جاري تحميل التقنيات...,Loading technologies...,i18n-public-ui,Proposed English copy for bilingual implementation; review brand/proper-name spelling before production.
SMART-I18N-0417,frontend_public_static,frontend/src/components/Testimonials.tsx:53,jsx,نتائج حقيقية,Real Results,i18n-public-ui,Proposed English copy for bilingual implementation; review brand/proper-name spelling before production.
SMART-I18N-0418,frontend_public_static,frontend/src/components/Testimonials.tsx:90 | frontend/src/components/Testimonials.tsx:157,double,شعار الشركة,Company Logo,i18n-public-ui,Proposed English copy for bilingual implementation; review brand/proper-name spelling before production.
SMART-I18N-0419,frontend_public_static,frontend/src/components/Testimonials.tsx:104,jsx,ملخص المشروع,Project Summary,i18n-public-ui,Proposed English copy for bilingual implementation; review brand/proper-name spelling before production.
SMART-I18N-0420,frontend_public_static,frontend/src/components/Testimonials.tsx:109,jsx,تصميم وتجربة المستخدم,Design and User Experience,i18n-public-ui,Proposed English copy for bilingual implementation; review brand/proper-name spelling before production.
SMART-I18N-0421,frontend_public_static,frontend/src/components/Testimonials.tsx:113,jsx,تطوير موقع احترافي,Professional Website Development,i18n-public-ui,Proposed English copy for bilingual implementation; review brand/proper-name spelling before production.
SMART-I18N-0422,frontend_public_static,frontend/src/components/Testimonials.tsx:119,jsx,النتيجة,The Result,i18n-public-ui,Proposed English copy for bilingual implementation; review brand/proper-name spelling before production.
SMART-I18N-0423,frontend_public_static,frontend/src/components/Testimonials.tsx:121,jsx,تجربة رقمية أكثر وضوحًا واحترافية,A clearer and more professional digital experience,i18n-public-ui,Proposed English copy for bilingual implementation; review brand/proper-name spelling before production.
SMART-I18N-0424,frontend_public_static,frontend/src/components/Testimonials.tsx:177,jsx,مشروع تم تسليمه بنجاح,Successfully Delivered Project,i18n-public-ui,Proposed English copy for bilingual implementation; review brand/proper-name spelling before production.
SMART-I18N-0425,frontend_public_static,frontend/src/components/Testimonials.tsx:181,jsx,متوسط التقييم من عملائنا,Average Client Rating,i18n-public-ui,Proposed English copy for bilingual implementation; review brand/proper-name spelling before production.
SMART-I18N-0426,frontend_public_static,frontend/src/components/Testimonials.tsx:185,jsx,قطاعات تنوع في الخبرات,Industries Representing Diverse Experience,i18n-public-ui,Proposed English copy for bilingual implementation; review brand/proper-name spelling before production.
SMART-I18N-0427,frontend_public_static,frontend/src/components/layout/FloatingSectionNav.tsx:6,double,الخدمات,Services,i18n-public-ui,Proposed English copy for bilingual implementation; review brand/proper-name spelling before production.
SMART-I18N-0428,frontend_public_static,frontend/src/components/layout/FloatingSectionNav.tsx:7,double,الأعمال,Work,i18n-public-ui,Proposed English copy for bilingual implementation; review brand/proper-name spelling before production.
SMART-I18N-0429,frontend_public_static,frontend/src/components/layout/FloatingSectionNav.tsx:8 | frontend/src/components/hero/HeroSectionNav.tsx:8,double,التقنيات,Technologies,i18n-public-ui,Proposed English copy for bilingual implementation; review brand/proper-name spelling before production.
SMART-I18N-0430,frontend_public_static,frontend/src/components/layout/FloatingSectionNav.tsx:9,double,العملاء,Clients,i18n-public-ui,Proposed English copy for bilingual implementation; review brand/proper-name spelling before production.
SMART-I18N-0431,frontend_public_static,frontend/src/components/layout/FloatingSectionNav.tsx:10,double,الباقات,Plans,i18n-public-ui,Proposed English copy for bilingual implementation; review brand/proper-name spelling before production.
SMART-I18N-0432,frontend_public_static,frontend/src/components/layout/FloatingSectionNav.tsx:11,double,تواصل,Contact,i18n-public-ui,Proposed English copy for bilingual implementation; review brand/proper-name spelling before production.
SMART-I18N-0433,frontend_public_static,frontend/src/components/ui/StateViews.tsx:71,single,حدث خطأ,An Error Occurred,i18n-public-ui,Proposed English copy for bilingual implementation; review brand/proper-name spelling before production.
SMART-I18N-0434,frontend_public_static,frontend/src/components/scroll-snap/ScrollSnapContainer.tsx:210,double,القسم الحالي,Current Section,i18n-public-ui,Proposed English copy for bilingual implementation; review brand/proper-name spelling before production.
SMART-I18N-0435,frontend_public_static,frontend/src/components/scroll-snap/ScrollSnapContainer.tsx:212,double,تمت زيارته,Visited,i18n-public-ui,Proposed English copy for bilingual implementation; review brand/proper-name spelling before production.
SMART-I18N-0436,frontend_public_static,frontend/src/components/blog/ArticleCTA.tsx:6,double,حوّل فكرتك إلى منتج رقمي واضح,Turn Your Idea into a Clear Digital Product,i18n-public-ui,Proposed English copy for bilingual implementation; review brand/proper-name spelling before production.
SMART-I18N-0437,frontend_public_static,frontend/src/components/blog/ArticleCTA.tsx:8,double,فريق Smart Agency يساعدك على التخطيط، التصميم، التطوير، والإطلاق بمنهج عملي ونتائج مضمونة.,"The Smart Agency team helps you plan, design, develop, and launch with a practical approach and reliable results.",i18n-public-ui,Proposed English copy for bilingual implementation; review brand/proper-name spelling before production.
SMART-I18N-0438,frontend_public_static,frontend/src/components/blog/ArticleHero.tsx:71,double,مشاركة المقال,Share Article,i18n-public-ui,Proposed English copy for bilingual implementation; review brand/proper-name spelling before production.
SMART-I18N-0439,frontend_public_static,frontend/src/components/blog/AuthorBox.tsx:26,double,فريق المنتجات الرقمية,Digital Products Team,i18n-public-ui,Proposed English copy for bilingual implementation; review brand/proper-name spelling before production.
SMART-I18N-0440,frontend_public_static,frontend/src/components/blog/AuthorBox.tsx:26,jsx,"{blog.authorRole || ""فريق المنتجات الرقمية""}","{blog.authorRole || ""Digital Products Team""}",i18n-public-ui,Proposed English copy for bilingual implementation; review brand/proper-name spelling before production.
SMART-I18N-0441,frontend_public_static,frontend/src/components/blog/BlogEmptyState.tsx:4,jsx,لا توجد مقالات مطابقة,No Matching Articles,i18n-public-ui,Proposed English copy for bilingual implementation; review brand/proper-name spelling before production.
SMART-I18N-0442,frontend_public_static,frontend/src/components/blog/BlogEmptyState.tsx:5,jsx,جرّب تغيير البحث أو الفلاتر الحالية.,Try changing your search or current filters.,i18n-public-ui,Proposed English copy for bilingual implementation; review brand/proper-name spelling before production.
SMART-I18N-0443,frontend_public_static,frontend/src/components/blog/BlogHero.tsx:32,double,ابحث في المقالات والأدلة...,Search articles and guides...,i18n-public-ui,Proposed English copy for bilingual implementation; review brand/proper-name spelling before production.
SMART-I18N-0444,frontend_public_static,frontend/src/components/blog/BlogInsightCard.tsx:42,double,رؤية عملية من فريق Smart Agency حول بناء منتجات رقمية أفضل.,Practical insights from the Smart Agency team on building better digital products.,i18n-public-ui,Proposed English copy for bilingual implementation; review brand/proper-name spelling before production.
SMART-I18N-0445,frontend_public_static,frontend/src/components/blog/BlogSidebar.tsx:29,jsx,وسوم شائعة,Popular Tags,i18n-public-ui,Proposed English copy for bilingual implementation; review brand/proper-name spelling before production.
SMART-I18N-0446,frontend_public_static,frontend/src/components/blog/BlogSidebar.tsx:48,jsx,هل لديك فكرة منتج؟,Do you have a product idea?,i18n-public-ui,Proposed English copy for bilingual implementation; review brand/proper-name spelling before production.
SMART-I18N-0447,frontend_public_static,frontend/src/components/blog/CategoryTabs.tsx:12 | frontend/src/components/projects/ProjectsShowcase.tsx:32 | frontend/src/components/projects/ProjectsShowcase.tsx:54 | frontend/src/components/projects/ProjectsShowcase.tsx:64,double,الكل,All,i18n-public-ui,Proposed English copy for bilingual implementation; review brand/proper-name spelling before production.
SMART-I18N-0448,frontend_public_static,frontend/src/components/blog/FeaturedArticle.tsx:10,jsx,المقال المميز,Featured Article,i18n-public-ui,Proposed English copy for bilingual implementation; review brand/proper-name spelling before production.
SMART-I18N-0449,frontend_public_static,frontend/src/components/blog/RelatedArticles.tsx:15,jsx,مقالات ذات صلة,Related Articles,i18n-public-ui,Proposed English copy for bilingual implementation; review brand/proper-name spelling before production.
SMART-I18N-0450,frontend_public_static,frontend/src/components/blog/TableOfContents.tsx:45,jsx,في هذا المقال,In This Article,i18n-public-ui,Proposed English copy for bilingual implementation; review brand/proper-name spelling before production.
SMART-I18N-0451,frontend_public_static,frontend/src/components/blog/blogUtils.ts:4,double,مقال,Article,i18n-public-ui,Proposed English copy for bilingual implementation; review brand/proper-name spelling before production.
SMART-I18N-0452,frontend_public_static,frontend/src/components/blog/blogUtils.ts:5,double,دليل عملي,Practical Guide,i18n-public-ui,Proposed English copy for bilingual implementation; review brand/proper-name spelling before production.
SMART-I18N-0453,frontend_public_static,frontend/src/components/blog/blogUtils.ts:6,double,دراسة حالة,Case Study,i18n-public-ui,Proposed English copy for bilingual implementation; review brand/proper-name spelling before production.
SMART-I18N-0454,frontend_public_static,frontend/src/components/blog/blogUtils.ts:7,double,رؤية تقنية,Technical Insight,i18n-public-ui,Proposed English copy for bilingual implementation; review brand/proper-name spelling before production.
SMART-I18N-0455,frontend_public_static,frontend/src/components/blog/blogUtils.ts:8,double,خبر,News,i18n-public-ui,Proposed English copy for bilingual implementation; review brand/proper-name spelling before production.
SMART-I18N-0456,frontend_public_static,frontend/src/components/blog/blogUtils.ts:23 | frontend/src/components/blog/blogUtils.ts:25,double,فريق Smart Agency,Smart Agency Team,i18n-public-ui,Proposed English copy for bilingual implementation; review brand/proper-name spelling before production.
SMART-I18N-0457,frontend_public_static,frontend/src/components/about/AboutHero.tsx:30,double,الاستراتيجية والتخطيط,Strategy and Planning,i18n-public-ui,Proposed English copy for bilingual implementation; review brand/proper-name spelling before production.
SMART-I18N-0458,frontend_public_static,frontend/src/components/about/AboutHero.tsx:31,double,تصميم واجهات المستخدم UX/UI,UX/UI Design,i18n-public-ui,Proposed English copy for bilingual implementation; review brand/proper-name spelling before production.
SMART-I18N-0459,frontend_public_static,frontend/src/components/about/AboutHero.tsx:32,double,التطوير البرمجي المتقن,High-Quality Software Development,i18n-public-ui,Proposed English copy for bilingual implementation; review brand/proper-name spelling before production.
SMART-I18N-0460,frontend_public_static,frontend/src/components/about/AboutHero.tsx:33,double,الإطلاق والتشغيل الآمن,Secure Launch and Operations,i18n-public-ui,Proposed English copy for bilingual implementation; review brand/proper-name spelling before production.
SMART-I18N-0461,frontend_public_static,frontend/src/components/about/AboutHero.tsx:34,double,النمو والتحسين المستمر,Growth and Continuous Improvement,i18n-public-ui,Proposed English copy for bilingual implementation; review brand/proper-name spelling before production.
SMART-I18N-0462,frontend_public_static,frontend/src/components/about/AboutHero.tsx:66,double,نصنع المستقبل الرقمي,Building the Digital Future,i18n-public-ui,Proposed English copy for bilingual implementation; review brand/proper-name spelling before production.
SMART-I18N-0463,frontend_public_static,frontend/src/components/about/AboutProcess.tsx:94,jsx,المخرج النهائي:,Final Deliverable:,i18n-public-ui,Proposed English copy for bilingual implementation; review brand/proper-name spelling before production.
SMART-I18N-0464,frontend_public_static,frontend/src/components/about/AboutValues.tsx:83,jsx,قيمنا الجوهرية,Our Core Values,i18n-public-ui,Proposed English copy for bilingual implementation; review brand/proper-name spelling before production.
SMART-I18N-0465,frontend_public_static,frontend/src/components/about/AboutValues.tsx:88,jsx,المبادئ التي,The Principles That,i18n-public-ui,Proposed English copy for bilingual implementation; review brand/proper-name spelling before production.
SMART-I18N-0466,frontend_public_static,frontend/src/components/about/AboutValues.tsx:247,jsx,قيمة أساسية,Core Value,i18n-public-ui,Proposed English copy for bilingual implementation; review brand/proper-name spelling before production.
SMART-I18N-0467,frontend_public_static,frontend/src/components/team/FeaturedTeamMember.tsx:75,jsx,المهارات الأساسية,Core Skills,i18n-public-ui,Proposed English copy for bilingual implementation; review brand/proper-name spelling before production.
SMART-I18N-0468,frontend_public_static,frontend/src/components/team/FeaturedTeamMember.tsx:92,jsx,مشروع مكتمل,Completed Project,i18n-public-ui,Proposed English copy for bilingual implementation; review brand/proper-name spelling before production.
SMART-I18N-0469,frontend_public_static,frontend/src/components/team/FeaturedTeamMember.tsx:118,double,عرض الملف المهني,View Professional Profile,i18n-public-ui,Proposed English copy for bilingual implementation; review brand/proper-name spelling before production.
SMART-I18N-0470,frontend_public_static,frontend/src/components/team/FeaturedTeamMember.tsx:120,jsx,عرض الملف,View Profile,i18n-public-ui,Proposed English copy for bilingual implementation; review brand/proper-name spelling before production.
SMART-I18N-0471,frontend_public_static,frontend/src/components/team/TeamProfileDrawer.tsx:44,jsx,الملف المهني,Professional Profile,i18n-public-ui,Proposed English copy for bilingual implementation; review brand/proper-name spelling before production.
SMART-I18N-0472,frontend_public_static,frontend/src/components/team/TeamProfileDrawer.tsx:101,jsx,منذ {new Date(member.joinedAt).getFullYear()},Since {new Date(member.joinedAt).getFullYear()},i18n-public-ui,Proposed English copy for bilingual implementation; review brand/proper-name spelling before production.
SMART-I18N-0473,frontend_public_static,frontend/src/components/team/TeamSectionHeader.tsx:21,jsx,تجربة رقمية ناجحة,A Successful Digital Experience,i18n-public-ui,Proposed English copy for bilingual implementation; review brand/proper-name spelling before production.
SMART-I18N-0474,frontend_public_static,frontend/src/components/team/TeamStats.tsx:15 | frontend/src/components/projects/ProjectsShowcase.tsx:123,double,مشروع,Project,i18n-public-ui,Proposed English copy for bilingual implementation; review brand/proper-name spelling before production.
SMART-I18N-0475,frontend_public_static,frontend/src/components/team/TeamStats.tsx:20,double,تخصصات,Specializations,i18n-public-ui,Proposed English copy for bilingual implementation; review brand/proper-name spelling before production.
SMART-I18N-0476,frontend_public_static,frontend/src/components/team/TeamStats.tsx:25,double,من الفكرة إلى الإطلاق,From Idea to Launch,i18n-public-ui,Proposed English copy for bilingual implementation; review brand/proper-name spelling before production.
SMART-I18N-0477,frontend_public_static,frontend/src/components/team/team-utils.ts:3,double,الإدارة,Management,i18n-public-ui,Proposed English copy for bilingual implementation; review brand/proper-name spelling before production.
SMART-I18N-0478,frontend_public_static,frontend/src/components/team/team-utils.ts:4,double,تطوير الخلفية,Backend Development,i18n-public-ui,Proposed English copy for bilingual implementation; review brand/proper-name spelling before production.
SMART-I18N-0479,frontend_public_static,frontend/src/components/team/team-utils.ts:5,double,تطوير الواجهات,Frontend Development,i18n-public-ui,Proposed English copy for bilingual implementation; review brand/proper-name spelling before production.
SMART-I18N-0480,frontend_public_static,frontend/src/components/team/team-utils.ts:7,double,البنية والتشغيل,Infrastructure and Operations,i18n-public-ui,Proposed English copy for bilingual implementation; review brand/proper-name spelling before production.
SMART-I18N-0481,frontend_public_static,frontend/src/components/team/team-utils.ts:8,double,التصميم وتجربة المستخدم,Design and User Experience,i18n-public-ui,Proposed English copy for bilingual implementation; review brand/proper-name spelling before production.
SMART-I18N-0482,frontend_public_static,frontend/src/components/team/team-utils.ts:9,double,ضمان الجودة,Quality Assurance,i18n-public-ui,Proposed English copy for bilingual implementation; review brand/proper-name spelling before production.
SMART-I18N-0483,frontend_public_static,frontend/src/components/team/team-utils.ts:10,double,التسويق والنمو,Marketing and Growth,i18n-public-ui,Proposed English copy for bilingual implementation; review brand/proper-name spelling before production.
SMART-I18N-0484,frontend_public_static,frontend/src/components/team/team-utils.ts:11,double,الدعم الفني,Technical Support,i18n-public-ui,Proposed English copy for bilingual implementation; review brand/proper-name spelling before production.
SMART-I18N-0485,frontend_public_static,frontend/src/components/team/team-utils.ts:14,double,فريق سمارت,Smart Team,i18n-public-ui,Proposed English copy for bilingual implementation; review brand/proper-name spelling before production.
SMART-I18N-0486,frontend_public_static,frontend/src/components/projects/ProjectBentoGrid.tsx:26 | frontend/src/components/projects/ProjectEmptyState.tsx:12,double,لا توجد مشاريع في هذا التصنيف حالياً,There are currently no projects in this category,i18n-public-ui,Proposed English copy for bilingual implementation; review brand/proper-name spelling before production.
SMART-I18N-0487,frontend_public_static,frontend/src/components/projects/ProjectBentoGrid.tsx:27 | frontend/src/components/projects/ProjectEmptyState.tsx:13,double,نعمل على إضافة نماذج جديدة قريباً.,We’re working on adding new examples soon.,i18n-public-ui,Proposed English copy for bilingual implementation; review brand/proper-name spelling before production.
SMART-I18N-0488,frontend_public_static,frontend/src/components/projects/ProjectBentoGrid.tsx:28,double,عرض كل المشاريع,View All Projects,i18n-public-ui,Proposed English copy for bilingual implementation; review brand/proper-name spelling before production.
SMART-I18N-0489,frontend_public_static,frontend/src/components/projects/ProjectCard.tsx:148,double,فتح المشروع,Open Project,i18n-public-ui,Proposed English copy for bilingual implementation; review brand/proper-name spelling before production.
SMART-I18N-0490,frontend_public_static,frontend/src/components/projects/ProjectCard.tsx:156,double,عرض التفاصيل,View Details,i18n-public-ui,Proposed English copy for bilingual implementation; review brand/proper-name spelling before production.
SMART-I18N-0491,frontend_public_static,frontend/src/components/projects/ProjectsShowcase.tsx:93,double,فشل تحميل المشاريع. يرجى المحاولة مرة أخرى.,Failed to load projects. Please try again.,i18n-public-ui,Proposed English copy for bilingual implementation; review brand/proper-name spelling before production.
SMART-I18N-0492,frontend_public_static,frontend/src/components/projects/ProjectsShowcase.tsx:124,double,تصنيف ومجال,Category and Industry,i18n-public-ui,Proposed English copy for bilingual implementation; review brand/proper-name spelling before production.
SMART-I18N-0493,frontend_public_static,frontend/src/components/projects/ProjectsShowcase.tsx:174,jsx,جاري تحميل المشاريع...,Loading projects...,i18n-public-ui,Proposed English copy for bilingual implementation; review brand/proper-name spelling before production.
SMART-I18N-0494,frontend_public_static,frontend/src/components/projects/details/ProjectGallery.tsx:57,jsx,معرض اللقطات الفنية,Technical Screenshots Gallery,i18n-public-ui,Proposed English copy for bilingual implementation; review brand/proper-name spelling before production.
SMART-I18N-0495,frontend_public_static,frontend/src/components/projects/details/ProjectHero.tsx:26,jsx,العودة إلى المشاريع,Back to Projects,i18n-public-ui,Proposed English copy for bilingual implementation; review brand/proper-name spelling before production.
SMART-I18N-0496,frontend_public_static,frontend/src/components/projects/details/ProjectHero.tsx:114,jsx,زيارة موقع المشروع,Visit Project Website,i18n-public-ui,Proposed English copy for bilingual implementation; review brand/proper-name spelling before production.
SMART-I18N-0497,frontend_public_static,frontend/src/components/projects/details/ProjectOverview.tsx:45,jsx,التحدي,The Challenge,i18n-public-ui,Proposed English copy for bilingual implementation; review brand/proper-name spelling before production.
SMART-I18N-0498,frontend_public_static,frontend/src/components/projects/details/ProjectOverview.tsx:64,jsx,الحل البرمجي,The Software Solution,i18n-public-ui,Proposed English copy for bilingual implementation; review brand/proper-name spelling before production.
SMART-I18N-0499,frontend_public_static,frontend/src/components/projects/details/ProjectOverview.tsx:85,jsx,المزايا والمواصفات الأساسية,Key Features and Specifications,i18n-public-ui,Proposed English copy for bilingual implementation; review brand/proper-name spelling before production.
SMART-I18N-0500,frontend_public_static,frontend/src/components/projects/details/ProjectSidebar.tsx:51,jsx,بطاقة المشروع,Project Card,i18n-public-ui,Proposed English copy for bilingual implementation; review brand/proper-name spelling before production.
SMART-I18N-0501,frontend_public_static,frontend/src/components/projects/details/ProjectSidebar.tsx:115,jsx,التقنيات المستخدمة,Technologies Used,i18n-public-ui,Proposed English copy for bilingual implementation; review brand/proper-name spelling before production.
SMART-I18N-0502,frontend_public_static,frontend/src/components/projects/details/ProjectSidebar.tsx:142,jsx,لا توجد تقنيات محددة,No technologies specified,i18n-public-ui,Proposed English copy for bilingual implementation; review brand/proper-name spelling before production.
SMART-I18N-0503,frontend_public_static,frontend/src/components/projects/details/ProjectSidebar.tsx:158,jsx,هل تريد مشروعًا مشابهًا؟,Want a similar project?,i18n-public-ui,Proposed English copy for bilingual implementation; review brand/proper-name spelling before production.
SMART-I18N-0504,frontend_public_static,frontend/src/components/projects/details/ProjectSidebar.tsx:180,jsx,أعجبك المشروع؟,Like this project?,i18n-public-ui,Proposed English copy for bilingual implementation; review brand/proper-name spelling before production.
SMART-I18N-0505,frontend_public_static,frontend/src/components/projects/details/ProjectSidebar.tsx:186,jsx,احفظه للمراجعة,Save for Review,i18n-public-ui,Proposed English copy for bilingual implementation; review brand/proper-name spelling before production.
SMART-I18N-0506,frontend_public_static,frontend/src/components/projects/details/ProjectStats.tsx:93,jsx,أرقام وإنجازات المشروع,Project Metrics and Achievements,i18n-public-ui,Proposed English copy for bilingual implementation; review brand/proper-name spelling before production.
SMART-I18N-0507,frontend_public_static,frontend/src/components/projects/details/ProjectStats.tsx:131,jsx,النتائج المحققة للأعمال,Business Results Achieved,i18n-public-ui,Proposed English copy for bilingual implementation; review brand/proper-name spelling before production.
SMART-I18N-0508,frontend_public_static,frontend/src/components/projects/details/RelatedProjects.tsx:31,jsx,مشاريع مشابهة قد تهمك,Similar Projects You May Like,i18n-public-ui,Proposed English copy for bilingual implementation; review brand/proper-name spelling before production.
SMART-I18N-0509,frontend_public_static,frontend/src/components/projects/details/RelatedProjects.tsx:87,jsx,عرض تفاصيل المشروع,View Project Details,i18n-public-ui,Proposed English copy for bilingual implementation; review brand/proper-name spelling before production.
SMART-I18N-0510,frontend_public_static,frontend/src/components/hero/Hero.tsx:28,jsx,نبني,We Build,i18n-public-ui,Proposed English copy for bilingual implementation; review brand/proper-name spelling before production.
SMART-I18N-0511,frontend_public_static,frontend/src/components/hero/Hero.tsx:46,jsx,تساعد مشروعك,that help your business,i18n-public-ui,Proposed English copy for bilingual implementation; review brand/proper-name spelling before production.
SMART-I18N-0512,frontend_public_static,frontend/src/components/hero/Hero.tsx:47,jsx,على النمو,grow,i18n-public-ui,Proposed English copy for bilingual implementation; review brand/proper-name spelling before production.
SMART-I18N-0513,frontend_public_static,frontend/src/components/hero/Hero.tsx:82,jsx,شاهد أعمالنا,View Our Work,i18n-public-ui,Proposed English copy for bilingual implementation; review brand/proper-name spelling before production.
SMART-I18N-0514,frontend_public_static,frontend/src/components/hero/HeroDashboard.tsx:14,double,تحليل المتطلبات,Requirements Analysis,i18n-public-ui,Proposed English copy for bilingual implementation; review brand/proper-name spelling before production.
SMART-I18N-0515,frontend_public_static,frontend/src/components/hero/HeroDashboard.tsx:15,double,تصميم/UX,Design / UX,i18n-public-ui,Proposed English copy for bilingual implementation; review brand/proper-name spelling before production.
SMART-I18N-0516,frontend_public_static,frontend/src/components/hero/HeroDashboard.tsx:16,double,التطوير,Development,i18n-public-ui,Proposed English copy for bilingual implementation; review brand/proper-name spelling before production.
SMART-I18N-0517,frontend_public_static,frontend/src/components/hero/HeroDashboard.tsx:17,double,الاختبار,Testing,i18n-public-ui,Proposed English copy for bilingual implementation; review brand/proper-name spelling before production.
SMART-I18N-0518,frontend_public_static,frontend/src/components/hero/HeroDashboard.tsx:18,double,جاهز للإطلاق,Ready to Launch,i18n-public-ui,Proposed English copy for bilingual implementation; review brand/proper-name spelling before production.
SMART-I18N-0519,frontend_public_static,frontend/src/components/hero/HeroDashboard.tsx:22,double,الأداء,Performance,i18n-public-ui,Proposed English copy for bilingual implementation; review brand/proper-name spelling before production.
SMART-I18N-0520,frontend_public_static,frontend/src/components/hero/HeroDashboard.tsx:22,double,سرعة واستجابة,Speed and Responsiveness,i18n-public-ui,Proposed English copy for bilingual implementation; review brand/proper-name spelling before production.
SMART-I18N-0521,frontend_public_static,frontend/src/components/hero/HeroDashboard.tsx:23,double,الاستقرار,Stability,i18n-public-ui,Proposed English copy for bilingual implementation; review brand/proper-name spelling before production.
SMART-I18N-0522,frontend_public_static,frontend/src/components/hero/HeroDashboard.tsx:23,double,جاهزية النظام,System Readiness,i18n-public-ui,Proposed English copy for bilingual implementation; review brand/proper-name spelling before production.
SMART-I18N-0523,frontend_public_static,frontend/src/components/hero/HeroDashboard.tsx:24,double,الأمان,Security,i18n-public-ui,Proposed English copy for bilingual implementation; review brand/proper-name spelling before production.
SMART-I18N-0524,frontend_public_static,frontend/src/components/hero/HeroDashboard.tsx:24,double,حماية البيانات,Data Protection,i18n-public-ui,Proposed English copy for bilingual implementation; review brand/proper-name spelling before production.
SMART-I18N-0525,frontend_public_static,frontend/src/components/hero/HeroDashboard.tsx:166,jsx,المهام المكتملة,Completed Tasks,i18n-public-ui,Proposed English copy for bilingual implementation; review brand/proper-name spelling before production.
SMART-I18N-0526,frontend_public_static,frontend/src/components/hero/HeroDashboard.tsx:195,jsx,اختبار نهائي,Final Testing,i18n-public-ui,Proposed English copy for bilingual implementation; review brand/proper-name spelling before production.
SMART-I18N-0527,frontend_public_static,frontend/src/components/hero/HeroDashboard.tsx:262,jsx,كود نظيف ومنظم,Clean and Organized Code,i18n-public-ui,Proposed English copy for bilingual implementation; review brand/proper-name spelling before production.
SMART-I18N-0528,frontend_public_static,frontend/src/components/hero/HeroValueBadges.tsx:6,double,تصميم UX/UI,UX/UI Design,i18n-public-ui,Proposed English copy for bilingual implementation; review brand/proper-name spelling before production.
SMART-I18N-0529,frontend_public_static,frontend/src/components/hero/HeroValueBadges.tsx:7,double,تجربة رقمية مميزة,Outstanding Digital Experience,i18n-public-ui,Proposed English copy for bilingual implementation; review brand/proper-name spelling before production.
SMART-I18N-0530,frontend_public_static,frontend/src/components/hero/HeroValueBadges.tsx:11,double,تطوير Web & Mobile,Web & Mobile Development,i18n-public-ui,Proposed English copy for bilingual implementation; review brand/proper-name spelling before production.
SMART-I18N-0531,frontend_public_static,frontend/src/components/hero/HeroValueBadges.tsx:12,double,تطبيقات سريعة ومتجاوبة,Fast and Responsive Applications,i18n-public-ui,Proposed English copy for bilingual implementation; review brand/proper-name spelling before production.
SMART-I18N-0532,frontend_public_static,frontend/src/components/hero/HeroValueBadges.tsx:16,double,بنية قابلة للتوسع,Scalable Architecture,i18n-public-ui,Proposed English copy for bilingual implementation; review brand/proper-name spelling before production.
SMART-I18N-0533,frontend_public_static,frontend/src/components/hero/HeroValueBadges.tsx:17,double,جاهزة للنمو والتوسع,Ready for Growth and Expansion,i18n-public-ui,Proposed English copy for bilingual implementation; review brand/proper-name spelling before production.
SMART-I18N-1221,frontend_public_static,frontend/src/services/newsletter.service.ts:32,double,هذا البريد الإلكتروني مشترك بالفعل في النشرة البريدية,This email address is already subscribed to the newsletter,i18n-public-ui,Proposed English copy for bilingual implementation; review brand/proper-name spelling before production.
SMART-I18N-1222,frontend_public_static,frontend/src/services/newsletter.service.ts:36,double,يرجى إدخال بريد إلكتروني صحيح,Please enter a valid email address,i18n-public-ui,Proposed English copy for bilingual implementation; review brand/proper-name spelling before production.
SMART-I18N-1223,frontend_public_static,frontend/src/services/newsletter.service.ts:39,double,حدث خطأ أثناء الاشتراك. يرجى المحاولة مرة أخرى,An error occurred while subscribing. Please try again,i18n-public-ui,Proposed English copy for bilingual implementation; review brand/proper-name spelling before production.
SMART-I18N-1224,frontend_public_static,frontend/src/services/newsletter.service.ts:55,double,هذا البريد الإلكتروني غير موجود في قائمتنا,This email address is not on our list,i18n-public-ui,Proposed English copy for bilingual implementation; review brand/proper-name spelling before production.
SMART-I18N-1225,frontend_public_static,frontend/src/services/newsletter.service.ts:57,double,حدث خطأ أثناء إلغاء الاشتراك. يرجى المحاولة مرة أخرى,An error occurred while unsubscribing. Please try again,i18n-public-ui,Proposed English copy for bilingual implementation; review brand/proper-name spelling before production.
SMART-I18N-1226,frontend_public_static,frontend/src/lib/constants.ts:2,double,حلول رقمية متقدمة لتطوير مشاريعك.,Advanced digital solutions to grow your projects.,i18n-public-ui,Proposed English copy for bilingual implementation; review brand/proper-name spelling before production.
